HIERARCHY
ROOT joint_0
{
	OFFSET -212.520721 120.562408 434.227997
	CHANNELS 6 Xposition Yposition Zposition Zrotation Yrotation Xrotation 
	JOINT joint_1
	{
		OFFSET -0.259635 -29.370764 -7.040390
		CHANNELS 3 Zrotation Yrotation Xrotation
		JOINT joint_2
		{
			OFFSET 0.103584 1.856229 10.547143
			CHANNELS 3 Zrotation Yrotation Xrotation
			JOINT joint_3
			{
				OFFSET 43.438629 -0.000027 -0.000008
				CHANNELS 3 Zrotation Yrotation Xrotation
				JOINT joint_4
				{
					OFFSET 42.290081 0.000007 -0.000009
					CHANNELS 3 Zrotation Yrotation Xrotation
					JOINT joint_5
					{
						OFFSET 17.317598 -0.000002 -0.000001
						CHANNELS 3 Zrotation Yrotation Xrotation
						End Site
						{
							OFFSET 0.000000 0.000000 0.000000
						}
					}
				}
			}
		}
		JOINT joint_6
		{
			OFFSET 0.103606 1.856078 -10.547150
			CHANNELS 3 Zrotation Yrotation Xrotation
			JOINT joint_7
			{
				OFFSET 43.450745 -0.000024 0.000009
				CHANNELS 3 Zrotation Yrotation Xrotation
				JOINT joint_8
				{
					OFFSET 42.296028 0.000008 0.000009
					CHANNELS 3 Zrotation Yrotation Xrotation
					JOINT joint_9
					{
						OFFSET 17.320156 -0.000002 0.000002
						CHANNELS 3 Zrotation Yrotation Xrotation
						End Site
						{
							OFFSET 0.000000 0.000000 0.000000
						}
					}
				}
			}
		}
		JOINT joint_10
		{
			OFFSET 6.902067 -2.607064 -0.000000
			CHANNELS 3 Zrotation Yrotation Xrotation
			JOINT joint_11
			{
				OFFSET 12.585402 0.000006 0.000001
				CHANNELS 3 Zrotation Yrotation Xrotation
				JOINT joint_12
				{
					OFFSET 12.328373 -0.000004 -0.000000
					CHANNELS 3 Zrotation Yrotation Xrotation
					JOINT joint_13
					{
						OFFSET 25.816742 -0.000002 -0.000001
						CHANNELS 3 Zrotation Yrotation Xrotation
						JOINT joint_14
						{
							OFFSET 11.746256 0.000001 -0.000000
							CHANNELS 3 Zrotation Yrotation Xrotation
							End Site
							{
								OFFSET 0.000000 0.000000 0.000000
							}
						}
					}
					JOINT joint_15
					{
						OFFSET 19.732920 -1.479941 6.001546
						CHANNELS 3 Zrotation Yrotation Xrotation
						JOINT joint_16
						{
							OFFSET 11.302776 -0.000014 -0.000002
							CHANNELS 3 Zrotation Yrotation Xrotation
							JOINT joint_17
							{
								OFFSET 32.960747 0.000012 0.000011
								CHANNELS 3 Zrotation Yrotation Xrotation
								JOINT joint_18
								{
									OFFSET 25.215895 0.000080 -0.000198
									CHANNELS 3 Zrotation Yrotation Xrotation
									End Site
									{
										OFFSET 0.000000 0.000000 0.000000
									}
								}
							}
						}
					}
					JOINT joint_19
					{
						OFFSET 19.728712 -1.479918 -6.001591
						CHANNELS 3 Zrotation Yrotation Xrotation
						JOINT joint_20
						{
							OFFSET 11.302378 -0.000012 0.000005
							CHANNELS 3 Zrotation Yrotation Xrotation
							JOINT joint_21
							{
								OFFSET 32.942463 0.000015 -0.000008
								CHANNELS 3 Zrotation Yrotation Xrotation
								JOINT joint_22
								{
									OFFSET 25.213564 0.000080 0.000206
									CHANNELS 3 Zrotation Yrotation Xrotation
									End Site
									{
										OFFSET 0.000000 0.000000 0.000000
									}
								}
							}
						}
					}
				}
			}
		}
	}
}
MOTION
Frames: 1000
Frame Time: 0.016667
-212.520721 120.562408 434.227997 0.000000 -8.332734 0.000000 89.076103 -8.400531 88.155769 170.012268 -4.753911 149.625961 -1.381452 3.691827 -59.368725 -5.312793 -0.266796 84.719040 0.000009 0.003100 21.480820 -172.375656 3.909640 147.864029 1.997675 -4.155672 -52.640568 4.535506 -0.708980 84.168053 -0.000009 -0.003101 21.483004 -0.144149 -0.188661 8.739172 0.032903 0.109011 7.298764 -0.440782 0.341008 7.321307 -1.722457 0.325249 6.488604 -1.112113 0.931430 -7.259096 -1.359458 -79.265923 -179.970276 20.957176 45.550945 -12.336223 0.853278 -12.642305 -52.594791 24.431633 -12.242814 3.850215 6.819788 78.045471 -174.446228 -17.287815 -44.209927 -11.960582 -0.443878 11.581827 -49.527534 -20.425316 13.466105 3.657640 
-212.819672 120.543900 435.591125 0.000000 -8.479640 0.000000 89.122192 -8.464076 88.112854 169.942810 -4.855375 149.943771 -1.302379 3.700161 -59.365345 -5.398009 -0.245922 84.679680 0.000009 0.003100 21.480806 -172.322693 3.896630 147.655624 1.879383 -4.126432 -52.620949 4.556568 -0.696812 84.065598 -0.000009 -0.003101 21.483107 -0.138449 -0.178048 8.722842 0.050666 0.089201 7.318546 -0.421593 0.309856 7.334462 -1.583173 0.275084 6.527709 -0.861199 0.883015 -7.359209 -1.281088 -79.279671 179.950546 20.851816 45.514816 -12.278478 0.948605 -12.698530 -52.866737 24.400192 -12.360655 3.777608 6.387699 78.061546 -174.889709 -17.635283 -44.091629 -11.634738 -0.456928 11.641438 -49.725372 -20.305143 13.462152 3.651540 
-213.131073 120.526382 436.976898 0.000000 -8.619189 0.000000 89.172249 -8.535918 88.103073 169.875656 -4.931827 150.260757 -1.249424 3.689660 -59.372604 -5.457410 -0.243608 84.626297 0.000009 0.003100 21.480810 -172.251343 3.876955 147.373672 1.819403 -4.079743 -52.554256 4.617458 -0.677223 83.982353 -0.000009 -0.003102 21.483156 -0.138267 -0.170308 8.714496 0.074332 0.066321 7.336968 -0.414512 0.279287 7.360697 -1.437621 0.213045 6.579012 -0.621259 0.901025 -7.489689 -1.125064 -79.281761 179.789322 20.775753 45.432972 -12.234918 1.075788 -12.753737 -53.159111 24.394581 -12.476484 3.688071 5.791669 78.046219 -175.499741 -17.964764 -43.948826 -11.318818 -0.509775 11.676217 -49.913960 -20.156183 13.405681 3.680201 
-213.453751 120.508919 438.387787 0.000000 -8.755301 0.000000 89.222038 -8.610531 88.066818 169.839783 -5.022381 150.484390 -1.193602 3.677008 -59.431599 -5.531942 -0.251019 84.577202 0.000009 0.003100 21.480742 -172.188141 3.850911 147.201248 1.736778 -4.034998 -52.510845 4.664475 -0.688376 83.878296 -0.000009 -0.003102 21.483137 -0.130616 -0.166397 8.708304 0.077914 0.053788 7.339986 -0.397461 0.242723 7.368701 -1.284869 0.157519 6.634443 -0.447150 0.887137 -7.613065 -1.048624 -79.288094 179.708099 20.754967 45.333706 -12.078894 1.163382 -12.798342 -53.374653 24.361874 -12.547055 3.622032 5.286514 78.067093 -176.013107 -18.301802 -43.820122 -11.043255 -0.530882 11.708014 -50.050915 -20.071985 13.409377 3.710608 
-213.785080 120.492241 439.821899 0.000000 -8.876673 0.000000 89.270493 -8.698538 88.044060 169.812653 -5.119669 150.758942 -1.167833 3.678027 -59.612862 -5.651452 -0.254945 84.501045 0.000009 0.003100 21.480604 -172.086700 3.790154 147.013153 1.632157 -4.000507 -52.461281 4.722410 -0.717108 83.737015 -0.000009 -0.003102 21.483126 -0.119473 -0.161480 8.702047 0.083313 0.037026 7.328279 -0.371592 0.203224 7.362824 -1.100963 0.111607 6.710766 -0.300124 0.846332 -7.781820 -1.044625 -79.290367 179.697525 20.752495 45.237736 -11.873782 1.237429 -12.837257 -53.625813 24.300982 -12.590242 3.537554 4.765197 78.106079 -176.545685 -18.647305 -43.709225 -10.773868 -0.549586 11.736515 -50.216888 -19.977339 13.467330 3.743875 
-214.125061 120.476089 441.283478 0.000000 -8.977302 0.000000 89.322891 -8.769988 88.083855 169.811539 -5.160859 151.043533 -1.170742 3.701603 -59.949249 -5.904263 -0.229569 84.384537 0.000009 0.003101 21.480480 -171.909805 3.673064 146.617050 1.513180 -3.968296 -52.265873 4.838039 -0.748112 83.534729 -0.000009 -0.003102 21.483133 -0.113666 -0.159652 8.703048 0.102465 0.022984 7.315045 -0.350458 0.162004 7.339954 -0.846267 0.044047 6.819092 -0.115897 0.798422 -7.995831 -0.942151 -79.281815 179.580521 20.632799 45.181488 -11.770515 1.341544 -12.874200 -53.961018 24.187548 -12.560111 3.414379 4.153251 78.147758 -177.172470 -19.007154 -43.609249 -10.500739 -0.582946 11.761409 -50.419167 -19.753559 13.561486 3.808431 
-214.477875 120.459213 442.784790 0.000000 -9.062001 0.000000 89.370903 -8.843488 88.094566 169.830414 -5.180223 151.300034 -1.193571 3.729669 -60.197792 -6.149675 -0.212034 84.251236 0.000009 0.003101 21.480278 -171.677704 3.538226 146.254364 1.368118 -3.940007 -52.147625 4.993220 -0.774455 83.279518 -0.000009 -0.003102 21.483128 -0.096652 -0.156694 8.719302 0.116372 0.008452 7.259786 -0.330891 0.114635 7.278173 -0.606890 -0.011443 6.884395 0.056997 0.668734 -8.190557 -0.864936 -79.267616 179.489609 20.526564 45.207710 -11.643060 1.447859 -12.901250 -54.282673 24.024202 -12.541280 3.290310 3.637067 78.193146 -177.706955 -19.342077 -43.530857 -10.312120 -0.612070 11.796540 -50.569683 -19.571241 13.629466 3.848226 
-214.842484 120.442223 444.317261 0.000000 -9.130286 0.000000 89.423668 -8.865710 87.995911 169.799042 -5.229233 151.273926 -1.208305 3.746493 -60.200363 -6.141315 -0.216129 84.102348 0.000009 0.003101 21.479925 -171.547333 3.551111 146.400055 1.217408 -3.963848 -52.236176 4.942902 -0.843646 83.253159 -0.000009 -0.003102 21.483147 -0.068086 -0.160132 8.720485 0.132884 -0.004479 7.227027 -0.266350 0.100168 7.209795 -0.503521 -0.014068 6.878954 0.051927 0.437250 -8.370113 -1.212232 -79.223541 179.836136 20.428732 45.195007 -11.360252 1.485432 -12.905293 -54.451321 23.944866 -12.525027 3.382876 3.531126 78.297424 -177.811768 -19.655722 -43.550014 -10.086666 -0.542392 11.851802 -50.562939 -19.687469 13.666240 3.858548 
-215.216583 120.425186 445.856567 0.000000 -9.164764 0.000000 89.501457 -8.901436 87.885513 169.787460 -5.252699 151.288620 -1.231863 3.769658 -60.243946 -6.146403 -0.222482 83.907890 0.000009 0.003101 21.479607 -171.449554 3.560371 146.576462 1.063092 -3.996422 -52.337086 4.929891 -0.926627 83.188889 -0.000009 -0.003102 21.483112 -0.038442 -0.165563 8.739413 0.158289 -0.022128 7.183867 -0.204606 0.085911 7.134413 -0.399390 -0.010653 6.838837 0.053458 0.217699 -8.572269 -1.483705 -79.197090 -179.900208 20.243828 45.184032 -11.097733 1.540437 -12.908488 -54.647312 23.866533 -12.466897 3.487440 3.474638 78.393211 -177.871658 -19.904089 -43.550880 -9.912534 -0.474107 11.920547 -50.639172 -19.893671 13.669154 3.881199 
-215.600372 120.407501 447.396149 0.000000 -9.166454 0.000000 89.570320 -8.802749 87.886383 169.720367 -5.319920 151.721634 -1.353216 3.826234 -60.658619 -6.420729 -0.225314 83.889565 0.000009 0.003101 21.479147 -171.264694 3.437350 145.838287 1.028915 -4.017485 -52.428589 5.141219 -0.965248 82.991325 -0.000010 -0.003102 21.482821 -0.018392 -0.172561 8.773065 0.212433 -0.069483 7.094998 -0.246763 0.034330 7.100009 -0.165309 -0.100965 6.929452 0.403954 0.103767 -8.768026 -1.274337 -79.190353 179.865707 19.978889 45.338280 -11.174526 1.727971 -12.942805 -55.187046 23.722195 -12.276870 3.418140 2.965135 78.393860 -178.411423 -19.961115 -43.426765 -9.954406 -0.500023 12.001756 -50.975929 -19.718479 13.744093 3.873613 
-215.998459 120.384857 448.942078 0.000000 -9.170351 0.000000 89.623337 -8.702789 87.883499 169.694412 -5.323614 152.139023 -1.537569 3.851607 -61.069225 -6.620781 -0.187264 83.988144 0.000009 0.003101 21.478811 -171.125885 3.402664 145.160767 1.074304 -3.980519 -52.447052 5.272840 -0.991501 82.833534 -0.000010 -0.003102 21.482561 -0.012657 -0.175484 8.790416 0.252850 -0.120046 7.036952 -0.337071 -0.007234 7.100306 0.073798 -0.206554 7.028595 0.800130 -0.000505 -8.921147 -0.922020 -79.161232 179.489227 19.875109 45.543873 -11.214674 1.927666 -12.924861 -55.702660 23.589985 -12.084769 3.407508 2.159904 78.374046 -179.256104 -19.674389 -43.301449 -10.269218 -0.524579 12.038079 -51.147469 -19.539122 13.816421 3.870849 
-216.401260 120.357155 450.494751 0.000000 -9.178838 0.000000 89.597374 -8.787419 87.870995 169.775909 -5.286963 152.077255 -1.505026 3.800805 -60.836498 -6.588881 -0.224501 83.919556 0.000009 0.003101 21.478662 -171.075409 3.489296 145.365967 1.081206 -3.972257 -52.490948 5.237539 -1.026288 82.849373 -0.000010 -0.003102 21.482550 -0.007253 -0.186854 8.783192 0.270965 -0.125564 7.037958 -0.305896 -0.002647 7.108542 0.094852 -0.192074 6.965707 0.808257 -0.146499 -8.984244 -0.782797 -79.083961 179.344376 19.806459 45.531990 -11.131657 1.970354 -12.915623 -55.723354 23.627148 -12.009198 3.533368 2.003097 78.365608 -179.411636 -19.564383 -43.294605 -10.382364 -0.490513 12.019944 -51.079803 -19.550409 13.699195 3.834249 
-216.806320 120.328079 452.055969 0.000000 -9.170849 0.000000 89.553619 -8.826457 87.882004 169.849167 -5.199877 152.006577 -1.433759 3.746486 -60.423866 -6.494749 -0.263950 83.870682 0.000009 0.003101 21.478540 -171.045898 3.615329 145.784744 1.062060 -3.967067 -52.482872 5.213901 -1.069239 82.920143 -0.000010 -0.003102 21.482582 -0.008858 -0.200833 8.769521 0.279677 -0.124857 7.030913 -0.251836 0.012338 7.112148 0.097377 -0.158524 6.895945 0.747483 -0.304854 -9.117194 -0.564118 -79.030518 179.120102 19.622715 45.491348 -11.191387 2.019903 -12.900992 -55.697655 23.657721 -11.954140 3.655943 1.902358 78.351410 -179.505081 -19.485270 -43.251953 -10.465020 -0.465884 11.984756 -50.946270 -19.673035 13.537618 3.794265 
-217.211914 120.297714 453.615479 0.000000 -9.141528 0.000000 89.532127 -8.840607 87.913200 169.914917 -5.146504 152.080582 -1.422601 3.722250 -60.165165 -6.466550 -0.267904 83.829979 0.000009 0.003101 21.478420 -170.961639 3.687658 145.989410 1.054163 -3.956278 -52.425850 5.235247 -1.129671 82.920280 -0.000010 -0.003102 21.482437 -0.010379 -0.208864 8.765765 0.291968 -0.154480 7.014793 -0.243131 0.022694 7.138416 0.200880 -0.130314 6.852726 0.834330 -0.455486 -9.232392 -0.344254 -78.983162 178.888184 19.507566 45.589806 -11.201005 2.092620 -12.875750 -55.806301 23.564878 -11.879497 3.761682 1.582730 78.341202 -179.827484 -19.399179 -43.154743 -10.583546 -0.436796 11.981503 -50.860237 -19.809580 13.506321 3.743290 
-217.621521 120.261765 455.171051 0.000000 -9.095047 0.000000 89.505447 -8.826975 88.013916 170.026688 -5.027270 152.048111 -1.360870 3.690130 -60.007996 -6.437912 -0.288543 83.821815 0.000009 0.003101 21.478329 -170.902023 3.726192 146.304993 1.025826 -3.945066 -52.240883 5.217281 -1.212865 82.993225 -0.000010 -0.003102 21.482243 -0.008663 -0.219576 8.760383 0.303448 -0.174420 7.011960 -0.208930 0.034773 7.153701 0.223125 -0.092197 6.857826 0.802639 -0.631580 -9.341112 -0.166799 -78.929466 178.698227 19.383598 45.634335 -11.247954 2.139967 -12.850339 -55.832680 23.509939 -11.769314 3.868586 1.483582 78.335678 -179.920944 -19.350706 -43.014671 -10.651872 -0.395732 11.955127 -50.791485 -19.998901 13.439872 3.701737 
-218.031601 120.220268 456.731354 0.000000 -9.028379 0.000000 89.460320 -8.761009 88.178177 170.161774 -4.867153 151.740250 -1.254236 3.651820 -59.768890 -6.303542 -0.351413 83.698303 0.000009 0.003101 21.478355 -170.871536 3.834773 146.862823 0.997917 -3.915725 -51.973309 5.169399 -1.337597 83.197998 -0.000010 -0.003102 21.482044 0.000274 -0.227083 8.738734 0.315744 -0.189558 7.017393 -0.131851 0.061311 7.162875 0.175198 -0.057401 6.801761 0.676864 -0.804277 -9.441039 -0.114479 -78.886879 178.640137 19.278423 45.606678 -11.316850 2.159691 -12.780515 -55.686539 23.476091 -11.668247 4.021863 1.666826 78.339241 -179.722015 -19.438663 -42.912769 -10.561880 -0.325386 11.953923 -50.717793 -20.300837 13.288030 3.683863 
-218.440765 120.172569 458.296814 0.000000 -8.941478 0.000000 89.416222 -8.616628 88.378044 170.247650 -4.729681 151.487701 -1.201453 3.615703 -59.679375 -6.177218 -0.377322 83.580421 0.000009 0.003101 21.478262 -170.815857 3.997793 147.281982 0.960576 -3.857389 -51.707100 5.111548 -1.451586 83.369164 -0.000010 -0.003102 21.481812 0.012069 -0.232326 8.697782 0.338405 -0.211586 7.016201 -0.067246 0.088670 7.179995 0.120363 -0.012456 6.758220 0.636201 -0.977525 -9.596502 -0.094926 -78.862640 178.614578 19.219366 45.627037 -11.385508 2.175446 -12.712900 -55.385620 23.380114 -11.566141 4.196200 1.707075 78.348549 -179.673538 -19.590408 -42.799213 -10.407530 -0.263226 12.010491 -50.620136 -20.632046 13.124520 3.670159 
-218.848663 120.116219 459.875641 0.000000 -8.834014 0.000000 89.374001 -8.515465 88.639519 170.397400 -4.620486 151.271439 -1.188246 3.574503 -59.696259 -6.115016 -0.380944 83.455315 0.000009 0.003102 21.478292 -170.771500 4.165372 147.533478 0.912846 -3.777891 -51.449306 5.124529 -1.571516 83.417183 -0.000010 -0.003102 21.481508 0.024869 -0.243664 8.656893 0.365747 -0.254883 7.015234 -0.037212 0.110796 7.249210 0.151231 0.032418 6.792119 0.683763 -1.052266 -9.631562 0.006708 -78.806442 178.502197 19.303909 45.814266 -11.353563 2.192572 -12.664057 -55.084850 23.250185 -11.467216 4.363739 1.634591 78.348755 -179.751099 -19.708471 -42.765579 -10.279861 -0.208073 12.062688 -50.491894 -20.920292 12.986318 3.639185 
-219.252197 120.054054 461.471741 0.000000 -8.710185 0.000000 89.314209 -8.442520 88.911171 170.591980 -4.542279 151.047867 -1.175943 3.547590 -59.767231 -6.102323 -0.363655 83.358215 0.000009 0.003102 21.478439 -170.647125 4.254087 147.716949 0.839250 -3.719070 -51.304268 5.163840 -1.688125 83.384712 -0.000010 -0.003102 21.481161 0.041833 -0.252850 8.620354 0.373409 -0.293248 7.032507 -0.011150 0.121581 7.298676 0.230516 0.085830 6.851461 0.721253 -1.065104 -9.529682 -0.045027 -78.740120 178.549591 19.410809 46.101051 -11.254091 2.224620 -12.583751 -54.872612 23.105947 -11.377399 4.529188 1.620628 78.356720 -179.768814 -19.853670 -42.823940 -10.285805 -0.158714 12.115020 -50.376717 -21.125315 12.896323 3.592911 
-219.654175 119.987175 463.077698 0.000000 -8.566204 0.000000 89.254494 -8.367598 89.192154 170.852707 -4.485526 150.814148 -1.185596 3.539710 -59.926533 -6.114546 -0.351238 83.338120 0.000008 0.003102 21.478504 -170.529465 4.341610 147.950485 0.799370 -3.678508 -51.316841 5.230953 -1.771685 83.366203 -0.000010 -0.003102 21.480816 0.054552 -0.260747 8.587349 0.366013 -0.313549 7.043008 -0.001406 0.132918 7.318496 0.279994 0.153540 6.952466 0.771794 -1.026455 -9.399463 -0.182165 -78.678200 178.684937 19.500748 46.291397 -11.142706 2.275793 -12.500108 -54.823479 22.952711 -11.253138 4.683097 1.595212 78.363838 -179.795929 -19.980188 -42.982098 -10.318385 -0.146957 12.134957 -50.324841 -21.288567 12.783010 3.565482 
-220.051758 119.914902 464.689453 0.000000 -8.397579 0.000000 89.169136 -8.299898 89.395988 171.182281 -4.437798 150.528702 -1.165038 3.529034 -59.964394 -6.101237 -0.362950 83.458069 0.000008 0.003102 21.478462 -170.424728 4.444795 148.216949 0.801630 -3.626077 -51.462536 5.273695 -1.845084 83.418289 -0.000010 -0.003102 21.480482 0.059672 -0.264329 8.558116 0.362245 -0.329922 7.054271 0.020627 0.134444 7.317005 0.249172 0.273189 6.942062 0.915657 -0.947863 -9.252520 -0.113435 -78.617477 178.616165 19.643675 46.488735 -11.015015 2.298799 -12.380837 -54.814682 22.756645 -11.207822 4.852100 1.743572 78.355316 -179.648026 -20.090561 -43.223465 -10.354683 -0.137431 12.134114 -50.297138 -21.377007 12.666560 3.527307 
-220.441818 119.839752 466.307404 0.000000 -8.208533 0.000000 89.079636 -8.123145 89.577629 171.450867 -4.436614 150.257828 -1.158497 3.539194 -60.144684 -6.112679 -0.351547 83.615036 0.000008 0.003102 21.478485 -170.281998 4.526188 148.516632 0.823352 -3.565659 -51.682102 5.340645 -1.911455 83.367943 -0.000010 -0.003103 21.480251 0.067875 -0.265103 8.529111 0.361248 -0.343702 7.059208 0.036944 0.133893 7.293239 0.175392 0.356725 6.816793 1.019680 -0.801326 -9.044108 -0.056826 -78.556946 178.557236 19.746140 46.708012 -10.891045 2.306748 -12.260937 -54.875813 22.583172 -11.117636 5.013190 1.723773 78.400948 -179.667374 -20.124872 -43.447151 -10.456979 -0.164214 12.137704 -50.436485 -21.440012 12.541556 3.502516 
-220.820618 119.762672 467.935181 0.000000 -7.997271 0.000000 88.998207 -7.960205 89.652939 171.610229 -4.496327 149.978851 -1.192558 3.554896 -60.318806 -6.139329 -0.324142 83.857979 0.000008 0.003102 21.478456 -170.185760 4.647192 148.824142 0.866380 -3.521016 -51.972332 5.333860 -1.932025 83.327118 -0.000010 -0.003102 21.480122 0.078790 -0.260292 8.520040 0.347078 -0.343152 7.072382 0.049851 0.146774 7.281187 0.073152 0.394790 6.661584 1.081693 -0.676642 -8.834733 -0.286760 -78.476936 178.793106 19.880224 46.919250 -10.753675 2.312583 -12.181242 -55.006573 22.452763 -11.042526 5.103388 1.463287 78.467842 -179.926208 -20.180874 -43.569191 -10.681294 -0.259235 12.135589 -50.739861 -21.588276 12.475783 3.431606 
-221.190994 119.682884 469.567383 0.000000 -7.780324 0.000000 88.933098 -7.870402 89.515358 171.751541 -4.538364 149.874756 -1.252074 3.579895 -60.497856 -6.178998 -0.253875 84.137550 0.000008 0.003102 21.478472 -170.125763 4.732870 149.027557 0.908933 -3.502683 -52.195610 5.273127 -1.910269 83.238724 -0.000010 -0.003102 21.480135 0.099102 -0.253346 8.526216 0.329971 -0.343638 7.118942 0.060128 0.162678 7.321139 0.026830 0.349202 6.376441 1.224695 -0.541403 -8.663675 -0.669582 -78.359856 179.177216 20.121264 47.021061 -10.468678 2.346007 -12.180630 -55.223869 22.328617 -11.041201 5.132641 0.889447 78.549324 179.497055 -20.094128 -43.647854 -11.175458 -0.402342 12.112603 -51.214024 -21.627729 12.520253 3.299320 
-221.556549 119.595245 471.197083 0.000000 -7.581160 0.000000 88.891960 -7.804292 89.317238 171.880341 -4.592972 149.828262 -1.272493 3.612172 -60.599510 -6.245059 -0.138139 84.429420 0.000008 0.003102 21.478598 -170.200592 4.808351 149.159103 0.952870 -3.495856 -52.599419 5.194467 -1.849630 83.171875 -0.000010 -0.003102 21.480099 0.130133 -0.248123 8.530452 0.301509 -0.342532 7.175645 0.085474 0.179149 7.381249 -0.028759 0.253755 6.055763 1.426203 -0.377303 -8.475300 -1.151789 -78.224022 179.663879 20.459740 47.119133 -10.137571 2.400685 -12.212723 -55.506393 22.304319 -11.030758 5.176480 0.431481 78.653038 179.028732 -19.984232 -43.696678 -11.735931 -0.602722 12.090173 -51.767754 -21.650938 12.552449 3.152027 
-221.923065 119.497887 472.818573 0.000000 -7.412812 0.000000 88.839935 -7.651148 89.135323 171.997757 -4.648773 149.461914 -1.310252 3.612846 -60.694519 -6.281131 -0.089467 84.612617 0.000007 0.003102 21.478830 -170.303726 4.871855 149.324936 0.994241 -3.483513 -53.170292 5.131251 -1.814100 83.192406 -0.000010 -0.003102 21.480045 0.162918 -0.237781 8.527968 0.271760 -0.334360 7.206601 0.117757 0.201174 7.414907 -0.143220 0.157446 5.736917 1.454817 -0.270002 -8.299329 -1.734806 -78.076393 -179.735809 20.793589 47.160629 -9.843999 2.406000 -12.189467 -55.471214 22.345842 -10.878006 5.254907 0.294943 78.739876 178.882599 -19.823689 -43.707031 -12.364976 -0.797844 12.105605 -52.304371 -21.756538 12.572212 3.052771 
-222.286697 119.394913 474.426025 0.000000 -7.267527 0.000000 88.788383 -7.473349 88.977852 172.127502 -4.709812 148.913605 -1.391415 3.613198 -60.774208 -6.290831 -0.094768 84.717873 0.000007 0.003101 21.479195 -170.375427 4.952314 149.592407 1.036830 -3.484318 -53.812969 5.039268 -1.781836 83.304337 -0.000010 -0.003102 21.480133 0.206819 -0.227853 8.527486 0.265802 -0.312584 7.182906 0.142820 0.240013 7.438400 -0.240104 -0.015571 5.512409 1.414458 -0.146600 -8.146753 -2.321448 -77.920280 -179.126740 21.034658 47.239502 -9.717898 2.371815 -12.101641 -55.176304 22.378717 -10.583818 5.368804 0.286046 78.806549 178.859833 -19.620169 -43.683720 -12.949350 -0.983338 12.107908 -52.835068 -21.901470 12.431092 2.963762 
-222.645401 119.287598 476.022064 0.000000 -7.145255 0.000000 88.750954 -7.277649 88.825317 172.288879 -4.692912 148.701675 -1.462567 3.610326 -61.009132 -6.390503 -0.104999 84.887215 0.000007 0.003101 21.479563 -170.411545 4.991095 149.841812 1.142627 -3.499195 -54.454365 4.965480 -1.708442 83.398933 -0.000011 -0.003102 21.480333 0.241797 -0.228425 8.539480 0.265360 -0.302515 7.153759 0.147014 0.276394 7.464054 -0.269242 -0.202272 5.409684 1.514874 0.058745 -7.965142 -2.875621 -77.810738 -178.546432 21.345076 47.311348 -9.515550 2.356422 -12.087217 -55.142708 22.400482 -10.306283 5.491556 0.263334 78.841972 178.825378 -19.429842 -43.691006 -13.457775 -1.210107 12.049470 -53.456135 -21.931650 12.312622 2.876502 
-223.005096 119.173958 477.621185 0.000000 -7.048062 0.000000 88.746475 -7.078619 88.661079 172.442154 -4.636086 148.679626 -1.531829 3.624809 -61.337952 -6.536520 -0.115193 85.103104 0.000007 0.003101 21.479839 -170.416519 5.025361 150.049530 1.282764 -3.541101 -55.053738 4.958581 -1.619910 83.518402 -0.000011 -0.003102 21.480562 0.263186 -0.230039 8.543831 0.281324 -0.312395 7.116504 0.142315 0.313243 7.483306 -0.236837 -0.349127 5.379571 1.650500 0.319600 -7.868729 -3.354723 -77.748154 -178.049759 21.718203 47.404762 -9.237648 2.384344 -12.102532 -55.250313 22.348433 -10.047817 5.597672 0.310990 78.889587 178.863434 -19.128922 -43.721119 -13.956075 -1.441964 12.006386 -54.119686 -21.811338 12.169940 2.797936 
-223.369904 119.051620 479.235657 0.000000 -6.974963 0.000000 88.734871 -6.796925 88.562828 172.593674 -4.546948 148.582031 -1.620341 3.652191 -61.622551 -6.641935 -0.132980 85.306145 0.000007 0.003101 21.480116 -170.357346 5.049735 150.292877 1.416036 -3.577271 -55.577679 4.986591 -1.545184 83.676445 -0.000011 -0.003102 21.480814 0.277982 -0.226265 8.539968 0.296460 -0.319885 7.082743 0.144129 0.345055 7.471446 -0.243144 -0.509253 5.356652 1.772519 0.597041 -7.829073 -3.783651 -77.679024 -177.601028 22.071451 47.450607 -8.953854 2.422844 -12.100410 -55.362877 22.254656 -9.779247 5.703840 0.526048 78.941864 179.067932 -18.874374 -43.728241 -14.339514 -1.663681 11.970359 -54.759418 -21.658821 12.019444 2.769081 
-223.737305 118.921074 480.868591 0.000000 -6.920130 0.000000 88.731720 -6.523640 88.469933 172.730072 -4.429604 148.467056 -1.696107 3.672025 -61.943455 -6.733989 -0.189490 85.461395 0.000007 0.003101 21.480383 -170.302185 5.056796 150.490051 1.509876 -3.599885 -56.028500 5.003918 -1.467208 83.823578 -0.000011 -0.003102 21.481133 0.289408 -0.218884 8.526726 0.304552 -0.320884 7.035040 0.132827 0.362948 7.458774 -0.261760 -0.642064 5.340233 1.850715 0.878100 -7.848655 -4.056579 -77.587845 -177.308990 22.382883 47.471970 -8.712079 2.438969 -12.121244 -55.470226 22.114351 -9.502354 5.791199 0.894234 78.991096 179.423752 -18.569670 -43.708435 -14.776328 -1.859860 11.942662 -55.352032 -21.471437 11.856338 2.763421 
-224.102600 118.784508 482.526306 0.000000 -6.868751 0.000000 88.733780 -6.242295 88.386780 172.844803 -4.275100 148.338409 -1.749130 3.688230 -62.375729 -6.772502 -0.238666 85.599823 0.000007 0.003101 21.480648 -170.254761 5.068779 150.637329 1.584859 -3.601448 -56.447918 5.035823 -1.357802 83.932861 -0.000011 -0.003102 21.481499 0.303307 -0.210642 8.513723 0.311618 -0.317332 6.976397 0.115783 0.359192 7.441270 -0.302412 -0.757596 5.322233 1.962143 1.084285 -7.913629 -4.174885 -77.507385 -177.172287 22.618549 47.511723 -8.536534 2.453262 -12.175050 -55.577465 21.890646 -9.223403 5.914131 1.432601 79.059624 179.954605 -18.267923 -43.684742 -15.217376 -2.066710 11.932939 -56.005062 -21.303154 11.636050 2.754910 
-224.463684 118.643463 484.215973 0.000000 -6.813325 0.000000 88.728897 -5.931660 88.331497 172.963547 -4.161836 148.125656 -1.789708 3.708498 -62.822384 -6.800703 -0.321198 85.699051 0.000007 0.003101 21.480864 -170.190460 5.092363 150.890320 1.646906 -3.581532 -56.733547 5.071918 -1.232816 84.082047 -0.000011 -0.003102 21.481953 0.322082 -0.196289 8.504168 0.309419 -0.304209 6.920009 0.100890 0.358070 7.415137 -0.331638 -0.825090 5.297225 1.989130 1.281318 -8.034970 -4.110434 -77.434494 -177.219009 22.843403 47.544464 -8.382349 2.438374 -12.214430 -55.622658 21.665243 -8.888713 6.001359 2.088387 79.120377 -179.396500 -17.979000 -43.626244 -15.634596 -2.241948 11.967264 -56.577160 -21.221655 11.384946 2.774781 
-224.818710 118.498543 485.937744 0.000000 -6.748545 0.000000 88.728653 -5.582421 88.302200 173.140167 -4.094538 147.831161 -1.776345 3.746116 -63.276958 -6.787698 -0.420561 85.811737 0.000007 0.003101 21.481022 -170.049850 5.124284 151.294876 1.681732 -3.540030 -56.860538 5.090829 -1.080902 84.269081 -0.000011 -0.003102 21.482546 0.343384 -0.167546 8.484866 0.294700 -0.274918 6.867633 0.074629 0.371917 7.387645 -0.364395 -0.869303 5.279189 1.891403 1.484513 -8.214891 -3.963281 -77.380608 -177.352982 23.093388 47.601807 -8.240860 2.374613 -12.229926 -55.499748 21.456200 -8.481073 6.004097 2.735597 79.192177 -178.750122 -17.691042 -43.542015 -16.009190 -2.400674 12.042918 -57.162632 -21.233013 11.133737 2.842023 
-225.166504 118.351128 487.690674 0.000000 -6.668341 0.000000 88.753494 -5.239948 88.306412 173.310104 -4.067836 147.517471 -1.748297 3.783455 -63.530407 -6.784125 -0.490123 85.924316 0.000007 0.003101 21.481165 -169.883179 5.189534 151.741913 1.677464 -3.479342 -56.830563 5.102966 -0.913450 84.511200 -0.000011 -0.003102 21.483122 0.366140 -0.135370 8.461979 0.292065 -0.231490 6.826878 0.041189 0.396328 7.351957 -0.457806 -0.919257 5.285594 1.770244 1.642970 -8.458907 -3.675082 -77.340187 -177.643524 23.346601 47.654213 -8.063588 2.246237 -12.214346 -55.143040 21.254904 -8.103644 6.003562 3.573218 79.240173 -177.912109 -17.272310 -43.477772 -16.407297 -2.538629 12.152181 -57.713383 -21.256186 10.852714 2.934616 
-225.502396 118.202866 489.469055 0.000000 -6.571095 0.000000 88.794792 -4.920599 88.305962 173.461823 -4.064055 147.289993 -1.725622 3.846839 -63.743824 -6.757950 -0.545879 86.051445 0.000007 0.003101 21.481249 -169.696594 5.184694 152.165100 1.615049 -3.411003 -56.740154 5.103367 -0.753691 84.795898 -0.000011 -0.003102 21.483709 0.378896 -0.110121 8.432153 0.299475 -0.180718 6.792890 -0.009368 0.413209 7.311328 -0.554880 -0.933067 5.249454 1.599754 1.745313 -8.764421 -3.164205 -77.306061 -178.172150 23.388199 47.652023 -8.038879 2.093036 -12.218184 -54.771603 21.065613 -7.699958 5.986692 4.440681 79.253113 -177.044525 -16.845114 -43.500153 -16.677628 -2.647973 12.287784 -58.189007 -21.295338 10.577211 3.030899 
-225.818054 118.053581 491.263641 0.000000 -6.452422 0.000000 88.872894 -4.599293 88.359161 173.590469 -4.068478 147.114807 -1.650991 3.922528 -63.985798 -6.769174 -0.607447 86.227531 0.000006 0.003101 21.481344 -169.483276 5.151969 152.592178 1.559208 -3.345325 -56.577381 5.105490 -0.571806 85.065018 -0.000011 -0.003102 21.484430 0.387272 -0.084821 8.403934 0.304526 -0.139519 6.751170 -0.065120 0.427535 7.283931 -0.696998 -0.891094 5.201872 1.439884 1.819227 -9.144233 -2.453907 -77.265930 -178.907471 23.426113 47.737263 -8.103475 1.908941 -12.184316 -54.328083 20.867990 -7.315587 5.958379 5.422983 79.246506 -176.057297 -16.460859 -43.508141 -16.849039 -2.707741 12.425861 -58.530476 -21.339043 10.314349 3.123800 
-226.109604 117.905830 493.064941 0.000000 -6.303239 0.000000 88.972092 -4.335156 88.488976 173.716843 -4.043717 147.120499 -1.549031 3.980453 -64.216125 -6.796505 -0.606419 86.428032 0.000006 0.003102 21.481543 -169.263901 5.085778 152.903549 1.526269 -3.290030 -56.415440 5.139451 -0.377377 85.282608 -0.000011 -0.003102 21.485071 0.390001 -0.066349 8.372290 0.333157 -0.118074 6.705888 -0.111827 0.442421 7.276833 -0.842209 -0.846812 5.120155 1.428696 1.776716 -9.577650 -1.697026 -77.250580 -179.686737 23.526127 47.931168 -8.226336 1.720348 -12.142838 -53.953598 20.731682 -6.974546 5.897156 6.324711 79.212845 -175.145432 -16.086727 -43.552856 -17.087595 -2.798917 12.521233 -58.862560 -21.373695 10.083711 3.183988 
-226.372192 117.756340 494.863464 0.000000 -6.120558 0.000000 89.092064 -4.193819 88.625229 173.849609 -4.067017 147.357834 -1.456478 4.035882 -64.435936 -6.902688 -0.548674 86.669632 0.000006 0.003102 21.481710 -169.052567 4.959609 152.997650 1.499844 -3.251904 -56.224934 5.206159 -0.204083 85.535210 -0.000011 -0.003102 21.485691 0.376377 -0.063021 8.337402 0.391005 -0.103438 6.674964 -0.168274 0.450352 7.308969 -0.963055 -0.818605 4.926957 1.601416 1.646408 -10.031835 -0.932645 -77.282646 179.530579 23.714905 48.202320 -8.311612 1.611751 -12.130472 -53.813164 20.619822 -6.743120 5.821892 7.152622 79.166756 -174.317825 -15.658834 -43.509956 -17.291237 -2.893538 12.600124 -59.196323 -21.381351 9.940809 3.222880 
-226.601059 117.599892 496.656097 0.000000 -5.911754 0.000000 89.233467 -4.153212 88.751198 173.972717 -4.026445 147.729172 -1.372931 4.086234 -64.542732 -7.058109 -0.483863 86.917496 0.000006 0.003102 21.481909 -168.831741 4.780107 152.995895 1.475207 -3.230209 -56.244675 5.241282 -0.028871 85.782784 -0.000012 -0.003102 21.486071 0.367577 -0.062953 8.315730 0.461144 -0.099571 6.658888 -0.238927 0.445428 7.368202 -1.096792 -0.818514 4.735138 1.902912 1.403774 -10.447268 -0.336682 -77.370094 178.922012 23.858120 48.495407 -8.445979 1.545325 -12.092107 -53.704536 20.551371 -6.671821 5.789914 7.830803 79.126968 -173.648010 -15.197011 -43.384880 -17.448341 -2.998203 12.700517 -59.591766 -21.412458 9.796510 3.200016 
-226.793243 117.433525 498.441559 0.000000 -5.692869 0.000000 89.398773 -4.196707 88.747597 173.989120 -3.966061 148.247101 -1.231358 4.119323 -64.618973 -7.277791 -0.400300 87.213570 0.000007 0.003102 21.482119 -168.630783 4.726429 152.792068 1.459917 -3.216914 -56.459011 5.294499 0.188440 85.932045 -0.000012 -0.003102 21.486025 0.369436 -0.065998 8.291137 0.512229 -0.101326 6.659402 -0.315373 0.432667 7.424224 -1.223106 -0.782480 4.529085 2.188379 1.050099 -10.779756 -0.083553 -77.516479 178.665070 24.143383 48.750832 -8.499999 1.563147 -12.048999 -53.692162 20.483223 -6.649982 5.794972 8.502934 79.098434 -172.994629 -14.650825 -43.236370 -17.605141 -3.112392 12.768686 -59.971119 -21.328371 9.646199 3.126928 
-226.953552 117.254623 500.226318 0.000000 -5.478127 0.000000 89.582611 -4.315076 88.812775 173.966034 -3.842516 148.882294 -1.145106 4.143669 -64.672295 -7.594215 -0.312993 87.484932 0.000007 0.003102 21.482323 -168.447021 4.822541 152.316925 1.491621 -3.217918 -56.720222 5.318946 0.391719 86.077507 -0.000012 -0.003102 21.485659 0.377555 -0.082985 8.275974 0.576523 -0.116860 6.645538 -0.417861 0.414737 7.500032 -1.332885 -0.758280 4.325551 2.522593 0.622851 -11.012034 -0.090720 -77.711823 178.679214 24.566288 49.022648 -8.370006 1.662159 -12.027691 -53.800240 20.449348 -6.632432 5.798752 9.171238 79.102280 -172.345535 -14.317995 -43.185638 -17.485903 -3.228056 12.780195 -60.195282 -21.139843 9.545028 2.965268 
-227.085068 117.066696 502.011383 0.000000 -5.284437 0.000000 89.802254 -4.516384 88.879219 173.925720 -3.641346 149.600906 -1.138853 4.186973 -64.519005 -7.879950 -0.291086 87.719284 0.000007 0.003102 21.482487 -168.221664 4.846866 151.763702 1.540286 -3.217568 -56.955761 5.273170 0.541921 86.304054 -0.000012 -0.003102 21.485126 0.386326 -0.089104 8.253085 0.638611 -0.133988 6.583293 -0.533888 0.364878 7.604062 -1.497049 -0.804579 4.170230 2.827557 0.318713 -11.172873 -0.476444 -77.913666 179.064377 25.187819 49.292885 -8.049192 1.798470 -11.997045 -54.039211 20.365101 -6.636569 5.803386 9.550110 79.152084 -171.980377 -14.150909 -43.108723 -17.220198 -3.305939 12.737500 -60.310867 -21.062292 9.411397 2.669627 
-227.187469 116.869118 503.804199 0.000000 -5.128696 0.000000 90.034088 -4.805284 88.827164 173.908676 -3.403303 150.059296 -1.205080 4.239276 -64.071175 -8.120356 -0.357252 87.934296 0.000008 0.003103 21.482716 -167.997437 4.837920 151.490204 1.569577 -3.214080 -57.140198 5.252349 0.690381 86.550270 -0.000012 -0.003102 21.484989 0.380254 -0.075169 8.230107 0.670363 -0.129156 6.575092 -0.632204 0.293859 7.646590 -1.550189 -0.977255 4.021339 2.921878 0.294203 -11.303646 -1.182698 -78.047783 179.771454 25.770939 49.440678 -7.652904 1.891380 -11.988818 -54.126961 20.256996 -6.584212 5.871954 10.160777 79.213486 -171.360535 -14.085470 -42.958191 -17.182302 -3.388574 12.655994 -60.389454 -21.096409 9.359862 2.408579 
-227.263046 116.660439 505.608032 0.000000 -5.013596 0.000000 90.275131 -5.045161 88.754623 173.965683 -3.113138 150.332153 -1.260134 4.293252 -63.420788 -8.282867 -0.461111 88.166985 0.000008 0.003103 21.483072 -167.792252 4.912591 151.344650 1.575289 -3.215738 -57.260822 5.171292 0.824600 86.822037 -0.000012 -0.003103 21.484777 0.365344 -0.070567 8.198993 0.697285 -0.138275 6.568415 -0.724378 0.237765 7.647315 -1.571452 -1.142273 3.957484 2.946695 0.428138 -11.440299 -1.735795 -78.120956 -179.667587 26.249498 49.480797 -7.255652 1.947307 -11.992069 -54.085644 20.183544 -6.623312 6.029871 10.406820 79.269722 -171.093277 -14.003566 -42.861038 -17.263151 -3.402124 12.549858 -60.386833 -21.230413 9.369250 2.151562 
-227.306992 116.441383 507.421783 0.000000 -4.927378 0.000000 90.467346 -5.123600 88.744354 174.044937 -2.798055 150.687393 -1.246035 4.296535 -62.722527 -8.383708 -0.593799 88.313667 0.000008 0.003103 21.483303 -167.624603 5.074852 151.254196 1.566578 -3.205923 -57.247364 5.052713 0.926951 87.042801 -0.000012 -0.003103 21.484295 0.370965 -0.063586 8.180857 0.726090 -0.142603 6.563275 -0.785477 0.198948 7.661268 -1.653532 -1.216805 3.962597 3.117370 0.389325 -11.631006 -1.757510 -78.160034 -179.647507 26.708570 49.598808 -6.962690 1.966060 -12.011274 -53.865692 20.113575 -6.764326 6.157558 10.443676 79.321571 -171.044205 -13.878357 -42.830872 -17.341202 -3.356831 12.495181 -60.186871 -21.373318 9.390777 1.917012 
-227.315170 116.212868 509.238586 0.000000 -4.851380 0.000000 90.536362 -4.989561 88.710938 174.150589 -2.607294 150.683838 -1.266621 4.279881 -62.356159 -8.298461 -0.765979 88.276810 0.000008 0.003103 21.483412 -167.497437 5.150091 151.349167 1.592870 -3.219390 -57.270363 4.883674 1.057790 87.251137 -0.000012 -0.003103 21.483927 0.384136 -0.050975 8.159101 0.744585 -0.128244 6.573876 -0.805220 0.187069 7.688247 -1.872617 -1.143523 3.971119 3.151919 0.263922 -12.045012 -1.063919 -78.181732 179.644745 27.167587 49.694420 -6.708230 1.825387 -12.011534 -53.247467 20.150755 -6.808913 6.150588 10.971804 79.300270 -170.500793 -13.788070 -42.809074 -17.314829 -3.253996 12.572885 -59.742390 -21.506025 9.442080 1.782913 
-227.284241 115.978310 511.052216 0.000000 -4.757621 0.000000 90.466072 -4.645111 88.408173 174.402145 -2.529596 149.959625 -1.303919 4.252961 -62.161404 -8.004488 -0.998838 88.019394 0.000008 0.003104 21.483471 -167.340179 5.119553 151.767456 1.647001 -3.296508 -57.380867 4.650015 1.232543 87.448219 -0.000012 -0.003103 21.484056 0.399390 -0.025268 8.121048 0.752949 -0.094851 6.615974 -0.777348 0.209387 7.722713 -2.168826 -1.004233 3.858405 2.908687 0.230731 -12.698115 0.049834 -78.148247 178.516434 27.748482 49.595558 -6.176514 1.518383 -12.021476 -52.257294 20.266830 -6.625081 6.062068 11.823216 79.237213 -169.617432 -13.599516 -42.761463 -17.472271 -3.107653 12.726196 -59.150043 -21.501810 9.521077 1.829761 
-227.219650 115.738121 512.844910 0.000000 -4.613090 0.000000 90.361313 -4.316234 88.062073 174.631363 -2.399694 149.258163 -1.338694 4.210109 -61.874660 -7.734828 -1.207080 87.798019 0.000008 0.003104 21.483578 -167.164383 5.045984 152.174850 1.701786 -3.358706 -57.646576 4.520570 1.369810 87.675995 -0.000012 -0.003103 21.484070 0.415470 0.003351 8.074052 0.791628 -0.056291 6.674627 -0.776859 0.232600 7.736648 -2.406631 -0.917834 3.767952 2.661872 0.323711 -13.257211 1.018414 -78.122635 177.534317 28.162119 49.415043 -5.655506 1.293886 -12.090942 -51.585880 20.355993 -6.331930 5.952371 12.539465 79.206390 -168.874100 -13.158169 -42.769363 -17.793478 -3.006915 12.831766 -58.686615 -21.423668 9.542968 1.920319 
-227.128220 115.494415 514.621582 0.000000 -4.432085 0.000000 90.337662 -4.184556 87.884148 174.718567 -2.324162 149.128571 -1.361558 4.198280 -61.538784 -7.657544 -1.416656 87.735374 0.000008 0.003104 21.483757 -167.079254 5.032310 152.294235 1.710703 -3.380667 -57.965321 4.445657 1.487145 87.915176 -0.000012 -0.003103 21.483755 0.417514 0.019913 8.027556 0.852339 -0.017414 6.731804 -0.769380 0.250264 7.739512 -2.542392 -0.893984 3.796887 2.598832 0.355606 -13.603087 1.745626 -78.140762 176.780167 28.791021 49.260174 -4.905876 1.165957 -12.147888 -51.182732 20.416077 -6.313570 5.948157 12.698697 79.225685 -168.710999 -12.983335 -42.930820 -17.977568 -3.017442 12.874710 -58.574203 -21.395586 9.526977 1.908185 
-227.013702 115.252579 516.416809 0.000000 -4.247983 0.000000 90.346397 -4.118168 87.808205 174.707367 -2.180559 149.341629 -1.416331 4.200330 -61.344917 -7.613611 -1.563322 87.769722 0.000008 0.003104 21.484034 -167.075455 4.935742 152.209244 1.669445 -3.383489 -58.230747 4.410642 1.566235 88.054108 -0.000012 -0.003103 21.483381 0.412684 0.031313 7.982425 0.911402 0.014662 6.789207 -0.754742 0.271322 7.739027 -2.615235 -0.898477 3.879531 2.638837 0.366950 -13.901110 2.286366 -78.208191 176.219452 29.404356 49.148468 -4.164915 1.083780 -12.163868 -50.847008 20.404770 -6.419887 5.994530 12.832256 79.287163 -168.589233 -13.058710 -43.259850 -17.923576 -3.013208 12.908426 -58.503246 -21.405333 9.541515 1.828297 
-226.885803 115.015915 518.235107 0.000000 -4.072643 0.000000 90.345970 -4.003317 87.740448 174.666870 -2.031236 149.595825 -1.463858 4.200941 -61.189785 -7.489829 -1.655389 87.796379 0.000008 0.003104 21.484344 -167.078323 4.804533 152.171295 1.659523 -3.379142 -58.574516 4.396339 1.642351 88.128304 -0.000011 -0.003103 21.483139 0.421117 0.040883 7.935132 0.963545 0.035900 6.835684 -0.720736 0.289909 7.736839 -2.668769 -0.913345 3.989746 2.698518 0.343331 -14.239946 2.732360 -78.289444 175.762115 29.934607 49.017742 -3.519676 0.983188 -12.155333 -50.447269 20.344099 -6.482226 6.027177 13.089065 79.351357 -168.340912 -13.147287 -43.594753 -17.846207 -2.971178 12.922758 -58.300087 -21.354984 9.654469 1.719800 
-226.749420 114.784668 520.063293 0.000000 -3.905907 0.000000 90.336906 -3.910200 87.599564 174.667389 -1.944703 149.761261 -1.474112 4.179158 -60.935135 -7.281073 -1.735093 87.832268 0.000009 0.003104 21.484570 -167.066376 4.768522 152.228912 1.740492 -3.385964 -59.112804 4.401525 1.737297 88.208061 -0.000011 -0.003103 21.483000 0.443561 0.049342 7.898132 0.993126 0.056018 6.870600 -0.680283 0.311619 7.769565 -2.735404 -0.863790 4.093622 2.727028 0.322122 -14.620466 3.104769 -78.350090 175.381805 30.350235 48.824234 -3.063325 0.858843 -12.191620 -49.861252 20.313215 -6.461842 6.001403 13.282420 79.391167 -168.145325 -13.181280 -43.829426 -17.724735 -2.910736 12.917204 -57.923538 -21.233433 9.867002 1.656357 
-226.609253 114.557121 521.889526 0.000000 -3.742089 0.000000 90.332878 -3.846104 87.431549 174.706100 -1.887007 149.883423 -1.438003 4.142704 -60.694736 -7.083317 -1.824676 87.910553 0.000009 0.003104 21.484838 -167.003479 4.747190 152.466248 1.874535 -3.416182 -59.755512 4.392940 1.850394 88.248795 -0.000011 -0.003103 21.482920 0.477992 0.068262 7.872246 1.000038 0.087270 6.895691 -0.645698 0.316789 7.816627 -2.795263 -0.775251 4.267609 2.639546 0.307994 -15.025867 3.431266 -78.380775 175.042542 30.509638 48.606651 -2.811768 0.698107 -12.249719 -49.113438 20.316454 -6.359968 5.917003 13.509948 79.414444 -167.901993 -13.099125 -44.004543 -17.654398 -2.861989 12.913648 -57.404144 -21.061388 10.123854 1.676727 
-226.464661 114.333092 523.695190 0.000000 -3.577481 0.000000 90.324539 -3.785021 87.313599 174.730988 -1.868477 149.995651 -1.381739 4.097437 -60.438358 -6.905117 -1.928767 87.942612 0.000009 0.003104 21.485165 -166.911972 4.662508 152.638718 1.932316 -3.438833 -60.229874 4.374912 1.962814 88.329277 -0.000011 -0.003103 21.482874 0.510945 0.093434 7.847320 0.993578 0.114663 6.922253 -0.610651 0.306476 7.845361 -2.810580 -0.720332 4.449062 2.555667 0.304044 -15.366687 3.702860 -78.427956 174.756897 30.705980 48.471050 -2.474722 0.563122 -12.264692 -48.446205 20.280407 -6.342870 5.843520 13.771544 79.441185 -167.629929 -13.010527 -44.212242 -17.674976 -2.801197 12.908047 -56.883785 -20.964798 10.346519 1.670675 
-226.314331 114.115997 525.481750 0.000000 -3.417970 0.000000 90.318970 -3.729837 87.209541 174.717407 -1.834230 150.215347 -1.339723 4.057083 -60.259415 -6.838295 -2.045911 87.994141 0.000009 0.003104 21.485598 -166.856094 4.587842 152.674973 1.961435 -3.441098 -60.690811 4.375900 2.060968 88.302856 -0.000010 -0.003103 21.482794 0.537094 0.121649 7.816773 0.983271 0.141353 6.949745 -0.579242 0.274455 7.838541 -2.889861 -0.709863 4.699430 2.546672 0.318139 -15.694476 4.049981 -78.518402 174.392593 30.818153 48.331367 -2.150177 0.444118 -12.269652 -47.878235 20.260370 -6.352485 5.827822 14.037587 79.470459 -167.361359 -13.077177 -44.479546 -17.618315 -2.743491 12.886279 -56.393345 -20.893723 10.549967 1.671980 
-226.164932 113.908264 527.258240 0.000000 -3.272137 0.000000 90.293365 -3.754814 87.106033 174.628052 -1.796223 150.412201 -1.294984 4.010187 -60.087486 -6.725203 -2.147635 88.001732 0.000009 0.003104 21.486156 -166.851822 4.516088 152.661499 1.984798 -3.432041 -61.155762 4.398839 2.136231 88.169785 -0.000010 -0.003103 21.482737 0.555848 0.141847 7.791895 0.995293 0.168793 7.000867 -0.552111 0.248088 7.812027 -2.989799 -0.756654 4.932836 2.578774 0.423872 -16.003105 4.623802 -78.633820 173.801926 30.919333 48.141132 -1.848136 0.345110 -12.259491 -47.425369 20.258524 -6.331454 5.810318 14.038490 79.498779 -167.353256 -13.183253 -44.747143 -17.662464 -2.714951 12.882216 -56.042870 -20.923882 10.709896 1.657071 
-226.024673 113.713264 529.036194 0.000000 -3.148104 0.000000 90.275185 -3.803905 87.013138 174.551834 -1.703319 150.516098 -1.214716 3.949664 -59.883087 -6.586368 -2.226401 88.064095 0.000009 0.003104 21.486696 -166.889481 4.526835 152.653854 2.067590 -3.417889 -61.609653 4.410396 2.195827 87.957550 -0.000010 -0.003103 21.482794 0.574301 0.155095 7.768286 1.012983 0.186674 7.062275 -0.539645 0.228142 7.782222 -3.125264 -0.798407 5.128028 2.637043 0.508913 -16.323618 5.194214 -78.742188 173.214661 31.046696 47.982410 -1.606442 0.285003 -12.273208 -47.121212 20.260973 -6.304170 5.788875 13.709113 79.498665 -167.670166 -13.232451 -44.987740 -17.787252 -2.724352 12.868279 -55.785015 -20.955921 10.845162 1.638884 
-225.900192 113.531891 530.813293 0.000000 -3.039446 0.000000 90.262863 -3.839684 86.986969 174.490250 -1.542773 150.555374 -1.100537 3.879073 -59.579697 -6.428827 -2.279628 88.161476 0.000009 0.003104 21.487196 -166.937027 4.582217 152.589127 2.235974 -3.407134 -61.943611 4.444632 2.249432 87.710396 -0.000010 -0.003103 21.483107 0.594793 0.165234 7.759783 1.018105 0.184555 7.126884 -0.552007 0.209708 7.762466 -3.246883 -0.804403 5.318952 2.718771 0.537785 -16.654427 5.600624 -78.809151 172.793182 31.224707 47.848976 -1.463303 0.275617 -12.309282 -46.947800 20.229780 -6.285721 5.725183 13.089884 79.496666 -168.273468 -13.167940 -45.171738 -17.934313 -2.756418 12.833675 -55.616070 -20.932993 10.959393 1.650467 
-225.794098 113.362976 532.579651 0.000000 -2.943434 0.000000 90.256332 -3.879856 87.152618 174.373917 -1.314000 150.752106 -0.965991 3.811995 -59.327534 -6.370717 -2.289307 88.313095 0.000009 0.003104 21.487804 -166.957718 4.646020 152.383148 2.453316 -3.394775 -62.012897 4.536595 2.261252 87.445671 -0.000010 -0.003103 21.483595 0.610339 0.173472 7.759824 1.011841 0.139402 7.162069 -0.600861 0.184144 7.741846 -3.333183 -0.803400 5.514234 2.843485 0.529215 -16.886484 5.631872 -78.863480 172.747910 31.501308 47.748215 -1.326158 0.312435 -12.353708 -46.857853 20.196239 -6.380517 5.636574 12.204782 79.530884 -169.141907 -13.153568 -45.387341 -17.951645 -2.825114 12.796418 -55.683834 -20.821758 11.029613 1.677738 
-225.707703 113.206230 534.335205 0.000000 -2.862568 0.000000 90.245979 -3.934892 87.366173 174.276230 -1.155712 150.984512 -0.831264 3.757773 -59.090935 -6.330749 -2.282113 88.473930 0.000009 0.003104 21.488308 -166.953888 4.662247 152.107162 2.665514 -3.386216 -61.954239 4.605995 2.252378 87.225311 -0.000010 -0.003103 21.484138 0.617898 0.187892 7.754249 1.002548 0.080419 7.168664 -0.650986 0.164882 7.724973 -3.416234 -0.806045 5.698774 2.946837 0.503794 -17.026955 5.585964 -78.905975 172.776825 31.728085 47.603931 -1.222805 0.367061 -12.405064 -46.762375 20.196243 -6.480338 5.553794 11.341590 79.584366 -169.987274 -13.200211 -45.583042 -17.995237 -2.933006 12.747317 -55.850227 -20.682951 11.101445 1.692812 
-225.637390 113.059868 536.083008 0.000000 -2.799960 0.000000 90.235298 -4.010489 87.390244 174.297379 -1.143278 150.862015 -0.672375 3.701900 -58.865776 -6.236364 -2.329716 88.618912 0.000009 0.003104 21.488411 -166.971207 4.791872 151.935883 2.874980 -3.422491 -62.165791 4.569251 2.289787 87.048668 -0.000010 -0.003103 21.484371 0.618776 0.199768 7.754225 0.993931 0.062084 7.224601 -0.675795 0.159531 7.720209 -3.570709 -0.790594 5.699302 2.923678 0.539348 -17.223318 5.898484 -78.888275 172.445023 31.852325 47.233799 -1.143448 0.356227 -12.490848 -46.482716 20.262798 -6.395056 5.452141 10.906044 79.573555 -170.401428 -13.263206 -45.645901 -18.071526 -3.029328 12.693131 -55.889008 -20.564032 11.150473 1.684563 
-225.582123 112.917053 537.823792 0.000000 -2.743092 0.000000 90.243469 -4.072986 87.262550 174.384277 -1.168635 150.510956 -0.440262 3.643061 -58.627316 -6.091780 -2.383170 88.782906 0.000009 0.003104 21.488382 -167.074646 4.921076 151.781815 3.091197 -3.500724 -62.628780 4.465321 2.363893 86.949448 -0.000010 -0.003103 21.484402 0.625821 0.209115 7.765625 0.984329 0.063125 7.320621 -0.679514 0.149147 7.719842 -3.727910 -0.742189 5.624024 2.796823 0.585223 -17.410971 6.366809 -78.819359 171.957001 31.901384 46.836952 -1.144085 0.313382 -12.584843 -46.091347 20.390490 -6.165730 5.376497 10.824220 79.513878 -170.456680 -13.339129 -45.577042 -18.157288 -3.096720 12.678472 -55.856613 -20.473164 11.207084 1.661467 
-225.541351 112.770805 539.556763 0.000000 -2.686495 0.000000 90.268753 -4.127232 87.217430 174.446213 -1.152680 150.238525 -0.214164 3.594144 -58.461056 -5.935326 -2.425188 88.939484 0.000009 0.003104 21.488415 -167.213440 5.038613 151.593597 3.302200 -3.550257 -62.989178 4.469641 2.413121 86.816246 -0.000010 -0.003103 21.484373 0.635532 0.214902 7.783409 0.975406 0.054400 7.400229 -0.689050 0.124467 7.717429 -3.815903 -0.687884 5.624722 2.676038 0.591463 -17.596270 6.753304 -78.744980 171.548996 31.978605 46.519192 -1.017584 0.305816 -12.671847 -45.830906 20.477863 -6.033579 5.301325 10.760368 79.463547 -170.494415 -13.445738 -45.604725 -18.167950 -3.175776 12.648156 -55.910416 -20.383329 11.268490 1.627924 
-225.516129 112.624336 541.277893 0.000000 -2.636187 0.000000 90.308868 -4.168702 87.269066 174.427002 -1.127027 150.004364 -0.033883 3.554905 -58.380657 -5.799745 -2.426283 89.109749 0.000009 0.003104 21.488487 -167.318848 5.172807 151.337952 3.454639 -3.571742 -63.124222 4.540090 2.416906 86.664383 -0.000010 -0.003104 21.484291 0.641275 0.220456 7.796999 0.964933 0.032944 7.458954 -0.705789 0.079351 7.718917 -3.835265 -0.661202 5.664537 2.587475 0.600867 -17.730600 6.890389 -78.723061 171.391510 32.167252 46.290527 -0.810896 0.337880 -12.738687 -45.693092 20.543520 -5.993642 5.241982 10.594357 79.431290 -170.638550 -13.548321 -45.755314 -18.128300 -3.257255 12.614820 -56.096355 -20.323929 11.339787 1.620599 
-225.507324 112.479416 542.989258 0.000000 -2.600075 0.000000 90.345650 -4.195789 87.386749 174.350433 -1.117590 149.851013 0.145424 3.517840 -58.306583 -5.827706 -2.291896 91.351463 0.000009 0.003104 21.488560 -167.381119 5.349083 151.030472 3.575233 -3.569474 -63.189327 4.652342 2.381579 86.495071 -0.000010 -0.003104 21.484234 0.638583 0.221906 7.805028 0.956954 0.004658 7.517858 -0.729198 0.034396 7.697559 -3.851534 -0.695280 5.722007 2.594164 0.631985 -17.811111 6.802058 -78.714279 171.466324 32.401752 46.125931 -0.583475 0.375264 -12.798249 -45.585297 20.564806 -5.992973 5.193361 10.351348 79.431534 -170.859055 -13.708311 -45.947483 -18.053036 -3.344270 12.596777 -56.372822 -20.327097 11.427314 1.613016 
-225.514679 112.334312 544.693054 0.000000 -2.581738 0.000000 90.367004 -4.216483 87.453285 174.293900 -1.152283 149.713165 0.312007 3.473899 -58.244305 -5.743770 -2.253531 91.604820 0.000009 0.003104 21.488592 -167.425034 5.524475 150.617905 3.664967 -3.570474 -63.203617 4.752826 2.338860 86.342934 -0.000010 -0.003104 21.484190 0.635385 0.215281 7.804680 0.940349 -0.026800 7.588706 -0.746670 0.001245 7.667432 -3.872142 -0.771069 5.780177 2.639194 0.691400 -17.822248 6.785945 -78.701340 171.469833 32.639191 46.031246 -0.308973 0.415461 -12.852851 -45.448093 20.518719 -5.974112 5.181952 10.090122 79.413948 -171.100525 -13.895269 -46.118954 -17.992430 -3.418716 12.576880 -56.639118 -20.353552 11.563167 1.603199 
-225.534851 112.187729 546.385193 0.000000 -2.581259 0.000000 90.375145 -4.245512 87.451576 174.288147 -1.225025 149.471039 0.482261 3.423849 -58.184944 -5.654569 -2.228568 91.790596 0.000009 0.003104 21.488642 -167.484833 5.657672 150.287369 3.721822 -3.562558 -63.290279 4.811673 2.285400 86.212357 -0.000010 -0.003104 21.484121 0.630976 0.210028 7.800999 0.923811 -0.043947 7.678790 -0.764823 -0.038259 7.625617 -3.900871 -0.878780 5.808422 2.635461 0.775107 -17.822535 6.920132 -78.687256 171.328293 32.798992 45.946777 -0.067641 0.445867 -12.883830 -45.274506 20.514372 -5.950689 5.185739 9.896792 79.382233 -171.273453 -14.094554 -46.173260 -17.997692 -3.453940 12.566256 -56.834774 -20.399937 11.684024 1.589316 
-225.567459 112.038383 548.070557 0.000000 -2.596276 0.000000 90.367996 -4.239297 87.382072 174.290588 -1.335107 149.214783 0.677087 3.379019 -58.095333 -5.580348 -2.214498 91.920654 0.000009 0.003104 21.488579 -167.541641 5.759477 150.008896 3.750937 -3.544766 -63.444176 4.837066 2.247606 86.122276 -0.000010 -0.003104 21.484026 0.628545 0.205567 7.801705 0.894899 -0.057301 7.770911 -0.778684 -0.079342 7.572714 -3.967061 -0.968999 5.791043 2.544399 0.879848 -17.810846 7.159597 -78.669830 171.084167 32.817768 45.869022 0.072169 0.468237 -12.918123 -45.098610 20.529779 -5.944329 5.167151 9.826229 79.349251 -171.324188 -14.326571 -46.118900 -17.975128 -3.456187 12.571162 -56.879032 -20.467211 11.809776 1.550815 
-225.612991 111.884819 549.746765 0.000000 -2.624049 0.000000 90.353462 -4.216798 87.265350 174.298065 -1.483545 148.970016 0.886792 3.337351 -58.003445 -5.525193 -2.215750 91.986992 0.000009 0.003104 21.488482 -167.600342 5.846247 149.770065 3.753444 -3.523320 -63.687405 4.852165 2.232031 86.081100 -0.000010 -0.003104 21.483940 0.625470 0.203158 7.807611 0.863616 -0.073954 7.852063 -0.785695 -0.125227 7.507429 -4.040918 -1.034003 5.785593 2.405257 0.982707 -17.744829 7.385552 -78.662567 170.855865 32.775162 45.800404 0.197272 0.487821 -12.973140 -44.913456 20.568815 -5.953173 5.128288 9.840321 79.313042 -171.291245 -14.620347 -46.013813 -17.881907 -3.439697 12.587063 -56.810711 -20.539526 11.939180 1.491180 
-225.670273 111.726891 551.414978 0.000000 -2.661995 0.000000 90.322777 -4.160698 87.127434 174.289581 -1.648604 148.776642 1.062672 3.309008 -57.918518 -5.496007 -2.224126 92.019333 0.000009 0.003104 21.488430 -167.628586 5.903614 149.550842 3.717134 -3.498082 -63.956753 4.860631 2.212086 86.039337 -0.000010 -0.003104 21.483841 0.615402 0.201523 7.811064 0.836763 -0.089605 7.919428 -0.791374 -0.176536 7.436073 -4.119894 -1.106830 5.806798 2.233342 1.107090 -17.647781 7.594400 -78.661453 170.647522 32.772293 45.771984 0.383262 0.497847 -13.020851 -44.699390 20.558826 -5.982384 5.098596 9.944192 79.302254 -171.173691 -14.950402 -45.890881 -17.754223 -3.420804 12.588330 -56.747669 -20.610821 12.057888 1.431324 
-225.736206 111.565086 553.082764 0.000000 -2.710964 0.000000 90.278343 -4.081662 87.017303 174.289001 -1.804034 148.644211 1.239345 3.297565 -57.824596 -5.457579 -2.236272 91.969765 0.000008 0.003104 21.488466 -167.656174 5.925328 149.386551 3.625784 -3.470934 -64.247826 4.843704 2.179627 86.054237 -0.000010 -0.003104 21.483740 0.604590 0.203366 7.817760 0.804258 -0.110019 7.975204 -0.800279 -0.238067 7.366122 -4.195929 -1.147904 5.835852 2.125219 1.194909 -17.539598 7.833413 -78.671204 170.407822 32.646870 45.751926 0.499872 0.483792 -13.070990 -44.470337 20.508280 -6.052373 5.047980 10.203323 79.300064 -170.902039 -15.332758 -45.798019 -17.520426 -3.373937 12.584157 -56.620579 -20.662397 12.131554 1.375805 
-225.808716 111.398911 554.745361 0.000000 -2.774224 0.000000 90.225647 -3.984876 86.934303 174.351669 -1.955201 148.545731 1.422065 3.299818 -57.634163 -5.419536 -2.273131 91.854134 0.000008 0.003105 21.488569 -167.660263 5.920446 149.340500 3.498548 -3.446455 -64.496658 4.782895 2.168181 86.091705 -0.000010 -0.003104 21.483597 0.604924 0.208050 7.830629 0.774521 -0.123974 8.035347 -0.812820 -0.304985 7.294816 -4.252213 -1.159191 5.823358 2.067768 1.241533 -17.419300 8.128144 -78.687332 170.116379 32.428520 45.718307 0.594172 0.479522 -13.133466 -44.260265 20.431078 -6.161942 4.993184 10.631726 79.303139 -170.463348 -15.773262 -45.718040 -17.157608 -3.297275 12.557246 -56.406429 -20.684046 12.136394 1.336829 
-225.887726 111.226120 556.398743 0.000000 -2.851231 0.000000 90.183853 -3.965169 86.887230 174.434906 -2.099809 148.448227 1.590206 3.312529 -57.422382 -5.380493 -2.331026 91.708031 0.000008 0.003105 21.488806 -167.649323 5.897694 149.360901 3.325334 -3.420672 -64.663872 4.706249 2.140280 86.104294 -0.000010 -0.003104 21.483374 0.605324 0.213717 7.852979 0.755837 -0.142517 8.088495 -0.815256 -0.366238 7.219282 -4.303520 -1.203196 5.791855 2.020621 1.310690 -17.258049 8.334872 -78.719521 169.917404 32.294865 45.654144 0.807265 0.485901 -13.181695 -44.100182 20.336718 -6.311715 4.970384 11.088394 79.297783 -169.999741 -16.227873 -45.688351 -16.764427 -3.229481 12.538306 -56.231895 -20.724680 12.129353 1.299546 
-225.976486 111.047760 558.045654 0.000000 -2.939330 0.000000 90.159515 -3.995556 86.885147 174.469711 -2.228634 148.317261 1.715692 3.332793 -57.241600 -5.363840 -2.383792 91.579475 0.000008 0.003105 21.489075 -167.613815 5.862164 149.267822 3.115733 -3.381668 -64.675194 4.632535 2.096720 86.103592 -0.000010 -0.003104 21.483063 0.598515 0.218486 7.879357 0.762111 -0.159870 8.115817 -0.810717 -0.415103 7.128981 -4.327802 -1.289377 5.804454 1.983301 1.431581 -17.048813 8.313921 -78.763756 169.950531 32.359333 45.700993 1.175738 0.500407 -13.201679 -43.946880 20.213104 -6.524953 4.976842 11.538817 79.292267 -169.539780 -16.709845 -45.723286 -16.355619 -3.177899 12.540833 -56.122211 -20.713020 12.159693 1.279282 
-226.073486 110.868546 559.687561 0.000000 -3.034990 0.000000 90.138557 -4.064173 86.969177 174.412048 -2.348509 148.277740 1.824035 3.362535 -57.098801 -5.337181 -2.384871 91.483170 0.000008 0.003105 21.489250 -167.547028 5.836215 149.000977 2.921875 -3.330812 -64.657616 4.561512 2.011529 86.146805 -0.000010 -0.003104 21.482704 0.582549 0.225226 7.910170 0.768603 -0.205495 8.095781 -0.790875 -0.453440 7.053348 -4.336512 -1.338750 5.909177 1.941479 1.545126 -16.757725 8.165343 -78.820152 170.110870 32.611931 45.765423 1.611436 0.532645 -13.246214 -43.928894 20.088205 -6.752128 4.950549 11.999201 79.302200 -169.066925 -17.089663 -45.794800 -16.055418 -3.163591 12.572273 -56.117172 -20.626646 12.215867 1.323809 
-226.174744 110.693916 561.324829 0.000000 -3.141410 0.000000 90.111847 -4.155750 87.090286 174.260727 -2.459986 148.290497 1.911633 3.401322 -57.075134 -5.352802 -2.324580 91.418716 0.000008 0.003105 21.489252 -167.453171 5.835882 148.530304 2.775296 -3.277792 -64.484741 4.558447 1.891625 86.204002 -0.000010 -0.003104 21.482376 0.554510 0.241153 7.952239 0.754787 -0.284758 8.036699 -0.766411 -0.474704 7.010184 -4.339489 -1.320966 6.134867 1.800206 1.576060 -16.361074 7.811563 -78.872398 170.474838 32.887566 45.804188 1.921491 0.601871 -13.329725 -44.072632 19.893951 -6.985367 4.895967 12.568311 79.350403 -168.478287 -17.437258 -45.785896 -15.857188 -3.223355 12.626426 -56.333584 -20.498354 12.275010 1.450931 
-226.277496 110.527893 562.957642 0.000000 -3.258082 0.000000 90.102966 -4.197058 87.266174 174.135574 -2.570681 148.153290 1.962571 3.447438 -57.293545 -5.389979 -2.241087 91.341537 0.000007 0.003105 21.489201 -167.338104 5.840237 148.028625 2.670258 -3.226862 -64.118828 4.510054 1.750171 86.225380 -0.000010 -0.003104 21.482040 0.517928 0.255018 8.013096 0.739774 -0.382913 7.975534 -0.747998 -0.489525 6.983693 -4.387161 -1.293126 6.373567 1.512604 1.636732 -15.943122 7.254886 -78.885689 171.043808 33.157001 45.795288 2.105016 0.684001 -13.449685 -44.319572 19.633211 -7.227964 4.842152 13.332019 79.423401 -167.692703 -17.712040 -45.689316 -15.731673 -3.333466 12.702271 -56.823009 -20.371929 12.327327 1.615555 
-226.383713 110.368790 564.580261 0.000000 -3.379137 0.000000 90.123367 -4.095068 87.492294 174.064301 -2.696284 147.929916 1.995497 3.507380 -57.660454 -5.289351 -2.281171 88.857353 0.000007 0.003105 21.489119 -167.277039 5.807210 147.593597 2.583246 -3.187083 -63.823257 4.426404 1.623034 86.233429 -0.000010 -0.003104 21.481659 0.483271 0.275968 8.074125 0.722990 -0.480998 7.916070 -0.724321 -0.513918 6.983499 -4.437443 -1.308463 6.529898 1.144588 1.687690 -15.558552 6.672746 -78.851089 171.642151 33.304058 45.721939 2.291323 0.770126 -13.588973 -44.631935 19.410187 -7.450113 4.759803 14.530141 79.455620 -166.472595 -18.036688 -45.637257 -15.471771 -3.438430 12.749112 -57.335209 -20.303717 12.348761 1.743646 
-226.496124 110.213646 566.181824 0.000000 -3.491038 0.000000 90.154449 -3.899749 87.731979 174.000763 -2.872305 147.781158 2.042096 3.587768 -58.201225 -5.428111 -2.209682 88.681526 0.000007 0.003105 21.489134 -167.147766 5.753760 147.213913 2.474677 -3.168786 -63.643745 4.274686 1.509521 86.243912 -0.000010 -0.003104 21.481308 0.463259 0.309523 8.119543 0.691354 -0.569437 7.815663 -0.689766 -0.550148 6.971151 -4.441087 -1.470543 6.673407 0.648153 1.688732 -15.275164 6.027873 -78.802452 172.311035 33.183445 45.540241 2.424651 0.812848 -13.727992 -44.803616 19.117392 -7.563041 4.651542 16.019659 79.486435 -164.966278 -18.338400 -45.632763 -15.162395 -3.476244 12.747029 -57.761528 -20.293001 12.365069 1.802906 
-226.617554 110.055840 567.766724 0.000000 -3.583868 0.000000 90.208679 -3.655093 88.296989 173.830582 -3.049625 148.054260 1.964658 3.681976 -59.151287 -5.754361 -2.036996 88.768333 0.000007 0.003105 21.489471 -166.942291 5.801764 146.645691 2.386353 -3.150260 -63.142330 4.189311 1.299880 86.125282 -0.000010 -0.003105 21.480885 0.428220 0.346305 8.156533 0.649672 -0.711563 7.625046 -0.682151 -0.635032 6.944311 -4.283518 -1.713559 6.915040 0.201700 1.609991 -14.971557 4.856380 -78.791954 173.515793 33.313141 45.431839 2.802873 0.944558 -13.913072 -45.376305 18.665174 -7.692549 4.625749 17.511051 79.601227 -163.473465 -18.569139 -45.876972 -14.852102 -3.646792 12.717193 -58.756275 -20.289021 12.385413 1.867084 
-226.755707 109.892830 569.350037 0.000000 -3.671481 0.000000 90.251862 -3.407332 89.333939 173.256653 -3.163474 149.223099 1.686618 3.787200 -60.903442 -6.204062 -1.684175 91.639397 0.000007 0.003105 21.490253 -166.576065 5.981351 145.577927 2.333239 -3.053018 -61.816971 4.393423 1.016683 85.980865 -0.000010 -0.003105 21.480261 0.386075 0.355012 8.184024 0.618436 -0.920906 7.362968 -0.706723 -0.733468 6.945227 -3.824226 -1.857483 7.353578 0.052570 1.606749 -14.406642 3.374231 -78.863388 175.034088 34.084435 45.581120 3.274686 1.296542 -14.201486 -46.856483 17.782387 -8.118355 4.649518 18.941036 79.814621 -162.062668 -18.751846 -46.338512 -14.719357 -4.065485 12.776460 -60.864216 -20.184906 12.349575 1.998399 
-226.904465 109.735344 570.937378 0.000000 -3.787393 0.000000 90.285980 -3.219654 90.146988 172.808578 -3.225074 149.828018 1.526322 3.838692 -62.261623 -6.273068 -1.497832 91.905159 0.000007 0.003105 21.490221 -166.209213 6.130460 144.941788 2.359401 -2.997127 -60.988121 4.416925 0.823834 86.102097 -0.000011 -0.003106 21.479582 0.331026 0.353750 8.235527 0.595724 -1.084605 7.135314 -0.773538 -0.735337 7.017524 -3.593724 -1.810596 7.452894 -0.001764 1.637960 -13.873979 2.627490 -78.853722 175.803192 34.669445 46.028633 3.286263 1.618916 -14.420629 -48.018536 17.274700 -8.344464 4.625065 19.556833 79.976906 -161.463440 -18.585173 -46.434067 -14.952301 -4.344055 12.856608 -62.243389 -20.087160 12.302378 2.105573 
-227.042526 109.575310 572.502747 0.000000 -3.910688 0.000000 90.158310 -0.062807 93.037155 172.799652 -3.394239 149.366058 1.585864 3.779526 -62.646049 -6.252457 -1.401246 91.615761 0.000007 0.003105 21.489466 -165.972992 6.193668 145.109741 2.345360 -3.059593 -60.932037 4.099542 0.767669 86.318420 -0.000011 -0.003105 21.479679 0.310413 0.361911 8.278506 0.534193 -1.132720 7.138220 -0.831047 -0.676829 7.079601 -3.810441 -1.621546 7.405760 -0.213596 1.497146 -13.761404 2.869783 -78.726677 175.561249 34.210861 46.202023 2.554034 1.561934 -14.528199 -47.952076 17.265692 -8.171692 4.540365 19.771309 80.031052 -161.237839 -18.078388 -46.089909 -15.572371 -4.298002 12.924580 -62.090206 -20.241089 12.234804 2.206771 
-227.168060 109.418259 574.000549 0.000000 -3.987619 0.000000 90.224358 0.276284 92.807106 172.874313 -3.658224 148.414047 1.750087 3.688807 -62.314587 -6.275288 -1.343331 91.240776 0.000007 0.003105 21.488585 -165.811737 6.260126 145.708633 2.326257 -3.135464 -61.179386 3.699264 0.777148 86.548050 -0.000010 -0.003105 21.479952 0.311129 0.375449 8.317217 0.463090 -1.128640 7.249385 -0.879207 -0.608716 7.099179 -4.028657 -1.412739 7.287292 -0.374922 1.267761 -13.837187 3.565561 -78.567604 174.849350 33.418251 46.206367 1.638458 1.400571 -14.515943 -47.421402 17.451136 -7.834259 4.354479 19.669621 79.996056 -161.316360 -17.514164 -45.555000 -16.086550 -4.104568 12.979706 -61.229275 -20.515017 12.142861 2.281160 
-227.277237 109.270462 575.421814 0.000000 -3.994528 0.000000 90.261864 0.384151 92.677765 172.770950 -3.912292 147.923584 1.884582 3.601198 -61.925312 -6.151478 -1.418233 88.878426 0.000007 0.003105 21.488045 -165.666321 6.377081 146.305527 2.277383 -3.181758 -61.231030 3.463375 0.756930 86.753250 -0.000011 -0.003105 21.479734 0.316560 0.389976 8.351996 0.412607 -1.111733 7.308144 -0.919559 -0.551682 7.087955 -4.042258 -1.334827 7.044728 -0.289621 1.148200 -13.915064 3.810879 -78.465057 174.586456 33.034431 46.272312 1.024980 1.294225 -14.512633 -47.024288 17.462816 -7.630618 4.281596 19.627758 79.945404 -161.350922 -17.132273 -45.046970 -16.318789 -3.935024 13.074041 -60.617439 -20.728384 12.117012 2.243075 
-227.371399 109.125732 576.791870 0.000000 -3.941622 0.000000 90.326927 0.393456 92.628586 172.647919 -4.157068 147.729095 1.968167 3.548842 -61.715981 -6.115266 -1.374998 88.902206 0.000007 0.003105 21.487707 -165.573242 6.466762 146.775620 2.180758 -3.210920 -61.152020 3.341601 0.691514 86.960831 -0.000011 -0.003105 21.479387 0.326280 0.399027 8.378257 0.384807 -1.103499 7.327981 -0.950825 -0.504005 7.061064 -3.950638 -1.293341 6.859926 -0.144857 1.064612 -13.956928 3.972725 -78.426598 174.408295 32.736233 46.375278 0.572166 1.251020 -14.523015 -46.865780 17.414526 -7.551054 4.224292 19.365164 79.898041 -161.617722 -16.852312 -44.741848 -16.342640 -3.820207 13.160948 -60.248058 -20.881416 12.061744 2.180048 
-227.452667 108.982468 578.124451 0.000000 -3.837066 0.000000 90.393967 0.292472 92.625130 172.491089 -4.404900 147.637833 2.014696 3.521321 -61.602402 -6.050935 -1.308737 89.003181 0.000007 0.003105 21.487465 -165.489944 6.527495 147.094879 2.067850 -3.215580 -60.988796 3.289366 0.614997 87.192314 -0.000011 -0.003105 21.479076 0.338635 0.398617 8.400595 0.374831 -1.098606 7.355840 -0.975728 -0.451869 7.039927 -3.783567 -1.256381 6.704975 0.039452 1.055198 -13.960855 4.243401 -78.425171 174.114212 32.457424 46.542179 0.157055 1.252928 -14.538946 -46.884415 17.443613 -7.593415 4.167875 18.666721 79.857254 -162.325821 -16.626680 -44.523037 -16.269159 -3.730229 13.216475 -59.956470 -21.020378 11.990527 2.175883 
-227.515106 108.840347 579.425293 0.000000 -3.691145 0.000000 90.469627 0.186217 92.557571 172.327011 -4.655919 147.538727 2.048985 3.506928 -61.543465 -6.053797 -1.142757 91.258942 0.000007 0.003105 21.487131 -165.428757 6.567178 147.390884 1.897318 -3.189322 -60.679924 3.287430 0.543867 87.460747 -0.000011 -0.003105 21.478735 0.355168 0.390957 8.398247 0.376769 -1.094231 7.408524 -1.002772 -0.405123 6.993871 -3.550689 -1.222558 6.512858 0.191706 1.078120 -13.966625 4.425299 -78.453041 173.913010 32.148136 46.870609 -0.168667 1.265407 -14.575399 -46.958401 17.519197 -7.750724 4.131977 17.701221 79.816315 -163.300186 -16.396461 -44.397701 -16.192280 -3.649360 13.256866 -59.608315 -21.117483 11.981322 2.187551 
-227.552795 108.695244 580.705688 0.000000 -3.516150 0.000000 90.690575 -2.601536 89.699974 172.154648 -4.948501 147.483536 2.052887 3.480202 -61.534214 -5.946058 -1.123961 91.412422 0.000006 0.003105 21.486677 -165.397995 6.585176 147.589035 1.774336 -3.173019 -60.274742 3.259884 0.441530 87.831711 -0.000011 -0.003105 21.478376 0.374101 0.377909 8.381295 0.351497 -1.074611 7.493912 -1.046696 -0.364489 6.939132 -3.275228 -1.146818 6.318840 0.252978 1.078093 -13.958816 4.649920 -78.480118 173.665451 31.831081 47.280640 -0.544596 1.298866 -14.621084 -47.090530 17.571894 -7.959801 4.111135 16.589285 79.757782 -164.412521 -16.270260 -44.237873 -15.940184 -3.552038 13.290984 -59.142830 -21.180380 12.014398 2.193516 
-227.556686 108.549751 581.968994 0.000000 -3.318622 0.000000 90.805321 -2.679517 89.484482 171.962753 -5.331720 147.306702 2.016445 3.467427 -61.486992 -5.787374 -1.181542 91.446915 0.000006 0.003105 21.486227 -165.379349 6.636654 147.608856 1.718072 -3.183655 -59.901806 3.205319 0.289361 88.382332 -0.000011 -0.003105 21.478003 0.381554 0.355506 8.365509 0.301260 -1.053629 7.612921 -1.097832 -0.327516 6.880420 -3.061035 -0.997840 6.123326 0.186272 1.111184 -13.940575 4.870258 -78.541763 173.432648 31.411201 47.708927 -1.024425 1.300401 -14.658529 -47.071140 17.745884 -8.202053 4.081368 15.462531 79.667198 -165.529663 -15.994497 -43.998055 -15.702751 -3.418642 13.360312 -58.632404 -21.232002 12.056874 2.185277 
-227.522247 108.408592 583.198669 0.000000 -3.098740 0.000000 90.895592 -2.760760 89.073860 171.781525 -5.831459 146.895676 2.008387 3.417969 -61.453087 -5.737907 -1.234693 91.314217 0.000006 0.003105 21.485865 -165.483536 6.719707 147.510162 1.773023 -3.228564 -59.445782 3.236710 0.097612 88.986443 -0.000012 -0.003105 21.477608 0.380601 0.330752 8.360643 0.187304 -1.021976 7.751961 -1.197681 -0.291716 6.874236 -2.910856 -0.799393 5.935299 0.070572 1.161903 -13.913205 5.144064 -78.621719 173.152206 30.673620 48.185188 -1.756621 1.235337 -14.802843 -46.872738 18.266790 -8.471038 4.010698 14.449804 79.620544 -166.524567 -15.483589 -43.582657 -15.697267 -3.348919 13.525825 -58.300018 -21.066427 12.241677 2.240662 
-227.446625 108.278641 584.365784 0.000000 -2.856745 0.000000 90.966141 -2.803959 88.638557 171.558609 -6.217057 146.460846 2.069157 3.334950 -61.322632 -5.772925 -1.345413 91.052063 0.000006 0.003105 21.485435 -165.769165 6.803566 147.468002 1.904300 -3.268106 -58.791622 3.272642 -0.176098 91.121117 -0.000012 -0.003105 21.477297 0.382161 0.305322 8.383895 0.080209 -0.995251 7.913778 -1.320193 -0.280622 6.901967 -2.825904 -0.670935 5.743146 -0.078741 1.166362 -13.679220 5.931132 -78.680634 172.359192 30.040882 48.559513 -2.274650 1.186021 -15.010509 -46.618359 19.124207 -8.652938 3.985945 13.438976 79.588539 -167.523026 -15.240139 -43.068901 -15.750725 -3.217704 13.660098 -57.950375 -20.798429 12.476357 2.374656 
-227.335785 108.163300 585.473022 0.000000 -2.600946 0.000000 90.972618 -2.866313 88.344681 171.506943 -6.399035 145.898575 2.011434 3.282643 -61.228989 -5.738459 -1.538538 89.113670 0.000006 0.003105 21.484966 -165.986984 6.754732 147.636200 1.983620 -3.310357 -58.152847 3.255348 -0.332711 91.369781 -0.000012 -0.003105 21.477093 0.391457 0.294723 8.415495 0.018066 -0.952306 7.972984 -1.338019 -0.297722 6.913459 -2.709096 -0.619603 5.665336 -0.108924 1.119563 -13.425394 6.038547 -78.686165 172.254089 29.434196 48.544537 -2.703672 1.216166 -15.077147 -46.628563 19.684164 -8.695095 3.991625 12.601592 79.522766 -168.356155 -15.139746 -42.800659 -15.935034 -3.054363 13.715719 -57.558487 -20.679255 12.640469 2.461179 
-227.206177 108.059059 586.550537 0.000000 -2.330928 0.000000 90.917999 -3.077204 88.253029 171.649139 -6.343674 145.541992 1.797441 3.286904 -61.312973 -5.769936 -1.479681 90.987991 0.000006 0.003105 21.484657 -165.768402 6.599199 148.073151 2.022076 -3.344007 -57.837177 3.173062 -0.361000 91.307777 -0.000012 -0.003105 21.477051 0.380745 0.300029 8.431436 0.031020 -0.902405 7.926092 -1.255072 -0.292463 6.904537 -2.502283 -0.615029 5.721114 0.024313 1.057660 -13.263887 5.203255 -78.662331 173.103989 28.934071 48.405563 -3.136174 1.348247 -15.001325 -47.124889 19.860596 -8.625902 4.048490 12.209790 79.455299 -168.756302 -15.114672 -42.853577 -16.225908 -2.950336 13.664360 -57.217163 -20.786961 12.651153 2.532755 
-227.082153 107.964882 587.640198 0.000000 -2.048724 0.000000 90.867043 -3.262505 88.301224 171.862640 -6.305663 145.533646 1.503265 3.325350 -61.336906 -5.779697 -1.476428 91.094551 0.000006 0.003105 21.484491 -165.430496 6.379931 148.485519 2.062138 -3.347576 -57.566643 3.093700 -0.387664 91.045204 -0.000012 -0.003105 21.477186 0.358225 0.306475 8.438902 0.072458 -0.871312 7.858844 -1.137920 -0.285220 6.887337 -2.189595 -0.673615 5.849125 0.241452 0.964399 -13.135062 4.176447 -78.726105 174.145004 28.513115 48.256954 -3.506975 1.547787 -14.881002 -47.927238 19.871849 -8.571646 4.102457 11.859939 79.431122 -169.134155 -15.144170 -43.116184 -16.535038 -2.849132 13.526611 -56.834980 -20.908344 12.688031 2.537454 
-226.964386 107.880661 588.752747 0.000000 -1.766987 0.000000 90.796600 -3.412751 88.369110 172.065781 -6.265979 145.722931 1.223690 3.359651 -61.389374 -5.787595 -1.486562 91.170097 0.000006 0.003104 21.484234 -165.196411 6.149058 148.739395 2.071649 -3.328353 -57.445568 3.117625 -0.417106 89.046524 -0.000012 -0.003105 21.477444 0.330725 0.304870 8.443842 0.126236 -0.843427 7.823098 -1.010191 -0.271043 6.889726 -1.791425 -0.805674 5.880675 0.492894 0.774514 -12.993839 3.200825 -78.852432 175.137466 28.256811 48.122246 -3.866944 1.792647 -14.720116 -48.795330 19.995228 -8.564827 4.155836 11.393904 79.393677 -169.642868 -15.127740 -43.345890 -16.845560 -2.720363 13.353233 -56.259998 -21.075008 12.779820 2.482471 
-226.848297 107.811447 589.877625 0.000000 -1.499294 0.000000 90.745735 -3.563900 88.354897 172.398972 -6.095829 145.685562 0.935371 3.359390 -61.304367 -5.686311 -1.540856 91.152802 0.000006 0.003104 21.483612 -165.102783 5.906089 148.839081 2.060068 -3.307254 -57.313557 3.152229 -0.551591 88.580185 -0.000012 -0.003105 21.477629 0.303615 0.299400 8.439034 0.174353 -0.783160 7.859119 -0.861375 -0.236525 6.917524 -1.479294 -0.941860 5.738691 0.716134 0.518229 -12.875203 2.266576 -78.920738 176.071747 28.126324 47.941418 -4.186120 1.983375 -14.514541 -49.568481 20.157225 -8.539232 4.163594 11.070493 79.329292 -170.005219 -15.135241 -43.522354 -17.231129 -2.428894 13.105084 -55.225155 -21.276363 12.973459 2.437747 
-226.737122 107.756256 590.996582 0.000000 -1.248515 0.000000 90.707527 -3.813130 88.248375 172.922241 -5.822963 145.339127 0.534626 3.310400 -60.932434 -5.668724 -1.600024 91.020279 0.000005 0.003104 21.482443 -165.036133 5.607031 149.071609 2.024672 -3.261203 -57.069595 3.145610 -0.738745 88.003510 -0.000012 -0.003104 21.477676 0.271522 0.284252 8.386911 0.204352 -0.707869 7.987499 -0.714543 -0.176728 6.973972 -1.191250 -1.092816 5.506723 0.808341 0.259850 -12.679630 1.214650 -79.029556 177.120270 28.150417 47.638294 -4.363593 2.152484 -14.311831 -50.314869 20.251968 -8.397649 4.199185 10.941097 79.278381 -170.166779 -15.153061 -43.833443 -17.625910 -1.998846 12.794872 -53.829464 -21.501116 13.091687 2.469079 
-226.633362 107.711502 592.109558 0.000000 -1.018711 0.000000 90.622681 -4.172068 87.978195 173.531662 -5.607414 144.823181 -0.041649 3.250109 -60.407009 -5.738842 -1.698497 88.980225 0.000005 0.003105 21.480917 -165.035446 5.304016 149.085953 1.852142 -3.158565 -56.383221 3.081226 -0.973296 87.243057 -0.000011 -0.003104 21.477268 0.223855 0.248158 8.265626 0.229923 -0.678574 8.203618 -0.537306 -0.098407 7.017671 -0.747318 -1.270554 5.144903 0.743040 0.086931 -12.394143 -0.668185 -79.181526 178.978027 28.244837 47.454681 -4.355523 2.303030 -14.099587 -51.123783 20.198545 -8.087040 4.345374 11.031930 79.239906 -170.112320 -15.176919 -44.050468 -17.841093 -1.348640 12.437593 -51.979279 -21.807209 13.001484 2.408278 
-226.534302 107.669510 593.203125 0.000000 -0.839662 0.000000 90.475128 -4.481518 87.777748 174.083359 -5.657178 144.137207 -0.567505 3.201572 -60.237484 -5.946720 -1.598825 88.791618 0.000005 0.003104 21.479343 -165.118301 4.899847 149.302032 1.615080 -3.068224 -55.451488 3.017835 -1.229432 86.560577 -0.000011 -0.003104 21.476503 0.199034 0.159535 8.073484 0.267537 -0.672683 8.473731 -0.360303 -0.059800 7.071078 -0.208575 -1.229554 4.536881 0.345559 0.121876 -12.105927 -2.855137 -79.336388 -178.896530 28.375183 47.430195 -4.040359 2.474821 -13.823527 -52.108589 20.028845 -7.585382 4.663372 11.759421 79.295967 -169.410202 -15.014225 -43.804230 -17.623394 -0.644206 12.220434 -49.846180 -22.011454 12.818253 2.133681 
-226.472305 107.620415 594.302490 0.000000 -0.715912 0.000000 90.315491 -4.743060 87.843674 174.266663 -5.792296 143.586884 -0.895312 3.186168 -60.002411 -6.333728 -1.512231 88.719536 0.000004 0.003104 21.478113 -165.318939 4.437335 148.880249 1.238400 -3.111323 -54.848690 2.750162 -1.468489 86.008766 -0.000011 -0.003103 21.476135 0.145165 0.021531 7.927333 0.148347 -0.658729 8.655360 -0.209709 -0.142464 7.200149 0.155529 -1.137152 4.051318 -0.285270 0.287900 -12.052401 -4.269848 -79.199265 -177.536774 27.417799 47.824856 -4.410245 2.539896 -13.662026 -52.669151 20.014769 -7.387313 4.775679 13.011539 79.411942 -168.212845 -15.186554 -43.439468 -16.264273 -0.157866 12.313085 -48.529716 -21.988894 12.628297 1.838474 
-226.439575 107.560860 595.416809 0.000000 -0.585104 0.000000 90.118332 -4.948724 88.043289 174.266846 -6.143934 143.732422 -0.939951 3.186591 -59.966373 -6.674677 -1.454234 88.591972 0.000004 0.003104 21.477041 -165.556747 3.881004 148.360764 1.074756 -3.236044 -54.702721 2.410936 -1.430833 85.651398 -0.000010 -0.003103 21.476454 0.141497 -0.079470 7.863715 0.057603 -0.665040 8.756388 -0.121985 -0.209941 7.263932 0.221079 -1.023694 4.047834 -0.846709 0.600232 -11.875260 -5.391495 -79.000244 -176.429581 26.018415 48.338951 -5.135204 2.687769 -13.629397 -53.314816 20.243248 -7.319688 4.770453 13.530645 79.480438 -167.727585 -15.807837 -43.157269 -14.928262 0.022756 12.379316 -48.129028 -21.828243 12.404528 1.668632 
-226.422150 107.494034 596.541321 0.000000 -0.439657 0.000000 89.908592 -5.359455 88.081047 174.021637 -6.294997 144.240646 -1.155204 3.137675 -60.061455 -6.699683 -1.388886 88.233803 0.000004 0.003104 21.477058 -165.794968 3.750709 148.472427 1.138586 -3.287743 -54.755505 2.395747 -1.482935 85.560440 -0.000010 -0.003102 21.476254 0.172898 -0.082421 7.917621 0.076146 -0.663027 8.718921 -0.025959 -0.195942 7.230208 0.324464 -1.001158 4.250648 -0.768296 0.655972 -11.821012 -5.515481 -79.099335 -176.285538 25.663065 48.347137 -5.419660 2.654079 -13.524680 -53.503998 20.554718 -7.496788 4.728242 13.062794 79.360184 -168.199478 -15.905529 -43.206966 -15.044304 0.003958 12.250023 -48.060909 -21.877264 12.613473 1.741776 
-226.407043 107.436386 597.652649 0.000000 -0.302356 0.000000 89.779465 -5.726578 88.012512 173.779648 -6.204836 144.345673 -1.467646 3.061769 -59.858723 -6.532531 -1.208400 87.819618 0.000004 0.003104 21.477598 -166.197983 3.856667 148.788620 1.167876 -3.291770 -54.741596 2.622063 -1.616718 85.500450 -0.000010 -0.003102 21.475851 0.204795 -0.053950 7.996812 0.135777 -0.611759 8.541534 0.048822 -0.125219 7.239784 0.361313 -0.971204 4.352796 -0.518853 0.443853 -11.944565 -5.443483 -79.269234 -176.311157 25.870224 48.063812 -5.350009 2.521975 -13.330204 -53.199383 20.915045 -7.880246 4.708128 11.889874 79.119965 -169.367905 -15.531153 -43.338779 -15.687354 -0.005790 12.104530 -47.855736 -22.014776 13.080378 1.865463 
-226.403671 107.388748 598.738708 0.000000 -0.140739 0.000000 89.683716 -5.787408 87.913467 173.627228 -6.093753 144.227478 -1.689752 3.013194 -59.596237 -6.403106 -1.005086 87.526352 0.000004 0.003103 21.477795 -166.703018 3.958100 148.987244 1.152419 -3.359663 -54.516941 2.833961 -1.689210 85.398132 -0.000010 -0.003102 21.475462 0.225869 -0.033755 8.068863 0.168829 -0.522521 8.323745 0.078242 -0.040405 7.272888 0.322963 -0.804458 4.385734 -0.453113 0.135398 -12.004033 -5.106730 -79.329964 -176.602188 25.856855 47.641941 -5.363956 2.426616 -13.124863 -53.046955 21.225489 -8.257861 4.777806 10.973895 78.884361 -170.297241 -15.195659 -43.514442 -15.757780 0.016599 12.003202 -47.589405 -22.078369 13.541941 1.949669 
-226.408340 107.337143 599.791809 0.000000 0.062019 0.000000 89.546494 -5.928596 87.869408 173.471741 -6.013546 144.646088 -1.826807 3.002140 -59.388916 -6.336158 -0.875091 87.146034 0.000005 0.003103 21.477854 -167.086807 3.899752 149.168335 1.165612 -3.422550 -54.217457 2.993743 -1.706102 85.389511 -0.000010 -0.003102 21.475428 0.228486 -0.017280 8.131420 0.186684 -0.475367 8.185497 0.112789 0.016332 7.248541 0.493446 -0.634650 4.446614 -0.221540 -0.042166 -11.962486 -5.062604 -79.446365 -176.604477 25.820177 47.484734 -5.379146 2.434792 -12.973482 -53.238194 21.498537 -8.590435 4.824261 10.190350 78.640594 -171.103043 -15.033189 -43.734081 -15.893005 -0.041661 11.828414 -47.670086 -22.192575 13.873793 1.935419 
-226.420013 107.283829 600.837158 0.000000 0.254817 0.000000 89.439285 -6.037226 87.846825 173.341522 -5.939329 145.377579 -1.986810 3.032508 -59.361027 -6.306438 -0.795874 86.792633 0.000005 0.003103 21.477936 -167.420166 3.759578 149.467026 1.236003 -3.478999 -53.902397 3.062510 -1.721701 85.400444 -0.000010 -0.003102 21.475677 0.218048 -0.001266 8.198673 0.200235 -0.457784 8.071218 0.129772 0.059861 7.208574 0.718669 -0.498928 4.532363 0.098421 -0.112432 -11.813216 -5.316236 -79.552261 -176.310333 25.895094 47.433674 -5.366834 2.465373 -12.856965 -53.586349 21.722046 -8.785701 4.822925 9.595386 78.466751 -171.721863 -15.022423 -44.002117 -15.965182 -0.162408 11.658906 -47.994682 -22.304543 14.142354 1.944424 
-226.439377 107.233360 601.892395 0.000000 0.419651 0.000000 89.366730 -6.007995 87.862152 173.318329 -5.866893 145.628693 -2.159776 3.086419 -59.329334 -6.204138 -0.767820 86.430138 0.000005 0.003103 21.477840 -167.854599 3.627502 149.793823 1.307735 -3.558318 -53.579220 3.097073 -1.753082 85.391159 -0.000010 -0.003102 21.475996 0.217378 0.010537 8.278798 0.188216 -0.410530 7.939572 0.117353 0.117468 7.182970 0.859693 -0.342369 4.598712 0.306770 -0.191247 -11.596992 -5.467076 -79.582985 -176.123413 25.878822 47.281376 -5.543474 2.432858 -12.738307 -53.710438 21.907921 -8.916454 4.812714 9.265318 78.361786 -172.073868 -14.909696 -44.183182 -15.920361 -0.182381 11.581010 -48.026360 -22.327997 14.368002 2.080227 
-226.459793 107.187149 602.945251 0.000000 0.595218 0.000000 89.302643 -5.904361 87.823311 173.285065 -5.762767 145.765060 -2.298896 3.146117 -59.295689 -6.119599 -0.740083 86.002617 0.000005 0.003102 21.477692 -168.298035 3.523452 150.135132 1.336117 -3.648276 -53.177830 3.199743 -1.777464 85.341782 -0.000009 -0.003102 21.476305 0.227316 0.016349 8.346806 0.168917 -0.373977 7.799381 0.108366 0.167727 7.148298 0.993012 -0.168478 4.675221 0.505998 -0.291028 -11.371723 -5.524664 -79.594856 -176.036911 25.792688 47.258011 -5.868322 2.372962 -12.638041 -53.783550 22.102095 -9.101749 4.803111 8.956454 78.296310 -172.404968 -14.821339 -44.344597 -15.796555 -0.171675 11.541844 -47.977749 -22.311470 14.552371 2.242592 
-226.476807 107.145729 603.994263 0.000000 0.796432 0.000000 89.268173 -5.865400 87.789734 173.160583 -5.645097 146.365067 -2.402676 3.230462 -59.253166 -6.141881 -0.680831 85.537018 0.000005 0.003102 21.477684 -168.711273 3.473211 150.334595 1.308916 -3.723139 -52.786617 3.470804 -1.745074 85.213989 -0.000009 -0.003102 21.476593 0.241091 0.013658 8.395247 0.165208 -0.363727 7.654157 0.100123 0.188047 7.136537 1.217577 -0.036241 4.766131 0.751422 -0.298297 -11.095882 -5.593578 -79.655052 -175.938400 25.769333 47.520229 -6.169082 2.318461 -12.563089 -53.930454 22.328949 -9.323627 4.727816 8.581572 78.256615 -172.811981 -14.756259 -44.491131 -15.799302 -0.240967 11.486918 -48.105923 -22.283054 14.685947 2.331698 
-226.488617 107.109283 605.048706 0.000000 1.000185 0.000000 89.285324 -5.781069 87.810608 172.997284 -5.599693 147.216415 -2.509848 3.326353 -59.331024 -6.226790 -0.660365 85.156410 0.000006 0.003102 21.477722 -169.050110 3.438825 150.449310 1.247207 -3.797440 -52.350304 3.755736 -1.712491 85.036980 -0.000009 -0.003102 21.476793 0.257349 0.007321 8.445265 0.165076 -0.353455 7.514927 0.071311 0.178704 7.142606 1.375058 0.093337 4.720821 1.081111 -0.244871 -10.816606 -5.910563 -79.695000 -175.583328 25.706070 47.831764 -6.449479 2.212791 -12.468048 -53.874825 22.488646 -9.534302 4.644886 8.485465 78.275299 -172.930557 -14.682178 -44.581341 -15.765766 -0.322466 11.427545 -48.374950 -22.248087 14.765266 2.444176 
-226.494385 107.069626 606.110168 0.000000 1.199855 0.000000 89.289856 -5.631706 87.914490 172.905151 -5.558653 147.864975 -2.592121 3.400732 -59.603691 -6.234467 -0.691589 84.785789 0.000006 0.003102 21.477892 -169.361847 3.421398 150.633682 1.137596 -3.860418 -52.083191 3.973549 -1.673480 84.845398 -0.000009 -0.003102 21.477009 0.267401 0.005319 8.493736 0.174757 -0.323201 7.381948 0.042481 0.159882 7.125165 1.378847 0.180093 4.733465 1.259142 -0.190376 -10.524760 -6.310639 -79.722794 -175.146286 25.694483 47.944622 -6.694211 2.092920 -12.349883 -53.688747 22.559210 -9.742091 4.578176 8.719191 78.295052 -172.710190 -14.562625 -44.624695 -15.653076 -0.322465 11.396412 -48.628796 -22.156256 14.789386 2.542983 
-226.500961 107.019020 607.174072 0.000000 1.403802 0.000000 89.276436 -5.426933 88.070274 172.953247 -5.401925 148.244812 -2.587214 3.411273 -59.734051 -6.178451 -0.765367 84.557800 0.000006 0.003102 21.478144 -169.751282 3.356254 150.822144 1.087122 -3.892540 -51.993748 4.071549 -1.627774 84.657692 -0.000009 -0.003102 21.477369 0.248821 0.009222 8.535509 0.206443 -0.203451 7.276224 0.021428 0.165531 7.047647 1.296380 0.295762 4.826488 1.275255 -0.127842 -10.355227 -6.540578 -79.742714 -174.882660 25.526123 47.822800 -7.067651 2.008804 -12.218131 -53.688915 22.683043 -9.966544 4.524329 8.691431 78.236328 -172.761307 -14.239804 -44.706081 -15.470305 -0.299746 11.372478 -48.813175 -21.962385 14.721522 2.579081 
-226.512238 106.955841 608.244629 0.000000 1.609985 0.000000 89.270515 -5.384224 88.157555 173.039505 -5.175694 148.428635 -2.539938 3.416695 -59.597134 -6.014378 -0.825141 84.467087 0.000006 0.003102 21.478281 -170.244476 3.327938 150.915329 1.090139 -3.944468 -51.785484 4.112887 -1.502535 84.549866 -0.000009 -0.003102 21.477955 0.224369 0.003144 8.558991 0.245631 -0.071244 7.212986 0.003998 0.189397 6.971994 1.188179 0.401337 4.960952 1.210847 -0.191050 -10.280351 -6.487010 -79.715172 -174.914993 25.272560 47.652737 -7.514917 1.919897 -12.105222 -53.604778 22.848936 -10.200860 4.465056 8.496674 78.149353 -172.980560 -14.043255 -44.761909 -15.274090 -0.284226 11.364655 -48.760944 -21.834351 14.627971 2.685620 
-226.530762 106.886032 609.319092 0.000000 1.822952 0.000000 89.305672 -5.467761 88.152733 173.013885 -5.220541 148.779968 -2.481300 3.478803 -59.509029 -5.920295 -0.792780 84.426933 0.000006 0.003101 21.478296 -170.591431 3.342410 150.850891 1.013074 -4.017320 -51.693348 4.371305 -1.438818 84.619492 -0.000009 -0.003102 21.478647 0.205696 -0.006732 8.569838 0.262363 -0.004551 7.090773 0.038487 0.174152 6.958538 1.189517 0.390934 4.971116 1.124673 -0.195605 -10.165443 -6.970591 -79.713646 -174.407196 24.906240 47.787079 -7.933177 1.812017 -12.040680 -53.431366 22.914850 -10.413907 4.452993 8.093351 78.190910 -173.422958 -14.010385 -44.756180 -15.317332 -0.256155 11.386764 -48.673176 -21.736292 14.632754 2.845770 
-226.563232 106.817154 610.412231 0.000000 2.040286 0.000000 89.377167 -5.559687 88.089294 172.768951 -5.288309 149.473999 -2.481127 3.594063 -59.725956 -6.030922 -0.725011 84.360550 0.000007 0.003101 21.478279 -170.814011 3.331677 150.710297 0.905489 -4.101980 -51.681725 4.697800 -1.333753 84.602333 -0.000009 -0.003102 21.479156 0.203037 -0.000397 8.600339 0.254102 0.024788 6.907314 0.085787 0.127435 6.971339 1.218244 0.319446 4.937639 1.180945 -0.112698 -9.965055 -7.420453 -79.744652 -173.940430 24.591618 48.103916 -8.259423 1.760953 -12.031059 -53.302341 22.945055 -10.588270 4.462008 7.921614 78.344002 -173.643921 -13.941651 -44.611694 -15.562222 -0.309217 11.450584 -48.777813 -21.488649 14.584917 3.017102 
-226.608566 106.758202 611.534241 0.000000 2.242042 0.000000 89.423561 -5.742257 88.110535 172.501846 -5.121093 150.232132 -2.543787 3.684403 -60.095226 -6.133780 -0.665548 84.301567 0.000007 0.003101 21.478256 -170.980515 3.224353 150.539383 0.877155 -4.179379 -51.485847 4.998380 -1.218320 84.402130 -0.000009 -0.003102 21.479683 0.199180 0.002671 8.647240 0.292111 0.063319 6.732738 0.069418 0.101710 6.970815 1.329569 0.251309 4.943253 1.478045 -0.059475 -9.848284 -7.407803 -79.798737 -173.950150 24.234087 48.312710 -8.772494 1.742001 -12.074300 -53.055611 22.995008 -10.605621 4.410466 7.712717 78.447823 -173.905304 -13.786990 -44.621853 -15.811318 -0.421656 11.426618 -48.947273 -21.285620 14.426674 3.125264 
-226.667450 106.707443 612.679810 0.000000 2.413356 0.000000 89.443123 -5.981654 88.229500 172.192825 -4.850248 150.702896 -2.514328 3.770202 -60.200207 -6.103715 -0.567211 84.317589 0.000007 0.003101 21.478241 -171.107986 3.174498 150.326080 0.970774 -4.232145 -51.127140 5.161009 -1.118468 84.306305 -0.000009 -0.003102 21.480080 0.169208 -0.008146 8.682417 0.335095 0.086101 6.624867 0.014646 0.106154 7.015895 1.405989 0.142959 4.992570 1.721861 0.010830 -9.761443 -6.830575 -79.777885 -174.534897 23.936697 48.272633 -9.377936 1.768881 -12.123187 -53.050720 22.911036 -10.463820 4.351841 7.643242 78.526093 -173.993027 -13.732760 -44.650558 -15.918239 -0.499209 11.423912 -49.005501 -21.122828 14.239367 3.230208 
-226.731369 106.662605 613.835388 0.000000 2.562793 0.000000 89.401581 -6.323327 88.261368 171.985596 -4.576582 150.665314 -2.396193 3.817864 -60.256916 -5.955792 -0.547473 84.251747 0.000007 0.003100 21.478157 -171.298203 3.183733 150.271759 1.140341 -4.302053 -50.848240 5.250641 -1.085101 84.377922 -0.000008 -0.003102 21.480398 0.140494 -0.020338 8.705289 0.340516 0.076342 6.556734 -0.011862 0.145773 7.116533 1.297377 0.063768 5.099041 1.663765 0.072459 -9.616355 -6.284348 -79.677826 -175.082428 23.835026 48.099442 -9.703989 1.750857 -12.132421 -52.919369 22.824198 -10.219858 4.385579 7.778438 78.575035 -173.824615 -13.639477 -44.587612 -16.117886 -0.539698 11.505654 -48.986713 -21.088263 14.220007 3.294916 
-226.797775 106.627884 614.987366 0.000000 2.699357 0.000000 89.340912 -6.707029 88.332893 171.928391 -4.362911 150.468033 -2.246910 3.858037 -60.324371 -5.879107 -0.591220 84.178337 0.000007 0.003100 21.478178 -171.565918 3.137305 150.139435 1.250008 -4.353704 -50.678955 5.201290 -1.129215 84.530586 -0.000008 -0.003102 21.480843 0.115222 -0.039569 8.698472 0.323976 0.052118 6.523552 -0.021624 0.181901 7.187304 1.113944 0.054487 5.280441 1.493328 0.042120 -9.388015 -5.947240 -79.597214 -175.410309 23.895712 47.991920 -9.772959 1.747123 -12.092498 -52.774250 22.731762 -10.007745 4.461979 8.026797 78.646111 -173.529816 -13.403925 -44.460682 -16.475445 -0.581640 11.588645 -49.079739 -21.078936 14.084783 3.384228 
-226.863983 106.600174 616.138428 0.000000 2.830739 0.000000 89.299049 -6.979084 88.444511 171.867554 -4.163244 150.333405 -2.115350 3.907696 -60.469227 -5.973063 -0.668806 83.963432 0.000007 0.003100 21.478451 -171.833755 3.077420 150.193741 1.234373 -4.383858 -50.623569 5.168658 -1.155742 84.665764 -0.000008 -0.003102 21.481155 0.112089 -0.061062 8.682730 0.331771 0.072777 6.478073 -0.034917 0.221485 7.195830 0.943966 0.095824 5.407983 1.386898 0.038999 -9.133587 -5.515511 -79.533295 -175.830444 24.042385 47.954994 -9.757746 1.729699 -12.064337 -52.503117 22.635353 -9.945678 4.525977 8.238820 78.697876 -173.276077 -13.064879 -44.270584 -16.818762 -0.633011 11.680402 -49.250576 -21.042276 13.928042 3.552771 
-226.928497 106.576286 617.295044 0.000000 2.956510 0.000000 89.293488 -7.145728 88.520370 171.698746 -3.989872 150.375885 -2.030831 3.960827 -60.800838 -6.169653 -0.775674 83.780930 0.000007 0.003099 21.478767 -172.019669 3.091046 150.391983 1.130169 -4.410337 -50.750992 5.209472 -1.157426 84.817650 -0.000008 -0.003102 21.481342 0.117426 -0.079151 8.663457 0.347307 0.117778 6.459671 -0.059431 0.247488 7.170236 0.749934 0.146809 5.494945 1.324133 0.016087 -8.949238 -5.283062 -79.475327 -176.050278 24.204794 48.022106 -9.667741 1.705883 -11.997259 -52.280228 22.557722 -9.978434 4.610915 8.116184 78.749115 -173.379715 -12.650509 -44.065483 -17.255749 -0.721492 11.738156 -49.626598 -20.966604 13.806679 3.725116 
-226.996918 106.555031 618.468933 0.000000 3.066351 0.000000 89.320892 -7.319271 88.492462 171.552292 -3.905891 150.256058 -1.958715 4.010017 -60.966572 -6.352614 -0.867595 83.657951 0.000008 0.003099 21.478909 -172.163513 3.266225 150.780640 1.014154 -4.418735 -51.023575 5.364844 -1.179701 84.950592 -0.000008 -0.003102 21.481512 0.117036 -0.085623 8.641500 0.357379 0.182584 6.502942 -0.076830 0.264516 7.115432 0.515134 0.218846 5.473748 1.234841 0.039442 -8.798107 -5.422247 -79.410202 -175.892792 24.102255 48.049080 -9.738876 1.682006 -11.893046 -52.062008 22.580235 -10.081515 4.714754 7.801352 78.787056 -173.684814 -12.448128 -43.848740 -17.647352 -0.803404 11.803193 -50.076035 -20.950420 13.792041 3.867326 
-227.066345 106.536034 619.673645 0.000000 3.157121 0.000000 89.302063 -7.440378 88.483154 171.525986 -3.912567 149.804367 -1.929049 4.056511 -60.942993 -6.463523 -0.885829 83.572990 0.000008 0.003099 21.478941 -172.313599 3.514858 151.403015 0.938107 -4.439028 -51.551308 5.503859 -1.225323 85.035980 -0.000008 -0.003102 21.481649 0.114153 -0.087760 8.643303 0.318804 0.227807 6.596632 -0.041158 0.270082 7.061788 0.242918 0.339610 5.363614 1.121751 0.041181 -8.691081 -5.627971 -79.300896 -175.660477 24.223948 48.009537 -9.405235 1.638393 -11.771717 -51.776417 22.769331 -10.204096 4.892940 7.551768 78.851883 -173.913147 -12.616293 -43.651234 -17.740097 -0.839770 11.926812 -50.419407 -20.852629 13.808415 3.937230 
-227.126053 106.512985 620.901672 0.000000 3.254419 0.000000 89.248024 -7.469184 88.464134 171.631943 -4.031348 148.914307 -1.879077 4.092039 -60.843124 -6.428006 -0.882061 83.471481 0.000008 0.003099 21.478867 -172.543243 3.831781 152.207443 0.856442 -4.464058 -52.222881 5.600632 -1.302168 85.027336 -0.000008 -0.003103 21.481762 0.117368 -0.082042 8.645205 0.242048 0.287911 6.739766 0.041163 0.281842 7.033575 -0.033864 0.458525 5.095182 0.874174 0.089341 -8.532826 -5.744085 -79.192566 -175.508255 24.417761 47.971054 -8.906205 1.610572 -11.634624 -51.335560 22.992544 -10.397717 5.101761 7.539203 78.951218 -173.891891 -13.005721 -43.456345 -17.694340 -0.814407 12.126811 -50.547832 -20.657293 13.878808 4.009935 
-227.170990 106.483734 622.136414 0.000000 3.379538 0.000000 89.166985 -7.332320 88.451057 171.708908 -4.201962 147.786194 -1.863663 4.112281 -61.146160 -6.289600 -0.898547 83.441650 0.000008 0.003099 21.478785 -172.752502 4.257813 153.104767 0.898772 -4.480497 -53.118584 5.611569 -1.425629 84.965614 -0.000008 -0.003103 21.481680 0.128755 -0.065461 8.632455 0.165385 0.358040 6.918288 0.130636 0.314753 7.020511 -0.382294 0.526726 4.720036 0.360174 0.217765 -8.316333 -5.695541 -79.077309 -175.519821 24.522646 47.947399 -8.465570 1.601752 -11.505692 -50.814232 23.089947 -10.584558 5.364961 7.704447 79.030151 -173.682755 -13.400413 -43.375008 -17.653872 -0.750268 12.446310 -50.631748 -20.422680 13.888749 4.129891 
-227.200012 106.445190 623.381897 0.000000 3.536197 0.000000 89.096519 -7.213348 88.394394 171.711884 -4.464367 146.964066 -1.854375 4.096592 -61.791153 -6.152504 -0.957333 83.440102 0.000007 0.003099 21.478880 -172.798920 4.670868 153.905930 0.988119 -4.539468 -54.256138 5.574444 -1.505322 84.999413 -0.000008 -0.003103 21.481279 0.151047 -0.053183 8.574480 0.116959 0.414950 7.086885 0.194437 0.356455 7.031828 -0.677016 0.581718 4.429355 -0.127433 0.401159 -8.045547 -5.808599 -78.959206 -175.368851 24.542469 48.021053 -8.111403 1.496912 -11.359881 -50.176983 22.960970 -10.731810 5.588737 7.664485 79.034233 -173.685150 -13.577793 -43.396709 -17.754543 -0.801688 12.752899 -51.046852 -20.217602 13.857700 4.157338 
-227.216171 106.396362 624.651489 0.000000 3.697498 0.000000 89.069992 -7.143369 88.400536 171.603531 -4.640212 146.648788 -1.853059 4.052511 -62.689148 -6.161831 -1.076396 83.410324 0.000007 0.003098 21.479256 -172.831558 4.970842 154.392395 1.101104 -4.585807 -55.170582 5.537249 -1.514073 85.162827 -0.000008 -0.003103 21.480886 0.171232 -0.050067 8.506606 0.084631 0.452025 7.209698 0.220462 0.366608 7.049172 -0.957429 0.628202 4.206367 -0.437434 0.595798 -7.819536 -5.707971 -78.827446 -175.446472 24.459389 48.245331 -8.055975 1.364286 -11.262730 -49.585281 22.801645 -10.791992 5.774116 7.491312 78.980194 -173.838455 -13.443425 -43.395588 -18.040911 -0.898744 12.970893 -51.538445 -20.117931 13.840582 4.116515 
-227.223236 106.342491 625.952515 0.000000 3.838800 0.000000 90.877304 -7.122164 90.774101 171.364868 -4.678581 146.582535 -1.829068 4.009988 -63.485630 -6.253417 -1.178466 83.401466 0.000007 0.003098 21.479719 -172.804855 5.133345 154.522400 1.202373 -4.616701 -55.703602 5.503256 -1.510158 85.308151 -0.000008 -0.003103 21.480440 0.188057 -0.051030 8.433034 0.084236 0.464916 7.273570 0.230583 0.359594 7.062284 -1.240561 0.691146 4.037676 -0.622470 0.783103 -7.672284 -5.463678 -78.708046 -175.679108 24.367809 48.530045 -8.151028 1.255165 -11.145332 -49.033821 22.687952 -10.794847 5.912072 7.328806 78.897987 -173.995041 -13.157513 -43.437397 -18.425098 -0.969525 13.068935 -51.874199 -20.123974 13.864161 4.079335 
-227.223618 106.291054 627.279785 0.000000 3.949959 0.000000 90.785919 -7.116747 90.694481 171.103531 -4.605668 146.590027 -1.824851 3.981051 -64.103485 -6.363106 -1.249430 83.419968 0.000007 0.003098 21.480251 -172.794220 5.179909 154.568115 1.292835 -4.616685 -55.949261 5.491651 -1.492397 85.386551 -0.000008 -0.003103 21.480103 0.192505 -0.057932 8.361766 0.090601 0.466922 7.282598 0.228438 0.344319 7.068670 -1.484234 0.786834 3.994153 -0.733896 0.966475 -7.525465 -5.243408 -78.616852 -175.893402 24.341711 48.832191 -8.351234 1.198414 -11.043892 -48.685013 22.632484 -10.788689 5.986785 7.278173 78.841850 -174.040436 -12.828906 -43.509342 -18.805853 -1.018955 13.064491 -52.041451 -20.132687 13.880394 4.096663 
-227.220871 106.245041 628.626526 0.000000 4.033568 0.000000 90.685837 -7.122173 90.637947 170.878860 -4.467274 146.570023 -1.848874 3.965367 -64.542557 -6.467026 -1.290917 83.433563 0.000007 0.003098 21.480715 -172.750366 5.133101 154.654510 1.394657 -4.607646 -56.097794 5.475099 -1.491407 85.498497 -0.000008 -0.003103 21.479929 0.197818 -0.066403 8.298063 0.080038 0.462883 7.263753 0.213954 0.330544 7.081059 -1.667033 0.901853 3.994851 -0.784009 1.103525 -7.394765 -5.103119 -78.510460 -176.030228 24.438313 49.164005 -8.464613 1.177374 -10.958978 -48.442181 22.559856 -10.795808 6.092897 7.300929 78.792046 -174.008194 -12.620255 -43.559357 -19.075392 -1.050187 13.063652 -52.075375 -20.137373 13.860513 4.139717 
-227.216721 106.206062 629.988770 0.000000 4.094107 0.000000 90.585335 -7.159086 90.610298 170.700974 -4.320141 146.510315 -1.887371 3.974383 -64.930954 -6.601298 -1.309473 83.427193 0.000008 0.003098 21.481047 -172.685638 5.001736 154.814667 1.433214 -4.607896 -56.156315 5.477693 -1.511979 85.603661 -0.000008 -0.003103 21.479918 0.192005 -0.071430 8.244747 0.058923 0.459271 7.244822 0.194311 0.319535 7.081197 -1.763450 0.986993 4.047698 -0.798718 1.220168 -7.258297 -5.031094 -78.423241 -176.102402 24.696695 49.560387 -8.384862 1.165696 -10.866925 -48.301151 22.497076 -10.845562 6.181416 7.391010 78.750290 -173.913162 -12.561871 -43.559204 -19.162008 -1.053331 13.081717 -52.047771 -20.169363 13.843720 4.169424 
-227.213882 106.174004 631.363159 0.000000 4.138922 0.000000 90.497459 -7.239386 90.526779 170.542770 -4.168258 146.537918 -1.914158 4.003881 -65.147789 -6.759056 -1.293035 83.431343 0.000008 0.003098 21.481222 -172.633316 4.861542 154.910461 1.410095 -4.599615 -56.224884 5.494416 -1.522318 85.689201 -0.000008 -0.003103 21.480001 0.172953 -0.080031 8.211247 0.048063 0.454467 7.255915 0.178287 0.305969 7.064142 -1.803865 1.009987 4.160654 -0.633151 1.311702 -7.038095 -5.192984 -78.336143 -175.940445 25.036077 49.919857 -8.191608 1.185422 -10.772787 -48.361183 22.423090 -10.863973 6.247271 7.497027 78.707947 -173.812271 -12.698731 -43.529133 -19.085033 -1.068332 13.091715 -52.048954 -20.222227 13.817878 4.159300 
-227.212616 106.149902 632.751343 0.000000 4.165364 0.000000 90.427444 -7.318965 90.395386 170.347672 -4.028388 146.600891 -1.957892 4.054469 -65.261208 -6.894762 -1.282043 83.423553 0.000008 0.003098 21.481218 -172.603470 4.710763 154.925613 1.330550 -4.588620 -56.286037 5.518765 -1.527864 85.726463 -0.000008 -0.003103 21.480139 0.150347 -0.091595 8.186419 0.049977 0.454109 7.268014 0.174436 0.277694 7.012781 -1.830739 0.970950 4.339976 -0.506713 1.387557 -6.878196 -5.354601 -78.276199 -175.781937 25.242588 50.245708 -8.103979 1.213912 -10.670832 -48.405991 22.426813 -10.792403 6.305234 7.430278 78.686005 -173.880508 -12.901545 -43.532719 -18.891813 -1.081422 13.054688 -52.045963 -20.305901 13.755616 4.125530 
-227.214432 106.133690 634.151367 0.000000 4.170917 0.000000 90.363045 -7.314519 90.274544 170.161743 -3.947325 146.554718 -2.036878 4.088418 -65.288284 -6.975261 -1.261866 83.423798 0.000008 0.003098 21.481125 -172.573364 4.570815 155.065659 1.220795 -4.569455 -56.289360 5.554056 -1.526996 85.779388 -0.000008 -0.003103 21.480219 0.131124 -0.107374 8.167485 0.040962 0.455943 7.274375 0.177929 0.246262 6.964228 -1.891636 0.965865 4.475074 -0.420504 1.429344 -6.753907 -5.556046 -78.220917 -175.580429 25.426012 50.501785 -8.079874 1.225785 -10.578945 -48.330242 22.415915 -10.680973 6.370334 7.314570 78.681435 -173.990601 -13.152453 -43.542431 -18.600273 -1.069450 13.040296 -52.006256 -20.396187 13.704703 4.097851 
-227.219742 106.121918 635.564270 0.000000 4.163391 0.000000 90.309326 -7.306508 90.146843 170.028076 -3.910830 146.440598 -2.144167 4.128621 -65.209152 -7.055439 -1.241067 83.442215 0.000008 0.003098 21.480955 -172.562119 4.429627 155.266678 1.141575 -4.539374 -56.355495 5.617612 -1.515759 85.802467 -0.000008 -0.003103 21.480293 0.118455 -0.123480 8.158102 0.035772 0.469012 7.261344 0.176372 0.218146 6.939635 -1.938680 0.924820 4.630235 -0.290074 1.449018 -6.632147 -5.689514 -78.176430 -175.444687 25.532282 50.628746 -8.097897 1.241769 -10.528095 -48.326851 22.414160 -10.532869 6.417650 7.118083 78.715210 -174.177002 -13.269606 -43.519527 -18.471634 -1.060750 13.048493 -51.996738 -20.528944 13.640000 4.062224 
-227.226669 106.113495 636.984619 0.000000 4.150958 0.000000 90.261185 -7.297905 90.015076 169.884995 -3.866814 146.422180 -2.241290 4.188947 -65.088882 -7.127262 -1.214368 83.408524 0.000008 0.003098 21.480652 -172.549545 4.291457 155.375443 1.074033 -4.489673 -56.378036 5.713132 -1.492778 85.731964 -0.000008 -0.003103 21.480383 0.104879 -0.132446 8.172352 0.019121 0.471967 7.239194 0.173749 0.185515 6.923211 -1.918875 0.809392 4.860747 -0.017277 1.448548 -6.578577 -5.708899 -78.170883 -175.427414 25.756176 50.724144 -7.982370 1.296951 -10.478529 -48.478863 22.372057 -10.365499 6.459826 6.774644 78.766792 -174.509079 -13.392435 -43.525639 -18.290565 -1.089883 13.060994 -52.133801 -20.672909 13.607726 3.970816 
-227.235199 106.108681 638.401672 0.000000 4.139432 0.000000 90.214798 -7.313903 89.877525 169.716156 -3.770238 146.404556 -2.373400 4.239079 -64.944771 -7.169930 -1.187285 83.424889 0.000008 0.003098 21.480307 -172.531204 4.241399 155.475861 0.980291 -4.434156 -56.426903 5.836968 -1.481556 85.639992 -0.000008 -0.003104 21.480484 0.093113 -0.145276 8.210838 0.002363 0.468107 7.226881 0.173413 0.159000 6.897132 -1.892194 0.655424 5.161170 0.279413 1.402653 -6.524512 -5.633893 -78.181015 -175.502472 25.946440 50.781559 -7.976349 1.340128 -10.439127 -48.596355 22.405556 -10.189939 6.510445 6.525100 78.793747 -174.741592 -13.531444 -43.499889 -18.051611 -1.078528 13.097851 -52.198978 -20.850094 13.618789 3.866036 
-227.244949 106.108643 639.815796 0.000000 4.138043 0.000000 90.198082 -7.314804 89.690819 169.597076 -3.728787 146.243088 -2.513617 4.274802 -64.775772 -7.231710 -1.161115 83.469475 0.000009 0.003098 21.479998 -172.547363 4.223900 155.670227 0.913345 -4.366784 -56.522297 5.958958 -1.498470 85.583549 -0.000008 -0.003104 21.480410 0.084850 -0.174629 8.256558 -0.001750 0.469239 7.210122 0.176094 0.127478 6.897915 -1.930969 0.461704 5.350762 0.416355 1.299377 -6.484531 -5.711031 -78.189026 -175.414200 26.065176 50.774780 -8.027458 1.372194 -10.410971 -48.669765 22.597725 -9.936211 6.554158 6.569447 78.819382 -174.671494 -13.463783 -43.396389 -17.968985 -1.048486 13.138844 -52.105888 -21.044386 13.554386 3.789983 
-227.249268 106.110825 641.224304 0.000000 4.153831 0.000000 89.892433 -7.276711 89.092781 169.501190 -3.694576 146.013702 -2.622379 4.292445 -64.561111 -7.290804 -1.149641 83.512009 0.000009 0.003098 21.479628 -172.565384 4.248463 155.906860 0.894858 -4.288524 -56.710110 6.055313 -1.509934 85.465431 -0.000008 -0.003104 21.480164 0.085199 -0.211242 8.308647 0.002063 0.468058 7.204992 0.169991 0.088669 6.905105 -2.024486 0.267392 5.485732 0.507173 1.225805 -6.448860 -5.725604 -78.192169 -175.390060 26.282696 50.803806 -8.017362 1.409365 -10.378590 -48.763680 22.833893 -9.695530 6.579019 6.754033 78.803383 -174.459412 -13.427113 -43.290348 -17.855772 -1.033469 13.184310 -52.031475 -21.198313 13.513196 3.752829 
-227.245972 106.113220 642.623779 0.000000 4.184838 0.000000 89.966934 -7.254385 89.093224 169.461823 -3.666199 145.723831 -2.668238 4.279094 -64.422638 -7.306993 -1.160536 83.583084 0.000009 0.003098 21.479336 -172.648041 4.265124 156.173965 0.900302 -4.222815 -56.956799 6.099301 -1.508472 85.337173 -0.000008 -0.003104 21.479925 0.088727 -0.250042 8.358160 0.017195 0.471300 7.226300 0.158805 0.057828 6.925667 -2.158395 0.143392 5.556092 0.550111 1.135319 -6.381651 -5.671470 -78.173111 -175.435959 26.497845 50.819489 -7.937546 1.437293 -10.366854 -48.847858 23.099405 -9.484109 6.637779 7.092184 78.778748 -174.106262 -13.397620 -43.177078 -17.738884 -0.990798 13.283724 -51.930023 -21.286276 13.506815 3.785391 
-227.234818 106.115257 644.019470 0.000000 4.226083 0.000000 89.977440 -7.232356 89.102760 169.496017 -3.709376 145.323410 -2.657894 4.248275 -64.576920 -7.232518 -1.183113 83.611809 0.000009 0.003098 21.479126 -172.711090 4.331799 156.608292 0.863872 -4.192166 -57.257862 6.040140 -1.529717 85.313789 -0.000008 -0.003104 21.479609 0.101141 -0.284734 8.383166 0.035031 0.479057 7.265193 0.172736 0.042201 6.953830 -2.356828 0.126273 5.444672 0.464210 1.028408 -6.260912 -5.743348 -78.164017 -175.354874 26.544825 50.807739 -7.797566 1.424206 -10.368456 -48.697052 23.335306 -9.254218 6.752254 7.420511 78.750244 -173.769547 -13.386530 -43.142147 -17.651077 -0.930656 13.395732 -51.779564 -21.306366 13.499342 3.827479 
-227.219391 106.116676 645.417480 0.000000 4.271079 0.000000 90.052505 -7.221000 89.301216 169.597351 -3.773441 144.813843 -2.643021 4.185457 -65.028915 -7.085100 -1.249156 83.552200 0.000009 0.003098 21.478991 -172.685623 4.441897 157.231766 0.829204 -4.209234 -57.719509 5.882310 -1.597054 85.396439 -0.000008 -0.003104 21.478979 0.117430 -0.312241 8.378020 0.071745 0.501461 7.309568 0.221400 0.037936 6.989074 -2.621358 0.234694 5.089142 0.198432 0.946562 -6.054013 -6.100278 -78.145088 -174.985336 26.537823 50.743603 -7.543954 1.347425 -10.327628 -48.235214 23.519503 -9.059916 6.964623 7.790673 78.718925 -173.394409 -13.329982 -43.131420 -17.619886 -0.782787 13.504583 -51.450405 -21.320583 13.429627 3.886800 
-227.193909 106.112015 646.829529 0.000000 4.317955 0.000000 89.993805 -7.116537 89.461792 169.737625 -3.821431 144.224579 -2.626341 4.100233 -65.570007 -6.843565 -1.339128 83.574883 0.000009 0.003097 21.479013 -172.571686 4.605071 157.917633 0.863290 -4.243304 -58.302361 5.690234 -1.703667 85.599960 -0.000008 -0.003104 21.478125 0.139754 -0.326388 8.354132 0.110307 0.522193 7.332079 0.290204 0.026457 7.012269 -3.017109 0.445213 4.656647 -0.220973 0.862661 -5.846115 -6.604718 -78.101448 -174.467026 26.527662 50.690403 -7.261244 1.260043 -10.254479 -47.595028 23.616444 -8.863496 7.217783 8.102445 78.678009 -173.079208 -13.404336 -43.070145 -17.491020 -0.534005 13.609788 -50.849152 -21.407106 13.314698 3.964711 
-227.156876 106.092575 648.271973 0.000000 4.366391 0.000000 89.935478 -6.982778 89.578545 169.874069 -3.831925 143.781494 -2.559689 4.046280 -66.015816 -6.656776 -1.403646 83.636833 0.000009 0.003097 21.478981 -172.390182 4.764138 158.459641 0.927703 -4.250958 -58.789642 5.524666 -1.759082 85.767349 -0.000008 -0.003104 21.477320 0.161152 -0.338654 8.330497 0.143992 0.536837 7.359784 0.364510 0.018344 7.047643 -3.300646 0.542389 4.352778 -0.532224 0.792954 -5.695211 -7.005610 -78.058960 -174.052643 26.469172 50.680534 -7.124045 1.244921 -10.216925 -47.237270 23.680576 -8.607865 7.414217 8.218968 78.638496 -172.960266 -13.548213 -42.961838 -17.342010 -0.314608 13.722487 -50.270004 -21.486336 13.246362 3.932405 
-227.116364 106.063904 649.740479 0.000000 4.412347 0.000000 89.869278 -6.960513 89.563919 169.937164 -3.751015 143.412674 -2.558073 4.025308 -66.322182 -6.551329 -1.442028 83.623009 0.000009 0.003097 21.478827 -172.345139 4.828011 158.749222 0.964546 -4.221241 -59.164577 5.404630 -1.790612 85.689987 -0.000008 -0.003104 21.476698 0.172302 -0.356248 8.312304 0.172369 0.537856 7.398252 0.426874 0.018843 7.082243 -3.457832 0.510596 4.271260 -0.635979 0.744457 -5.681537 -7.131723 -78.018135 -173.924484 26.429855 50.711514 -7.070904 1.320104 -10.217038 -47.235928 23.827520 -8.339726 7.537429 8.345515 78.620895 -172.828644 -13.587044 -42.923626 -17.247200 -0.262764 13.841558 -50.094059 -21.451693 13.259766 3.811029 
-227.079651 106.034836 651.222412 0.000000 4.454503 0.000000 89.814819 -6.946227 89.489151 169.967056 -3.684768 143.066422 -2.564692 3.971511 -66.629402 -6.393659 -1.500345 83.744354 0.000009 0.003097 21.478518 -172.264175 4.938900 159.037186 1.009996 -4.184333 -59.601620 5.270164 -1.818227 85.687210 -0.000008 -0.003104 21.476017 0.185575 -0.374398 8.290337 0.197161 0.544309 7.436692 0.506189 0.018178 7.128789 -3.726000 0.495740 4.149631 -0.855736 0.648218 -5.690304 -7.484235 -77.993484 -173.568481 26.262781 50.648865 -7.229115 1.348915 -10.241542 -47.003838 23.974525 -8.030670 7.683920 8.448724 78.596405 -172.709351 -13.763053 -42.955948 -17.010683 -0.179671 13.951839 -49.754837 -21.400076 13.234045 3.671712 
-227.044037 105.999779 652.730347 0.000000 4.490774 0.000000 89.799156 -6.820913 89.478752 169.960907 -3.661617 142.718231 -2.563334 3.868912 -67.030670 -6.138465 -1.602271 84.050301 0.000009 0.003097 21.478136 -172.003036 5.189625 159.503433 1.105224 -4.199856 -60.328884 5.075451 -1.884685 85.885841 -0.000008 -0.003104 21.475311 0.205638 -0.387244 8.267406 0.213009 0.571285 7.461152 0.630402 0.021582 7.156232 -4.106077 0.536262 3.913949 -1.320365 0.473742 -5.708706 -8.135351 -77.960663 -172.903900 26.018604 50.567543 -7.524652 1.282762 -10.273124 -46.431717 24.048531 -7.689695 7.937669 8.528677 78.574577 -172.596771 -14.031937 -42.969547 -16.621960 0.051631 14.027620 -49.003487 -21.371485 13.151888 3.584453 
-227.001053 105.943871 654.287048 0.000000 4.528320 0.000000 89.831642 -6.748016 89.414818 170.047836 -3.713000 142.442642 -2.607633 3.762422 -67.224457 -5.907457 -1.691163 84.262291 0.000009 0.003097 21.477875 -171.672974 5.355596 159.956833 1.143838 -4.207186 -60.883373 4.973428 -1.911031 86.068405 -0.000008 -0.003104 21.474644 0.216518 -0.385170 8.252077 0.234510 0.589227 7.471022 0.736326 0.015675 7.182881 -4.404983 0.673826 3.727600 -1.756147 0.340480 -5.709728 -8.550714 -77.923264 -172.475525 25.831860 50.654476 -7.742444 1.232730 -10.261376 -45.807121 24.166527 -7.514978 8.146694 8.834991 78.593353 -172.261200 -14.396366 -42.953300 -16.275299 0.240345 14.079404 -48.283073 -21.280975 13.155473 3.534539 
-226.947830 105.876495 655.899170 0.000000 4.560412 0.000000 89.859154 -6.753627 89.380264 170.024811 -3.739530 142.408081 -2.695844 3.669183 -67.182739 -5.750058 -1.725963 84.390358 0.000009 0.003097 21.477774 -171.459778 5.484819 160.237930 1.226874 -4.206105 -61.258831 4.908459 -1.929876 86.217422 -0.000008 -0.003104 21.474041 0.228349 -0.397822 8.243784 0.269608 0.601892 7.476143 0.811988 0.017216 7.224530 -4.559419 0.783022 3.697345 -1.931031 0.245109 -5.731427 -8.814142 -77.883659 -172.207306 25.807545 50.780727 -7.874720 1.216058 -10.232019 -45.362144 24.379915 -7.353992 8.296420 9.064575 78.624916 -172.006485 -14.619578 -42.954807 -16.111902 0.332946 14.119888 -47.851070 -21.140884 13.146580 3.494844 
-226.889755 105.802086 657.547974 0.000000 4.570632 0.000000 89.854675 -6.859142 89.355042 169.916412 -3.733146 142.471420 -2.724153 3.562926 -67.109856 -5.585288 -1.750533 84.524597 0.000009 0.003097 21.477776 -171.218552 5.652404 160.399307 1.373409 -4.152697 -61.767086 4.906218 -1.960852 86.227562 -0.000008 -0.003104 21.473299 0.227720 -0.419765 8.222453 0.299549 0.590953 7.500001 0.846987 0.020920 7.290800 -4.695462 0.834195 3.782543 -2.084236 0.203016 -5.745844 -8.954378 -77.822678 -172.068207 25.690060 50.802353 -8.267350 1.206582 -10.257642 -45.049282 24.539240 -7.096497 8.372532 9.338699 78.617126 -171.701904 -14.673419 -43.142906 -16.138813 0.386898 14.222183 -47.603115 -21.157112 13.125511 3.432343 
-226.824051 105.722916 659.233398 0.000000 4.552704 0.000000 89.814758 -7.056306 89.290718 169.714508 -3.712725 142.629135 -2.688622 3.472220 -66.995293 -5.508982 -1.799119 84.563881 0.000009 0.003097 21.477846 -171.173950 5.772165 160.320953 1.509439 -4.042402 -62.084175 4.980788 -1.948660 86.099304 -0.000008 -0.003104 21.472569 0.215021 -0.450600 8.199029 0.322206 0.557632 7.512623 0.808439 0.047347 7.356832 -4.804640 0.772041 4.121994 -2.089996 0.251603 -5.707813 -8.483983 -77.755623 -172.557983 25.431114 50.719555 -8.864457 1.211097 -10.327497 -45.005646 24.739639 -6.871531 8.344720 9.282957 78.551109 -171.732483 -14.597553 -43.471504 -16.348972 0.387574 14.294819 -47.592815 -21.158487 13.056908 3.458616 
-226.754898 105.644646 660.958008 0.000000 4.501965 0.000000 89.698997 -7.273553 89.144951 169.423660 -3.608271 142.973114 -2.616287 3.500646 -67.003830 -5.611965 -1.834505 84.414825 0.000009 0.003097 21.478102 -171.383713 5.718020 159.914917 1.528333 -3.939530 -61.899323 5.007797 -1.902510 85.819092 -0.000008 -0.003104 21.472452 0.198359 -0.468539 8.177532 0.330857 0.513590 7.510121 0.692591 0.102196 7.391035 -4.803277 0.609475 4.754757 -1.765276 0.423605 -5.670656 -7.395230 -77.709320 -173.688797 25.207094 50.686497 -9.230173 1.258112 -10.397910 -45.293957 24.986612 -6.784466 8.238315 8.624207 78.500725 -172.382965 -14.510346 -44.010883 -16.640278 0.326436 14.201604 -47.758579 -20.998598 13.082868 3.439224 
-226.703430 105.580650 662.701233 0.000000 4.409508 0.000000 89.526665 -7.428179 89.011841 169.186035 -3.465693 143.143768 -2.513848 3.546417 -67.244995 -5.741820 -1.891461 84.354126 0.000009 0.003097 21.478279 -171.600891 5.622591 159.451416 1.571121 -3.846649 -61.857201 5.002618 -1.815645 85.428329 -0.000008 -0.003104 21.472620 0.179256 -0.470127 8.157996 0.340229 0.477327 7.509351 0.543945 0.115089 7.430736 -4.864220 0.372679 5.400945 -1.515777 0.638875 -5.580381 -6.195496 -77.685600 -174.920532 24.897684 50.751442 -9.612232 1.303138 -10.495548 -45.655655 25.215834 -6.647071 8.110214 7.686290 78.439026 -173.317154 -14.369312 -44.576500 -16.951180 0.242390 14.074492 -47.917847 -20.826168 13.120742 3.323631 
-226.666550 105.534149 664.465515 0.000000 4.273090 0.000000 89.376038 -7.524830 88.853806 169.022141 -3.412550 142.830673 -2.383744 3.483835 -67.640839 -5.728562 -2.018126 84.562355 0.000010 0.003097 21.478060 -171.834595 5.668491 159.038040 1.744053 -3.740753 -62.272354 5.027472 -1.755616 85.181618 -0.000008 -0.003104 21.472433 0.160087 -0.471663 8.130379 0.371139 0.458335 7.536068 0.458237 0.118305 7.486087 -5.161068 0.169459 5.916641 -1.625071 0.784545 -5.491241 -5.300119 -77.641747 -175.818115 24.152941 50.664185 -10.424984 1.292428 -10.664111 -45.934780 25.455425 -6.370447 7.981565 6.970984 78.282417 -174.006393 -14.197985 -44.867050 -17.222321 0.207534 14.109538 -47.874249 -20.663939 13.058485 3.223862 
-226.626831 105.490044 666.269348 0.000000 4.104588 0.000000 89.244484 -7.514418 88.695457 168.842468 -3.383593 142.513031 -2.290259 3.426854 -68.190506 -5.620115 -2.121594 84.831345 0.000010 0.003097 21.477795 -172.121338 5.624947 158.614578 1.903216 -3.624162 -62.497238 5.118677 -1.722587 84.941978 -0.000009 -0.003104 21.472282 0.128928 -0.470817 8.097717 0.382196 0.441202 7.541753 0.403337 0.140385 7.565227 -5.416083 -0.097247 6.407516 -1.736509 0.964509 -5.423137 -4.487323 -77.619766 -176.621323 23.369358 50.575138 -11.282521 1.317062 -10.834182 -46.277260 25.706507 -6.098687 7.850872 6.301641 78.135628 -174.652939 -13.889938 -45.021996 -17.550591 0.188718 14.171158 -47.682564 -20.466579 13.064631 3.143071 
-226.582642 105.445244 668.097229 0.000000 3.920027 0.000000 89.121735 -7.522446 88.568039 168.611206 -3.374151 142.388870 -2.284154 3.415035 -68.595909 -5.611758 -2.128534 84.907562 0.000010 0.003096 21.477739 -172.430298 5.479746 158.128357 2.017053 -3.506745 -62.088596 5.223226 -1.700425 84.677414 -0.000009 -0.003104 21.472422 0.092246 -0.457799 8.064913 0.357682 0.414178 7.519320 0.314513 0.170862 7.656748 -5.521272 -0.369916 7.012663 -1.569836 1.192595 -5.337171 -3.410683 -77.647560 -177.693939 23.105371 50.655266 -11.655715 1.386202 -10.965548 -46.673870 25.852325 -5.995634 7.713527 5.681842 78.017685 -175.270004 -13.605560 -45.165787 -17.752153 0.133466 14.169663 -47.352791 -20.087410 13.188074 3.073232 
-226.549835 105.410469 669.921326 0.000000 3.726037 0.000000 88.967278 -7.625784 88.416168 168.353668 -3.276989 142.634964 -2.335829 3.438170 -69.019279 -5.726630 -2.108248 84.948166 0.000010 0.003096 21.477573 -172.776016 5.279412 157.567490 2.145485 -3.428471 -61.595833 5.298376 -1.691443 84.453850 -0.000009 -0.003105 21.472427 0.067460 -0.462915 8.039601 0.344486 0.397607 7.454359 0.181878 0.178854 7.803500 -5.544542 -0.545393 7.565775 -1.095272 1.468128 -5.379014 -2.208174 -77.659393 -178.893433 22.967863 50.863636 -12.001920 1.445780 -11.094803 -46.997375 26.007742 -5.948795 7.618265 4.869651 77.887405 -176.080521 -13.221515 -45.131180 -17.891113 0.117669 14.116400 -46.937923 -19.723551 13.291527 3.017285 
-226.524780 105.385971 671.723022 0.000000 3.520765 0.000000 88.826050 -7.740202 88.266319 168.188019 -3.106609 143.135498 -2.354795 3.452695 -69.332642 -5.881195 -2.107414 85.038879 0.000011 0.003096 21.477354 -173.048889 5.159954 156.963547 2.307482 -3.355708 -61.092365 5.339289 -1.655559 84.280823 -0.000009 -0.003105 21.472343 0.045742 -0.476154 8.017177 0.329436 0.384499 7.423388 0.049607 0.155078 7.933434 -5.533810 -0.623477 8.121123 -0.430008 1.678809 -5.494668 -0.891545 -77.640762 179.794556 22.919792 51.057922 -12.286905 1.527134 -11.225252 -47.375889 26.218826 -5.870724 7.560789 3.870559 77.752640 -177.079468 -13.001562 -45.078335 -17.742193 0.111221 14.057944 -46.451172 -19.386623 13.357706 2.975312 
-226.499176 105.370697 673.513733 0.000000 3.286497 0.000000 88.710045 -7.824012 88.146111 168.086349 -2.895826 143.658279 -2.378590 3.465065 -69.663033 -6.020845 -2.148726 85.207695 0.000011 0.003096 21.477116 -173.263977 5.077621 156.459900 2.460495 -3.307846 -60.807011 5.330832 -1.620558 84.128197 -0.000010 -0.003105 21.472233 0.025724 -0.491332 7.988771 0.318339 0.373443 7.407495 -0.033187 0.122231 8.040477 -5.567338 -0.693434 8.621762 0.129678 1.933007 -5.638064 0.395510 -77.614494 178.515106 22.974514 51.222801 -12.407031 1.580263 -11.388067 -47.707973 26.296423 -5.745657 7.550662 2.856497 77.610901 -178.094559 -12.905268 -45.002071 -17.432682 0.079363 13.976093 -45.969139 -19.111177 13.379540 2.940987 
-226.474716 105.359924 675.296021 0.000000 3.016182 0.000000 88.633743 -7.831606 88.049675 168.030365 -2.771430 143.996750 -2.414587 3.479779 -70.103569 -6.148660 -2.173880 85.424629 0.000011 0.003096 21.476774 -173.335251 4.999011 156.044556 2.582391 -3.283294 -60.643322 5.275381 -1.588836 84.010078 -0.000010 -0.003105 21.472179 0.006189 -0.502341 7.957822 0.323492 0.376821 7.403346 -0.089236 0.098299 8.129999 -5.632928 -0.745934 9.063870 0.599484 2.208224 -5.798714 1.553086 -77.591049 177.370987 23.023932 51.395210 -12.403742 1.624465 -11.539615 -47.963718 26.262642 -5.623362 7.564625 1.829278 77.444778 -179.131516 -12.990110 -45.065701 -17.019262 0.043438 13.894223 -45.525146 -18.917791 13.421324 2.836459 
-226.455261 105.353638 677.076416 0.000000 2.710879 0.000000 88.555550 -7.803607 87.954437 167.992447 -2.682728 144.366852 -2.450239 3.499681 -70.583817 -6.334751 -2.205457 85.540451 0.000011 0.003096 21.476437 -173.299377 4.883751 155.745163 2.701206 -3.270223 -60.606129 5.171862 -1.585184 83.847008 -0.000010 -0.003105 21.471947 -0.018118 -0.513595 7.915730 0.352372 0.378231 7.408650 -0.145679 0.083927 8.218192 -5.695447 -0.840641 9.503198 1.103438 2.460843 -5.986383 2.450749 -77.540649 176.492569 23.035276 51.451813 -12.421554 1.669716 -11.677862 -48.179962 26.227842 -5.446994 7.571775 0.931756 77.249657 179.966812 -13.258313 -45.269356 -16.489655 0.002724 13.777120 -45.159328 -18.760569 13.436670 2.729875 
-226.447601 105.349609 678.868286 0.000000 2.369998 0.000000 88.501480 -7.752179 87.846329 167.874603 -2.639736 144.826294 -2.435736 3.494657 -70.953255 -6.570291 -2.229180 85.704704 0.000011 0.003096 21.476042 -173.182800 4.773801 155.462112 2.753008 -3.271607 -60.696461 5.054421 -1.607383 83.694283 -0.000010 -0.003105 21.471666 -0.031390 -0.521703 7.865760 0.391284 0.383127 7.404096 -0.178415 0.084422 8.276288 -5.809154 -0.883853 9.920092 1.547644 2.642657 -6.247948 3.069853 -77.469849 175.891846 23.104952 51.491760 -12.418960 1.718619 -11.763649 -48.305576 26.206797 -5.217069 7.554384 0.231341 77.091125 179.259933 -13.568857 -45.507786 -15.972096 -0.000025 13.696846 -44.845825 -18.691460 13.511005 2.625043 
-226.454788 105.341278 680.682922 0.000000 1.996946 0.000000 88.494499 -7.749053 87.729286 167.723038 -2.666373 145.201065 -2.390863 3.484751 -71.244522 -6.731476 -2.252128 85.863457 0.000011 0.003096 21.475691 -173.022293 4.741908 155.233856 2.758125 -3.284892 -60.896317 4.891206 -1.680294 83.630600 -0.000010 -0.003105 21.471424 -0.032914 -0.527294 7.808237 0.424326 0.396558 7.440823 -0.146713 0.080773 8.320587 -5.964056 -0.933673 10.223020 1.757980 2.704300 -6.446902 3.253119 -77.393608 175.732849 23.254202 51.527210 -12.308454 1.746539 -11.825103 -48.286049 26.222740 -4.997135 7.559106 0.002473 77.011024 179.032639 -13.914208 -45.689278 -15.510407 0.024480 13.728672 -44.645367 -18.702328 13.661058 2.483822 
-226.470734 105.322853 682.532715 0.000000 1.597379 0.000000 88.552345 -7.697772 87.650703 167.572784 -2.869034 145.213120 -2.305989 3.461539 -71.482826 -6.819336 -2.265576 86.072960 0.000011 0.003096 21.475513 -172.857407 4.830603 155.237610 2.701872 -3.312135 -61.229664 4.651059 -1.801012 83.788002 -0.000010 -0.003106 21.471434 -0.031948 -0.528455 7.754688 0.439125 0.409545 7.516727 -0.049482 0.080583 8.327314 -6.159665 -0.964225 10.405627 1.670040 2.649767 -6.617874 2.946738 -77.349037 176.075211 23.402527 51.472168 -12.073734 1.734439 -11.853033 -47.977280 26.322388 -4.741841 7.589871 0.019168 76.993454 179.062897 -14.312449 -45.859051 -15.203635 0.076859 13.836695 -44.581993 -18.793390 13.820198 2.309053 
-226.490967 105.291351 684.424194 0.000000 1.186187 0.000000 88.667763 -7.525018 87.597900 167.393188 -3.192930 144.839966 -2.150806 3.422530 -71.613724 -6.910576 -2.270790 86.260910 0.000011 0.003096 21.475557 -172.644394 5.006489 155.501572 2.564981 -3.358327 -61.667828 4.320168 -1.939936 84.174232 -0.000010 -0.003106 21.471767 -0.023262 -0.527096 7.707074 0.434060 0.408045 7.616772 0.118945 0.078966 8.285151 -6.443276 -0.905489 10.430854 1.284829 2.412481 -6.842768 2.263073 -77.333389 176.805710 23.607433 51.346806 -11.628027 1.677459 -11.863265 -47.393005 26.433577 -4.480195 7.665500 0.251402 76.997536 179.320023 -14.827209 -46.072620 -14.901968 0.174537 14.020448 -44.534981 -18.901928 13.991285 2.121030 
-226.516907 105.245850 686.361755 0.000000 0.785427 0.000000 91.273621 -7.440600 91.202240 167.266190 -3.498516 144.362305 -1.941710 3.390743 -71.705917 -6.931027 -2.259985 86.268280 0.000011 0.003096 21.475731 -172.406891 5.215475 155.941559 2.305166 -3.408463 -62.114357 3.992394 -2.077614 84.692719 -0.000010 -0.003106 21.472136 -0.016331 -0.521923 7.680520 0.433912 0.376026 7.710971 0.296502 0.073291 8.221834 -6.704856 -0.733592 10.379067 0.835203 2.211100 -7.131110 1.523144 -77.339508 177.578003 23.898672 51.253681 -10.994504 1.597831 -11.841103 -46.726505 26.655432 -4.326406 7.827940 0.563937 77.018898 179.662247 -15.484038 -46.250988 -14.430420 0.325158 14.197748 -44.500229 -19.034679 14.123306 1.959661 
-226.548691 105.188278 688.343079 0.000000 0.405834 0.000000 91.278679 -7.328394 91.282951 167.163086 -3.732253 143.840683 -1.665241 3.403425 -71.894455 -6.949144 -2.244030 86.110519 0.000010 0.003096 21.475952 -172.079971 5.375532 156.677048 2.057169 -3.470449 -62.778267 3.732087 -2.184064 85.205673 -0.000010 -0.003106 21.472193 -0.030806 -0.508884 7.679212 0.453808 0.324616 7.783792 0.473499 0.075207 8.133485 -6.771481 -0.484548 10.253803 0.481938 2.046755 -7.526788 0.751721 -77.349403 178.381607 23.882961 51.153240 -10.681773 1.577357 -11.755235 -46.108578 26.921984 -4.164319 8.026546 0.929688 77.066093 -179.942657 -16.540068 -46.328255 -13.458792 0.476433 14.409864 -44.435886 -19.281561 14.210664 1.747752 
-226.590179 105.120483 690.362793 0.000000 0.052082 0.000000 91.235725 -7.102314 91.305519 167.089966 -3.981886 143.031265 -1.289022 3.434074 -72.110344 -6.970368 -2.241768 85.902603 0.000010 0.003096 21.476076 -171.722092 5.509798 157.740402 1.749606 -3.564026 -63.572998 3.515098 -2.285723 85.684677 -0.000010 -0.003107 21.472124 -0.037262 -0.489524 7.678264 0.495342 0.253327 7.901367 0.693770 0.099992 8.001362 -6.817829 -0.201673 10.030972 -0.072513 1.820466 -7.936898 -0.402451 -77.322929 179.572601 23.783661 51.090446 -10.146269 1.533566 -11.651958 -45.461334 27.193411 -4.009017 8.269119 1.441033 77.102219 -179.402924 -17.873598 -46.263859 -12.307226 0.670489 14.732396 -44.543293 -19.699127 14.231882 1.562101 
-226.640503 105.043724 692.424011 0.000000 -0.264450 0.000000 91.193001 -6.826125 91.241028 167.030197 -4.050119 142.301498 -0.846205 3.497215 -72.351151 -7.062258 -2.229715 85.417397 0.000010 0.003096 21.475981 -171.345703 5.644574 158.961121 1.348316 -3.647291 -64.346466 3.335889 -2.408457 86.037155 -0.000009 -0.003107 21.472019 -0.049874 -0.467632 7.675552 0.573333 0.158173 8.023180 0.914105 0.124918 7.803223 -6.683100 0.045000 9.944584 -0.596743 1.603113 -8.141126 -1.462469 -77.261238 -179.359512 23.752724 51.178276 -9.434831 1.481960 -11.509759 -45.013237 27.505363 -4.041283 8.546588 1.729316 77.076385 -179.107254 -19.343729 -46.303802 -11.145071 0.928008 14.992429 -44.607418 -20.109451 14.300803 1.453122 
-226.702255 104.968849 694.527527 0.000000 -0.523674 0.000000 91.179558 -6.500295 91.252434 166.990707 -3.887161 142.184494 -0.570041 3.592801 -72.895569 -7.426929 -2.216534 84.725739 0.000010 0.003096 21.475832 -170.897263 5.678322 160.050522 1.030464 -3.723714 -64.356133 3.214135 -2.603551 86.389862 -0.000009 -0.003107 21.471699 -0.060825 -0.450891 7.655605 0.666868 0.025235 8.019215 1.081730 0.184079 7.606907 -6.397827 0.156831 10.129557 -1.024667 1.359930 -8.114968 -1.938505 -77.204697 -178.886612 24.150795 51.552231 -8.320943 1.462205 -11.314099 -44.662411 27.597378 -4.365274 8.910063 1.723925 77.118080 -179.124542 -20.616621 -46.333176 -10.094732 1.140414 15.146833 -44.848907 -20.122068 14.529409 1.555128 
-226.782410 104.911865 696.657166 0.000000 -0.712834 0.000000 88.790283 -6.145059 88.250221 166.836411 -3.586543 142.363815 -0.433317 3.749694 -73.780693 -7.754966 -2.202141 83.856407 0.000009 0.003096 21.475702 -170.496368 5.516244 161.121964 0.704742 -3.807192 -63.813526 3.208152 -2.810991 86.571365 -0.000009 -0.003107 21.471119 -0.071498 -0.423857 7.647021 0.771079 -0.110650 7.936293 1.218222 0.270150 7.443291 -5.914880 0.197530 10.340964 -1.402285 1.174746 -8.105921 -1.978871 -77.141228 -178.857407 24.665161 51.966793 -6.895133 1.466041 -11.020746 -44.310989 27.560352 -4.670426 9.282743 1.696235 77.219040 -179.183105 -21.383369 -46.234116 -9.565085 1.305686 15.274314 -45.182178 -19.845284 14.738649 1.788095 
-226.896545 104.880714 698.803711 0.000000 -0.850145 0.000000 88.647461 -5.749266 88.512032 166.702911 -3.307236 142.620789 -0.474827 3.894258 -75.087296 -8.161244 -2.166988 82.929214 0.000009 0.003095 21.475401 -170.143295 5.137369 162.167084 0.426290 -3.901405 -63.081055 3.292871 -2.968490 86.641716 -0.000009 -0.003108 21.470325 -0.060746 -0.389222 7.629698 0.872559 -0.231448 7.782396 1.317395 0.346663 7.345245 -5.249461 0.231982 10.584822 -1.553415 1.230206 -8.180034 -1.716313 -77.047096 -179.130341 25.210548 52.402138 -5.447335 1.496929 -10.681915 -43.903137 27.430553 -4.828685 9.599187 1.960341 77.362862 -178.943329 -21.661772 -46.051075 -9.551963 1.406129 15.414729 -45.654724 -19.422411 14.812598 2.060643 
-227.046753 104.875771 700.962280 0.000000 -0.939897 0.000000 88.520233 -5.522658 89.022736 166.284592 -2.858584 143.370575 -0.605913 3.922020 -76.561157 -8.689986 -2.165049 81.987473 0.000009 0.003096 21.474936 -169.886169 4.900200 162.254761 0.227468 -3.978136 -62.290333 3.699561 -2.945203 86.469620 -0.000009 -0.003108 21.469055 -0.029790 -0.372906 7.611686 0.982625 -0.322127 7.564726 1.258896 0.387259 7.446045 -4.411136 0.132646 11.078927 -0.850646 1.666031 -8.162672 -0.789952 -76.962158 179.891907 25.825216 52.694828 -4.268911 1.612889 -10.397760 -43.782227 27.190588 -5.099597 9.718021 2.215369 77.362335 -178.704880 -21.649551 -45.771626 -9.837228 1.368840 15.420094 -46.328205 -18.935371 14.814230 2.374958 
-227.236252 104.894020 703.141541 0.000000 -0.998723 0.000000 88.438583 -5.444774 89.740532 165.773392 -2.133991 144.594193 -0.831434 3.842889 -77.984703 -9.113633 -2.128222 81.075706 0.000009 0.003096 21.474709 -169.948013 4.662841 161.246933 0.185986 -4.067644 -61.301510 4.346020 -2.875894 86.224854 -0.000009 -0.003108 21.467632 0.014007 -0.376821 7.597502 1.104495 -0.388794 7.259411 1.046794 0.408886 7.695341 -3.597455 0.050829 11.657603 0.563488 2.392971 -7.969823 1.053023 -76.877968 177.981277 26.071140 53.079144 -3.767261 1.750458 -10.155591 -43.869434 26.718735 -5.375442 9.743251 2.546641 77.179581 -178.397995 -21.069593 -45.549599 -10.645123 1.190625 15.248920 -46.914204 -18.378704 14.774955 2.728952 
-227.474243 104.931580 705.346252 0.000000 -1.046148 0.000000 88.407440 -5.494624 90.370720 165.336456 -1.354394 145.257431 -1.135317 3.737288 -79.624573 -9.343952 -2.065791 80.331062 0.000008 0.003096 21.474672 -170.051270 4.288596 160.383667 0.210261 -4.087093 -60.730438 4.825926 -2.851688 86.330872 -0.000009 -0.003108 21.466042 0.050120 -0.392116 7.563795 1.215542 -0.432847 6.999082 0.868239 0.442321 7.855235 -3.000760 0.202534 12.264850 1.800260 3.058302 -7.979071 2.958989 -76.782417 176.041321 26.389551 53.626801 -3.458247 1.863816 -9.987469 -43.857983 26.077919 -5.509747 9.909512 2.788375 77.014244 -178.192093 -20.037907 -45.466991 -11.609251 1.037340 15.026747 -47.144318 -17.759451 14.821842 2.951119 
-227.754471 105.001518 707.575562 0.000000 -1.093553 0.000000 88.329178 -5.524962 90.965073 165.026932 -0.597211 145.460938 -1.274420 3.630030 -81.382736 -9.319185 -2.144786 79.709404 0.000008 0.003096 21.474972 -169.999481 3.776706 160.410507 0.292190 -4.113979 -60.725780 5.156736 -2.861050 86.395035 -0.000009 -0.003108 21.464602 0.080356 -0.374352 7.540126 1.290939 -0.473481 6.775810 0.815671 0.566603 7.955521 -2.713766 0.293576 12.822138 2.578599 3.417370 -8.066073 4.228211 -76.706711 174.773560 26.883574 54.199436 -3.226235 1.909807 -9.874035 -43.669685 25.643251 -5.458769 10.172895 3.295177 76.882256 -177.747574 -19.091278 -45.334469 -12.224193 1.030656 14.919785 -47.000919 -17.184483 14.858691 3.089244 
-228.068924 105.094681 709.777954 0.000000 -1.146524 0.000000 88.250763 -5.634984 91.419060 164.940628 -0.275629 145.258347 -1.333911 3.557187 -82.798950 -9.065581 -2.228452 79.420639 0.000008 0.003097 21.475077 -169.873260 3.431859 161.271866 0.317699 -4.108307 -60.775730 5.296667 -2.766341 86.417259 -0.000009 -0.003108 21.463503 0.124045 -0.311464 7.497837 1.236368 -0.433886 6.674659 0.884905 0.719929 8.039308 -2.380548 0.521554 13.016517 2.979805 3.494213 -8.240412 4.791708 -76.691200 174.221344 27.301012 54.762497 -2.966534 1.921429 -9.677393 -43.287815 25.499821 -5.450535 10.431939 4.008386 76.901588 -177.098511 -18.043571 -45.009556 -12.750027 1.121001 14.990306 -46.475163 -16.736664 14.895082 3.129531 
-228.417068 105.203476 711.915344 0.000000 -1.231398 0.000000 88.195190 -5.804151 91.693970 164.885681 -0.347119 145.226929 -1.331797 3.526568 -84.191185 -8.816901 -2.266348 79.513718 0.000007 0.003097 21.475182 -169.868240 3.391862 162.054565 0.310776 -4.064529 -60.786472 5.377747 -2.635906 86.511581 -0.000009 -0.003108 21.462694 0.176269 -0.224363 7.437602 1.189616 -0.319578 6.692109 1.009355 0.901760 8.082315 -2.082259 0.656301 13.032443 3.194050 3.510595 -8.445256 4.625985 -76.663567 174.409531 27.638004 55.223026 -2.800915 1.924594 -9.454891 -42.927853 25.409426 -5.370808 10.554567 4.510319 76.982048 -176.663559 -16.872660 -44.678986 -13.401602 1.117678 15.040600 -46.223572 -16.578495 14.979011 3.053912 
-228.803757 105.319122 713.977173 0.000000 -1.382543 0.000000 88.110580 -6.016515 91.890984 164.897659 -0.536339 145.259735 -2.446384 3.349286 -97.275284 -8.633622 -2.307113 79.597580 0.000007 0.003097 21.475681 -169.848633 3.678717 162.283020 0.380134 -4.081673 -60.936874 5.470006 -2.587161 86.677177 -0.000009 -0.003108 21.462240 0.230658 -0.161488 7.373925 1.212561 -0.218106 6.743591 1.102355 1.081044 8.130077 -1.954996 0.599924 13.186519 3.490735 3.833771 -8.548286 3.999245 -76.624367 175.075012 28.210743 55.558830 -2.271898 1.926089 -9.242197 -42.563210 25.120876 -5.150006 10.686817 4.781751 77.052994 -176.448303 -15.606864 -44.179771 -14.557419 0.933470 15.097731 -46.616386 -16.487495 15.061796 2.928661 
-229.230042 105.434372 715.994995 0.000000 -1.588156 0.000000 88.049179 -6.056365 92.057198 165.010178 -0.865669 144.977997 -2.427075 3.384907 -98.218475 -8.513266 -2.359200 79.845375 0.000007 0.003096 21.476305 -169.879578 4.098837 162.396576 0.459936 -4.127881 -61.380524 5.511194 -2.575423 86.888794 -0.000009 -0.003108 21.462194 0.278685 -0.105371 7.309417 1.212939 -0.119339 6.842277 1.230678 1.227752 8.155147 -1.917311 0.466229 13.463049 3.650594 4.358045 -8.527417 2.520195 -76.502335 176.616547 28.707260 55.890621 -1.618122 1.883359 -9.036837 -42.086403 24.813246 -4.792829 10.950811 4.864354 77.191811 -176.384796 -14.604499 -43.565525 -15.857374 0.676426 15.253705 -47.393276 -16.522188 15.194486 2.685422 
-229.680374 105.539658 717.985596 0.000000 -1.823511 0.000000 88.030785 -5.786524 92.181480 165.292923 -1.593799 143.854797 -2.230373 3.477047 -98.188698 -8.377759 -2.463314 80.426872 0.000006 0.003096 21.476732 -170.000793 4.566470 162.980316 0.467018 -4.152201 -61.782692 5.393326 -2.557316 87.455864 -0.000009 -0.003108 21.463049 0.332903 -0.045900 7.228818 1.153200 0.035984 7.074321 1.443218 1.336724 8.094404 -1.984104 0.384390 13.455451 3.398667 4.748351 -8.635388 1.228466 -76.335808 177.980698 28.666016 56.103214 -1.301280 1.768005 -8.813567 -41.229179 24.675688 -4.409833 11.078800 4.671037 77.379311 -176.566788 -14.030291 -43.094334 -16.977152 0.362750 15.613250 -48.217999 -16.758057 15.316138 2.347958 
-230.144669 105.628967 719.959595 0.000000 -2.073491 0.000000 88.031769 -5.324963 92.197792 165.701904 -2.557367 142.425354 -1.938131 3.580696 -97.760643 -8.145564 -2.574113 81.112625 0.000006 0.003096 21.477011 -169.922867 5.136466 163.894501 0.459876 -4.141479 -62.455868 5.128711 -2.622115 88.079521 -0.000009 -0.003108 21.464577 0.365756 0.023841 7.117682 1.132807 0.185414 7.364644 1.640862 1.411495 7.969844 -2.055501 0.139317 13.267679 2.935179 5.151109 -8.735259 0.354664 -76.209129 178.913300 28.357754 55.893955 -1.054478 1.671621 -8.587454 -40.377808 24.543650 -3.866216 11.108828 4.633269 77.544952 -176.580490 -13.873537 -42.832832 -17.686405 -0.016755 16.037025 -49.180878 -16.980537 15.405519 1.953747 
-230.610031 105.699394 721.948242 0.000000 -2.330873 0.000000 88.075157 -4.879514 92.015930 165.903061 -3.280895 141.187714 -1.592984 3.660410 -97.193115 -7.788260 -2.723464 81.767654 0.000005 0.003095 21.476967 -169.571106 5.715917 164.574585 0.494068 -4.113924 -63.486736 4.913630 -2.774978 88.569366 -0.000009 -0.003108 21.466202 0.380624 0.096892 7.031578 1.178937 0.284475 7.682745 1.836434 1.493993 7.770665 -2.239221 -0.211094 13.016463 2.468830 5.611173 -8.693175 -0.844741 -76.103020 -179.825851 27.741432 55.391457 -0.987294 1.591894 -8.271397 -39.730499 24.418137 -3.187770 11.180205 5.078073 77.688301 -176.130554 -14.312832 -42.550087 -17.584824 -0.376562 16.413664 -50.025806 -17.149420 15.455351 1.525673 
-231.071594 105.752777 723.980591 0.000000 -2.585159 0.000000 88.153938 -4.637148 91.742836 165.901505 -3.570472 140.311829 -1.409393 3.667392 -97.322411 -7.275873 -2.967570 82.561928 0.000005 0.003095 21.476730 -169.023773 6.218636 165.141693 0.543814 -4.059335 -64.588150 4.700611 -2.897777 88.991531 -0.000009 -0.003108 21.467276 0.368267 0.169988 6.936158 1.298257 0.396870 8.010008 2.064561 1.554532 7.583073 -2.656878 -0.611389 12.710803 1.835158 5.929116 -8.500290 -1.611475 -76.066872 -179.001633 26.883940 55.005695 -1.164370 1.525127 -7.884658 -39.200111 24.397125 -2.302246 11.261386 6.262136 77.781494 -174.967239 -15.091325 -42.314217 -16.857965 -0.694477 16.738190 -50.670082 -17.436951 15.356785 0.987562 
-231.543274 105.780411 726.065979 0.000000 -2.849373 0.000000 88.255737 -4.354942 91.453354 165.857208 -3.365157 139.807404 -1.385847 3.586662 -98.069962 -6.639177 -3.268153 83.273247 0.000004 0.003095 21.476400 -168.538864 6.554266 165.480042 0.601301 -3.989207 -65.816681 4.485982 -2.956095 89.365723 -0.000009 -0.003108 21.467611 0.354532 0.208529 6.816360 1.484756 0.526829 8.278103 2.274549 1.550818 7.410467 -3.099581 -0.893835 12.409987 1.365983 6.123437 -8.385184 -2.087833 -76.000961 -178.474075 25.791655 54.737579 -1.655485 1.431121 -7.682162 -38.662064 24.388355 -1.198823 11.370417 7.588768 77.665977 -173.661575 -15.591461 -41.907223 -16.253727 -0.994266 17.047634 -51.057983 -17.952261 15.191204 0.407723 
-232.014175 105.770943 728.217590 0.000000 -3.126532 0.000000 88.320168 -4.152143 91.161263 165.802917 -3.101684 139.335526 -1.604086 3.458236 -99.037132 -6.040479 -3.530138 83.779297 0.000004 0.003095 21.476107 -168.255707 6.820996 165.402679 0.675085 -3.851002 -66.556786 4.545239 -2.905874 89.443481 -0.000009 -0.003108 21.467272 0.327805 0.213988 6.715580 1.668774 0.640172 8.412440 2.397918 1.551312 7.290338 -3.493048 -1.040599 12.128706 1.097441 6.371748 -8.313428 -2.002907 -75.977692 -178.551605 24.761505 54.692322 -2.338486 1.356171 -7.512653 -38.348564 24.401627 -0.095170 11.418173 8.975907 77.400475 -172.295883 -15.807598 -41.410362 -15.936892 -1.198624 17.252766 -50.903515 -18.319735 14.937753 0.000234 
-232.483673 105.734047 730.421509 0.000000 -3.417722 0.000000 88.336853 -3.983618 90.826218 165.778564 -2.880167 139.193741 -1.941686 3.331520 -99.894707 -5.756882 -3.651004 84.155396 0.000004 0.003095 21.475885 -168.123230 6.935034 165.215271 0.776994 -3.679327 -67.176674 4.630105 -2.758349 89.298889 -0.000009 -0.003108 21.466551 0.294265 0.193345 6.650257 1.847030 0.737442 8.513748 2.447842 1.523733 7.218962 -3.790216 -1.142350 11.837248 1.090174 6.510787 -8.298535 -1.869699 -75.943794 -178.703796 24.185659 54.839123 -2.856931 1.305048 -7.393139 -38.273476 24.611387 1.014321 11.567740 10.089037 77.102409 -171.205551 -15.953868 -40.955563 -15.560180 -1.274463 17.336729 -50.524632 -18.753254 14.644406 -0.251538 
-232.948898 105.676178 732.641479 0.000000 -3.720685 0.000000 88.316803 -3.901284 90.553299 165.827393 -2.745264 139.635666 -2.477566 3.216618 -100.150543 -5.845349 -3.592990 84.441498 0.000004 0.003095 21.475910 -168.120316 6.954943 165.116043 0.813829 -3.528982 -67.746490 4.695724 -2.624550 89.097954 -0.000009 -0.003108 21.465809 0.268053 0.143710 6.611839 1.971776 0.822128 8.582621 2.457336 1.413893 7.133998 -4.012397 -1.116292 11.408236 1.435231 6.533789 -8.343678 -1.851194 -75.932701 -178.768219 23.995129 55.059639 -3.284549 1.294167 -7.262659 -38.388443 24.820038 1.795263 11.813999 10.735502 76.895073 -170.580490 -16.010612 -40.590965 -15.392910 -1.334983 17.264318 -50.580925 -19.257895 14.298505 -0.373446 
-233.404968 105.598473 734.823914 0.000000 -4.047919 0.000000 88.261856 -4.062044 90.432846 166.135574 -2.613461 140.009888 -3.059423 3.165651 -99.555069 -6.340733 -3.217724 84.595222 0.000005 0.003095 21.476677 -168.400620 6.732186 165.005692 0.866243 -3.404561 -67.837654 4.950065 -2.523791 88.787315 -0.000008 -0.003107 21.465443 0.265213 0.100274 6.647829 1.994079 0.854277 8.525391 2.405918 1.280606 7.093780 -3.912609 -0.988127 10.868365 2.136015 6.395647 -8.290729 -2.367798 -75.977654 -178.281158 24.161049 55.273754 -3.746550 1.347533 -7.184659 -38.910309 24.964737 1.781819 11.960204 11.183114 76.767410 -170.139679 -15.305413 -40.311207 -15.936338 -1.356484 17.152592 -50.834824 -19.440666 13.983844 -0.128476 
-233.861160 105.518616 736.913208 0.000000 -4.387560 0.000000 88.240517 -4.471993 90.181969 166.524658 -2.272246 140.529953 -3.577492 3.221352 -97.819466 -7.171461 -2.520766 84.585022 0.000005 0.003095 21.477638 -168.989868 6.195895 164.533295 0.894224 -3.346147 -67.193939 5.439295 -2.502515 88.630180 -0.000008 -0.003107 21.465153 0.290599 0.036818 6.811256 1.899862 0.830140 8.319469 2.228312 1.146313 7.231884 -3.595884 -0.824813 10.433819 2.960093 5.892772 -8.344684 -3.470102 -76.049034 -177.199570 24.702118 55.197372 -4.565786 1.470574 -7.350897 -39.778652 25.015978 1.223752 11.949256 11.177313 76.811478 -170.099136 -13.969281 -40.289570 -17.170280 -1.348191 16.993382 -51.361115 -19.235775 14.081993 0.325962 
-234.308289 105.447556 738.857300 0.000000 -4.709445 0.000000 88.260536 -4.934372 89.255211 166.735870 -1.860198 141.317673 -2.951602 3.671395 -82.271431 -8.326156 -1.782168 84.709694 0.000006 0.003096 21.477722 -169.651840 5.725561 163.866058 0.964415 -3.347380 -66.135635 5.742638 -2.381608 88.104942 -0.000008 -0.003107 21.464830 0.301083 -0.107950 7.038978 1.821725 0.760115 8.090583 1.997270 0.980033 7.488397 -3.265819 -0.849860 10.245020 3.745164 5.449545 -8.424887 -4.358279 -76.101318 -176.359085 26.303106 55.258102 -4.703888 1.597082 -7.528049 -40.461838 24.974630 1.243624 11.789391 11.218556 76.980423 -169.949341 -13.108859 -40.819004 -17.867653 -1.420517 16.989952 -51.916786 -19.201708 14.226254 0.574815 
-234.735107 105.374702 740.688721 0.000000 -5.033767 0.000000 88.317780 -5.063423 87.848587 166.854691 -1.584920 141.299011 -3.378349 3.723073 -79.169632 -9.221682 -1.426485 85.223671 0.000007 0.003096 21.476570 -170.157837 5.640016 163.176422 1.148958 -3.243735 -66.338745 5.900452 -2.358669 87.493408 -0.000009 -0.003107 21.464230 0.297418 -0.284717 7.198652 1.767287 0.772093 7.963134 1.868702 0.772920 7.633439 -3.543499 -1.144601 9.799489 3.921760 4.971282 -8.330926 -4.599190 -75.985657 -176.115723 27.461048 55.275803 -4.924835 1.711387 -7.768851 -40.907330 25.010679 1.747876 11.658935 10.864230 76.806351 -170.153351 -12.574378 -41.547398 -18.379725 -1.686810 17.207056 -52.594437 -19.371330 14.209200 0.335726 
-235.119492 105.268112 742.464050 0.000000 -5.362137 0.000000 88.315544 -4.853244 86.951141 167.353119 -1.369344 140.404877 -3.455375 3.540594 -76.361961 -9.292457 -1.552801 86.529465 0.000008 0.003096 21.474344 -170.276047 5.871209 163.302032 1.384790 -2.940085 -67.966904 5.995929 -2.547269 87.424873 -0.000009 -0.003107 21.463690 0.309228 -0.414774 7.242050 1.797978 0.941980 8.063252 1.897864 0.529089 7.642969 -4.472682 -0.949949 8.923320 3.660754 4.375241 -8.852106 -4.683677 -75.856583 -175.988007 27.402420 54.980789 -5.744427 1.768283 -7.919613 -40.762604 25.534643 2.494992 11.789590 9.684503 76.679970 -171.247681 -12.156464 -42.010979 -19.121893 -1.510721 17.749477 -52.002594 -20.017052 14.129729 -0.023520 
-235.445221 105.125107 744.266052 0.000000 -5.641816 0.000000 88.374367 -4.743683 86.525833 168.043777 -1.153984 139.449936 -3.354639 3.248354 -74.268547 -8.984247 -1.888426 87.738091 0.000008 0.003096 21.472311 -170.211868 6.093865 163.430832 1.804516 -2.704488 -68.905632 6.132637 -2.707808 87.512894 -0.000009 -0.003108 21.463064 0.319118 -0.481144 7.206553 1.860663 1.108178 8.307279 1.919328 0.273853 7.566547 -5.349404 -0.533051 8.556409 3.673442 3.842910 -9.700732 -4.317283 -75.865089 -176.356247 26.341646 54.304348 -7.333263 1.792404 -8.096231 -40.652088 26.124884 2.887361 11.848540 7.941145 76.464348 -172.927963 -11.850648 -42.145355 -19.350336 -1.158694 18.140661 -50.771709 -20.309677 13.962492 -0.424105 
-235.704758 104.964508 746.147766 0.000000 -5.831938 0.000000 88.228424 -4.951856 86.337936 167.934021 -0.667149 140.154907 -3.489329 3.229294 -73.256569 -9.106317 -1.951771 88.543365 0.000009 0.003096 21.470896 -170.610153 5.790952 162.014328 2.247887 -2.584340 -68.325661 6.536184 -2.685718 86.546745 -0.000009 -0.003108 21.462122 0.282944 -0.558394 7.168563 1.886899 1.102779 8.279896 1.691872 0.128453 7.714842 -5.368399 -0.629564 9.329233 4.349855 3.830696 -10.072669 -2.053366 -75.837852 -178.711746 25.566462 54.329437 -8.789495 1.848108 -8.266962 -41.804573 26.444647 2.891447 11.529429 5.770364 76.044357 -175.053925 -11.059723 -43.069714 -19.644606 -0.863115 17.891558 -49.600132 -20.034159 13.785321 -0.406373 
-235.944778 104.824028 748.007874 0.000000 -5.997057 0.000000 88.126511 -5.063368 86.341499 167.392044 -0.205896 141.408768 -3.781890 3.271486 -72.964386 -9.260051 -1.941388 88.970490 0.000009 0.003097 21.469282 -170.837662 5.423579 159.857941 2.757529 -2.572957 -67.309166 6.850555 -2.630609 85.635017 -0.000010 -0.003108 21.460930 0.258439 -0.634182 7.118052 1.877949 1.046552 8.027188 1.364030 0.057374 7.877752 -5.104322 -0.653743 10.186590 4.936565 3.995560 -10.573715 1.145418 -75.751587 177.945023 24.399384 54.361465 -10.800880 1.845836 -8.394238 -43.028282 26.188272 2.833383 11.030173 3.511361 75.615326 -177.305954 -10.000779 -44.144428 -20.161757 -0.665637 17.377708 -48.323662 -19.595804 13.710155 -0.253436 
-236.197922 104.702415 749.830872 0.000000 -6.183019 0.000000 88.136826 -5.131816 86.391106 167.825455 -0.296626 141.254166 -3.445291 3.114126 -73.125992 -8.962870 -1.970674 91.984222 0.000009 0.003097 21.468372 -170.737091 5.657309 159.235245 3.063361 -2.532059 -67.150887 6.590785 -2.548503 85.544327 -0.000010 -0.003108 21.461287 0.295215 -0.637840 7.038461 1.946230 1.142668 7.986743 1.253012 -0.050501 7.894054 -5.563542 -0.188329 10.032608 5.030760 3.599905 -11.266244 3.281039 -75.651825 175.755646 23.153690 53.417969 -12.409239 1.797984 -8.730387 -43.168583 26.255577 3.073910 10.742620 1.751153 75.424896 -179.058334 -9.598093 -44.105366 -20.387638 -0.430836 17.032463 -46.833565 -19.770584 13.775586 -0.252804 
-236.446457 104.569305 751.678406 0.000000 -6.341132 0.000000 88.182518 -5.253728 86.471916 168.699081 -0.569264 140.163971 -2.918813 2.888767 -73.184288 -8.264065 -2.302622 92.789200 0.000009 0.003097 21.467375 -170.703552 5.998610 159.282516 3.187333 -2.492327 -67.379494 6.274415 -2.567458 85.922379 -0.000010 -0.003108 21.462811 0.321690 -0.595482 6.991588 1.993534 1.349198 8.121860 1.223789 -0.116893 7.797489 -6.268845 0.286494 9.712658 4.795222 2.994749 -11.932911 3.944136 -75.703163 175.088226 22.115324 52.128048 -13.207347 1.665615 -9.151536 -42.673355 26.654007 3.364248 10.655793 0.296859 75.296509 179.540894 -9.922177 -43.414223 -20.263226 -0.202822 16.848074 -45.343819 -20.119720 13.842513 -0.449160 
-236.670929 104.413834 753.576965 0.000000 -6.428669 0.000000 88.206123 -5.435244 86.624283 169.224365 -0.669735 139.596558 -2.568197 2.767256 -73.615311 -7.939115 -2.579003 93.252724 0.000009 0.003097 21.466593 -170.812943 6.225944 158.979477 3.309416 -2.452207 -67.248024 6.283971 -2.643101 85.901642 -0.000011 -0.003109 21.463680 0.311473 -0.587160 6.923653 2.052088 1.333984 8.260929 1.129321 -0.151613 7.807208 -6.504837 0.337717 9.880449 4.492704 2.831394 -12.252502 5.048418 -75.746193 173.943192 21.564030 51.150852 -13.574686 1.540336 -9.405741 -42.575203 26.674059 3.330252 10.459893 -1.062515 75.116875 178.245071 -10.601126 -43.391205 -20.012056 -0.039700 16.588415 -44.553879 -20.236979 13.972717 -0.644534 
-236.886047 104.253296 755.520508 0.000000 -6.479736 0.000000 88.248306 -5.519633 86.832901 169.390793 -0.737339 139.264496 -2.241651 2.644814 -74.429596 -7.709423 -2.833117 93.429344 0.000009 0.003097 21.465946 -170.914703 6.446221 158.277374 3.439976 -2.406652 -66.889603 6.384113 -2.800583 85.634895 -0.000011 -0.003109 21.463560 0.313186 -0.613919 6.829035 2.111717 1.244662 8.362259 0.994274 -0.164268 7.877788 -6.681007 0.416477 10.238203 4.269857 2.921298 -12.686616 6.686423 -75.701668 172.231537 20.950586 50.321877 -14.231585 1.445388 -9.595595 -42.590843 26.540426 3.189687 10.289087 -2.281567 74.930084 177.092575 -10.944896 -43.767502 -19.914696 0.092143 16.282459 -43.833965 -20.198483 14.172409 -0.764344 
-237.108994 104.092430 757.499207 0.000000 -6.508241 0.000000 88.353371 -5.479744 87.053406 169.579773 -0.816054 138.598022 -1.648785 2.412139 -74.503006 -7.192971 -3.118734 93.892014 0.000008 0.003097 21.465378 -170.953644 6.739495 157.694427 3.569017 -2.274940 -66.505966 6.452913 -2.905113 85.502151 -0.000011 -0.003109 21.463118 0.313021 -0.643007 6.746406 2.157910 1.216373 8.446189 0.863432 -0.147109 7.960876 -6.903891 0.722107 10.602921 4.139083 2.981831 -13.033956 7.999781 -75.635910 170.873917 20.429632 49.707977 -14.830510 1.399246 -9.822864 -42.569668 26.630104 3.140195 10.208920 -3.185419 74.678757 176.256226 -11.227216 -43.862488 -19.670708 0.305261 16.142187 -43.028927 -20.246294 14.416602 -0.783029 
-237.333252 103.920952 759.497498 0.000000 -6.515263 0.000000 88.559799 -5.352521 87.332726 169.869095 -0.804021 137.771301 -1.111778 2.140199 -74.109352 -6.612922 -3.434567 94.356422 0.000008 0.003097 21.465029 -170.966125 6.969987 157.440018 3.775298 -2.056255 -66.444893 6.348426 -2.954538 85.578705 -0.000011 -0.003110 21.462379 0.288339 -0.676121 6.664276 2.218284 1.232364 8.564763 0.792634 -0.111933 8.018215 -7.269522 1.137720 10.898913 4.093112 3.069035 -13.346954 8.877560 -75.559250 169.977081 20.273697 49.346684 -14.889221 1.390477 -10.013269 -42.423622 27.057699 3.236121 10.162354 -3.923118 74.385048 175.559570 -11.657779 -43.744518 -19.220026 0.651540 16.132597 -42.031979 -20.350473 14.638083 -0.735334 
-237.547089 103.737961 761.521973 0.000000 -6.507569 0.000000 88.766441 -5.040200 87.832565 170.059402 -0.877596 137.280365 -0.901184 1.926057 -73.954262 -6.312973 -3.701164 94.473938 0.000008 0.003097 21.465179 -171.045013 7.107143 157.493164 4.068143 -1.839944 -66.707397 6.175586 -2.964026 85.839554 -0.000011 -0.003110 21.461205 0.256528 -0.710866 6.579852 2.293857 1.257733 8.667107 0.794475 -0.045395 8.020741 -7.553415 1.546749 11.088561 4.153322 3.321241 -13.467203 9.242976 -75.495361 169.596222 20.610750 49.402424 -14.452747 1.368088 -10.149355 -42.118805 27.656080 3.186041 10.288323 -4.248319 74.147476 175.206558 -12.169351 -43.607769 -18.682302 0.918510 16.279308 -41.324566 -20.412659 14.755450 -0.559867 
-237.762421 103.555725 763.579468 0.000000 -6.506781 0.000000 88.876900 -4.440238 88.627129 170.210968 -0.948810 137.259476 -0.869150 1.782156 -74.190720 -6.244930 -3.856986 94.271553 0.000007 0.003097 21.465595 -171.160797 7.126406 157.789993 4.287208 -1.659129 -66.507179 5.992049 -2.980193 86.074249 -0.000011 -0.003110 21.460138 0.219559 -0.723761 6.515020 2.325159 1.282212 8.681777 0.829792 0.049433 8.031489 -7.626168 1.777837 11.278075 4.098211 3.859460 -13.329715 9.020887 -75.492096 169.816025 21.157021 49.902187 -13.505911 1.354534 -10.208915 -41.822315 28.075914 3.058752 10.555171 -4.100724 74.039520 175.297836 -12.920938 -43.579712 -17.838671 1.070374 16.515249 -41.189507 -20.233757 14.840628 -0.345995 
-238.002441 103.387939 765.675171 0.000000 -6.527797 0.000000 88.898735 -3.794207 89.353203 170.257324 -1.106303 137.664505 -0.840361 1.732625 -75.000397 -6.466357 -4.002847 93.531898 0.000007 0.003097 21.466085 -171.236801 7.117747 158.356903 4.361198 -1.582485 -65.922775 5.692192 -3.043731 86.297050 -0.000011 -0.003110 21.459272 0.183945 -0.702528 6.478467 2.368579 1.241291 8.671797 0.937769 0.138858 8.002687 -7.433931 1.930323 11.562982 3.789962 4.288154 -13.004740 8.732192 -75.568703 170.079147 21.857677 50.672726 -12.175743 1.322494 -10.092490 -41.404995 28.463024 2.650324 10.883743 -3.430236 74.077988 175.875427 -14.072659 -43.666214 -16.611811 1.189793 16.724081 -41.510685 -20.042295 14.762640 -0.200576 
-238.282440 103.248093 767.836426 0.000000 -6.590795 0.000000 88.894203 -3.201661 89.920143 170.318436 -1.236037 138.363434 -0.739305 1.741565 -75.718674 -6.940516 -4.187791 92.467163 0.000007 0.003097 21.466505 -171.226242 7.138141 159.153351 4.201461 -1.660717 -65.687004 5.098040 -3.231697 86.654076 -0.000011 -0.003111 21.458578 0.169572 -0.680776 6.447394 2.419845 1.102420 8.688622 1.107233 0.219972 7.827930 -7.071902 2.322603 11.694366 3.487651 4.126191 -12.764377 8.916899 -75.679337 169.867081 22.426018 51.518456 -10.783463 1.281331 -9.922351 -41.004314 28.695990 1.869799 11.290635 -2.492788 74.124977 176.705841 -15.465810 -43.865604 -15.108738 1.375767 16.866180 -41.917141 -19.990561 14.555520 -0.038214 
-238.584686 103.137032 770.064209 0.000000 -6.676775 0.000000 88.920082 -3.035077 90.615768 170.182098 -1.339708 139.917526 -0.562200 1.874504 -76.235756 -7.426237 -4.113303 91.167450 0.000007 0.003097 21.467312 -171.268005 6.931925 159.595505 3.721474 -1.863852 -64.911758 4.806423 -3.344352 86.739265 -0.000011 -0.003110 21.458479 0.153016 -0.626750 6.399194 2.360138 0.849959 8.519132 1.297162 0.274940 7.682496 -6.072129 2.556489 11.835771 3.055887 3.453761 -12.697342 9.224319 -75.777832 169.505814 22.801517 52.442368 -9.842084 1.369310 -9.673370 -41.233433 28.660006 0.701367 11.363438 -1.904993 74.292915 177.167923 -16.923067 -44.223392 -13.339056 1.424967 16.855370 -42.380615 -19.793222 14.258571 0.271087 
-238.925293 103.048996 772.300537 0.000000 -6.763816 0.000000 88.909203 -3.016936 91.533897 169.464615 -1.339572 142.537048 -0.607674 2.260993 -77.234535 -8.063194 -3.577298 87.789864 0.000007 0.003098 21.468418 -171.285675 6.426307 159.093628 3.007916 -2.162792 -62.974552 5.081009 -3.290360 86.358078 -0.000010 -0.003110 21.458431 0.144439 -0.582557 6.439349 2.159468 0.544246 8.151432 1.427784 0.298859 7.834004 -4.193790 2.367551 12.766074 2.680927 2.788314 -13.171710 9.563882 -75.760620 169.076080 23.150318 53.159698 -9.159867 1.615831 -9.591483 -42.228477 28.369638 -0.812155 11.037559 -1.207248 74.599060 177.764709 -17.350901 -44.855247 -12.442362 1.266655 16.664595 -43.442318 -18.442347 13.983247 0.696811 
-239.355988 102.982262 774.457581 0.000000 -6.864907 0.000000 88.831230 -3.198982 92.459839 168.677078 -0.608682 145.294617 -1.282723 2.636679 -80.773102 -8.858714 -2.805713 85.969910 0.000007 0.003098 21.469856 -171.160065 5.682287 157.858292 2.356356 -2.585703 -61.195843 5.799394 -3.235440 85.876541 -0.000010 -0.003109 21.458403 0.204622 -0.562529 6.580478 2.010529 0.134220 7.686007 1.460638 0.343289 8.141804 -2.434555 2.049012 13.731879 3.038066 2.806074 -13.180886 10.609516 -75.489738 168.001678 23.468340 53.568932 -8.507554 1.896500 -9.586252 -43.292095 27.175926 -2.318710 11.164571 0.150770 74.989311 179.048157 -17.176628 -44.904190 -12.530597 0.833537 16.362932 -45.240559 -17.686365 13.916647 0.887688 
-239.883469 102.937149 776.568298 0.000000 -6.950811 0.000000 88.644035 -3.422643 93.092628 168.243515 -0.209907 146.768982 -2.689999 2.671877 -97.595749 -9.486816 -2.456808 84.503265 0.000006 0.003098 21.470314 -170.934662 5.069935 157.319366 1.724328 -3.005131 -60.220680 6.127679 -3.291442 86.119400 -0.000011 -0.003108 21.458895 0.295431 -0.514371 6.685936 2.064915 -0.175929 7.324290 1.510759 0.427193 8.255342 -1.231561 1.791436 14.159388 3.393664 3.203239 -12.620685 10.613567 -75.345100 167.998886 23.630754 53.923141 -7.157598 1.924750 -9.377168 -43.512737 25.944210 -3.258357 11.593505 1.333822 75.261826 -179.840149 -17.399656 -44.364639 -12.646501 0.376724 16.122971 -47.113411 -17.431614 13.777331 0.989037 
-240.496033 102.911743 778.721375 0.000000 -7.006113 0.000000 88.503181 -3.666062 93.655907 167.836502 -0.352657 146.904663 -2.891978 2.907902 -99.995964 -9.882722 -2.297671 83.513405 0.000005 0.003098 21.470678 -170.644638 5.068375 157.381775 1.125976 -3.390579 -60.231228 6.388133 -3.416961 86.487831 -0.000011 -0.003108 21.459780 0.361575 -0.460530 6.751735 2.105912 -0.306633 7.137141 1.564423 0.565097 8.293509 -0.436289 1.489228 14.331893 3.625821 3.680906 -11.883578 9.861180 -75.325371 168.808487 24.201038 54.319733 -5.743147 1.839670 -9.050724 -43.089996 25.032890 -3.497874 11.993353 2.390564 75.461418 -178.824814 -17.342659 -43.596100 -13.151660 0.065986 16.071815 -48.810291 -17.335474 13.720036 1.022899 
-241.173813 102.902588 780.919006 0.000000 -7.035153 0.000000 88.484184 -3.935781 94.003220 167.342316 -0.927526 146.777740 -3.067992 3.082299 -101.243416 -9.975737 -2.180601 83.028801 0.000005 0.003098 21.471478 -170.450592 5.477906 157.625214 0.795767 -3.706481 -60.898979 6.467649 -3.495272 86.941750 -0.000011 -0.003108 21.461105 0.412751 -0.381756 6.820760 2.104821 -0.314995 7.099725 1.659928 0.712457 8.276486 0.056961 1.100788 14.318332 3.689895 3.833649 -11.336715 8.079000 -75.302406 170.703049 25.237301 54.751652 -4.315858 1.778749 -8.666875 -42.713253 24.428858 -3.590698 12.307430 3.124940 75.787376 -178.086853 -16.892406 -42.907475 -13.950231 -0.318241 16.029259 -50.339222 -17.353695 13.857113 1.075927 
-241.903992 102.893494 783.135620 0.000000 -7.069573 0.000000 88.598389 -4.273417 94.233383 167.058014 -1.537933 146.968353 -3.359823 3.188927 -101.220047 -9.996716 -2.042159 82.879387 0.000005 0.003098 21.472395 -170.245651 6.001240 158.247147 0.691490 -3.982813 -61.670712 6.291759 -3.637440 87.442528 -0.000011 -0.003108 21.463074 0.487304 -0.283271 6.948436 2.068986 -0.247165 7.079925 1.799280 0.816992 8.180451 0.318282 0.590312 14.206143 3.687190 3.642607 -10.706647 5.530896 -75.396027 173.391800 26.051313 55.123203 -3.071464 1.733406 -8.172253 -42.145515 24.275360 -3.559680 12.569952 3.732013 76.197121 -177.466675 -15.951141 -42.194244 -15.416523 -0.801851 15.887265 -51.661221 -17.393787 13.966712 1.037912 
-242.681030 102.873871 785.329163 0.000000 -7.123067 0.000000 88.752426 -4.553282 94.321121 166.748276 -1.968932 147.677383 -3.492178 3.260989 -100.673851 -9.972678 -1.824923 82.660393 0.000004 0.003097 21.473173 -169.980408 6.332150 158.337128 0.686861 -4.226008 -62.051922 6.248821 -3.750724 87.685699 -0.000012 -0.003107 21.464949 0.562658 -0.199739 7.086912 2.023771 -0.189331 6.971204 1.899298 0.914137 8.160814 0.642347 0.081619 14.199951 3.932255 3.709594 -10.229651 3.767033 -75.481972 175.271179 26.623547 55.549774 -2.139451 1.725114 -7.741343 -41.863987 23.814724 -3.292970 12.582026 4.578491 76.576759 -176.609238 -14.927470 -41.487110 -16.734533 -1.241664 15.725206 -52.776085 -17.387682 14.314741 0.961755 
-243.505478 102.840065 787.465881 0.000000 -7.209576 0.000000 88.839851 -4.822083 94.257233 166.413788 -1.888176 148.320007 -3.612991 3.324982 -100.689247 -10.021774 -1.526031 82.410179 0.000004 0.003097 21.474230 -169.853439 6.502938 157.348389 0.885745 -4.428440 -62.537346 6.666296 -3.747572 87.467216 -0.000012 -0.003107 21.465534 0.605283 -0.191340 7.224212 1.920752 -0.191939 6.758379 1.879803 0.999913 8.276070 0.962900 -0.453547 14.299847 4.300221 4.197255 -9.982987 2.408453 -75.411911 176.730103 27.185575 56.190804 -1.920634 1.735666 -7.650395 -42.183151 22.925058 -3.026791 12.455486 5.559085 76.828194 -175.632492 -13.699722 -41.236172 -17.976566 -1.619020 15.435959 -53.548542 -17.107323 14.808773 0.911613 
-244.399719 102.808334 789.546997 0.000000 -7.332815 0.000000 88.896263 -4.662657 94.167557 166.391373 -1.772417 148.149155 -3.456940 3.385651 -100.402962 -10.107994 -1.371912 82.382225 0.000004 0.003097 21.475100 -169.705429 6.650943 156.635742 1.144901 -4.510013 -63.205803 7.013093 -3.564975 87.346603 -0.000013 -0.003107 21.466110 0.639858 -0.188349 7.260553 1.821173 -0.153683 6.675157 1.874879 1.087770 8.349604 1.077367 -0.950251 14.382597 4.480505 4.637274 -10.034575 1.434195 -75.352280 177.782272 27.620680 56.422131 -1.622293 1.738152 -7.587805 -42.475071 22.343819 -2.472672 12.422869 6.389826 76.932297 -174.811050 -13.242402 -41.185509 -18.427490 -1.961895 15.398961 -54.175629 -17.070803 15.068503 0.877453 
-245.346024 102.773727 791.600525 0.000000 -7.460455 0.000000 88.996025 -3.908208 94.059944 166.762726 -2.022334 147.073624 -2.949925 3.393542 -99.735512 -9.787602 -1.536320 82.775238 0.000003 0.003097 21.475712 -169.359879 6.952536 157.464890 1.267015 -4.441864 -64.284920 6.690495 -3.415049 87.803162 -0.000013 -0.003107 21.467911 0.676358 -0.113414 7.188541 1.733658 -0.012259 6.792240 1.996453 1.162619 8.220446 0.811449 -1.333640 14.213666 4.030507 4.750635 -10.220078 1.015752 -75.390556 178.241745 27.853251 56.425262 -0.654648 1.679095 -7.327613 -41.916004 22.419336 -1.650111 12.593573 7.533550 76.952774 -173.660507 -13.429680 -40.576004 -18.526539 -2.228474 15.690173 -54.757271 -17.463940 14.975658 0.904362 
-246.290451 102.716316 793.673462 0.000000 -7.551264 0.000000 89.177750 -2.730886 93.807854 167.277344 -2.396793 145.323212 -2.219194 3.320642 -99.188873 -9.072611 -1.921932 83.471085 0.000003 0.003097 21.476049 -168.871338 7.318046 159.184906 1.220944 -4.221030 -65.421539 6.164874 -3.299060 88.456711 -0.000013 -0.003107 21.469584 0.687573 0.010843 7.023249 1.691936 0.142295 7.014098 2.095465 1.187729 7.965921 0.349810 -1.731914 14.004035 3.303541 5.052311 -10.335059 1.022351 -75.455322 178.206299 27.779865 56.340000 0.549231 1.544767 -7.049179 -41.189693 22.633360 -1.110774 12.913334 8.628136 77.006462 -172.572540 -14.264218 -39.921154 -18.146540 -2.315840 16.112152 -55.226089 -17.897980 14.625855 1.016135 
-247.195511 102.634445 795.808472 0.000000 -7.568638 0.000000 89.313225 -1.550263 93.455208 167.556839 -2.491507 143.687805 -1.598508 3.216394 -99.215134 -8.431009 -2.380310 84.086006 0.000002 0.003097 21.476315 -168.365067 7.657642 160.507858 1.094013 -3.954167 -66.074821 5.626917 -3.232005 88.979820 -0.000012 -0.003107 21.470646 0.622545 0.077565 6.811250 1.749291 0.222423 7.238151 2.166415 1.111652 7.669009 -0.242988 -2.020795 13.868219 2.761312 5.538042 -10.516528 1.310414 -75.555450 177.854324 27.680885 56.108189 1.569177 1.345914 -6.875281 -40.704437 22.566980 -0.436409 13.166538 9.793126 77.062859 -171.423828 -15.410004 -39.753727 -17.340651 -2.208256 16.471718 -55.257034 -18.424730 14.082228 1.123965 
-248.056000 102.534691 798.068848 0.000000 -7.517467 0.000000 89.385017 -0.687854 92.974892 167.729111 -2.359900 142.604431 -1.390994 3.135777 -99.812798 -8.027822 -2.795609 84.274086 0.000002 0.003097 21.476660 -167.756042 7.901286 161.445862 0.968646 -3.671186 -66.572624 5.291227 -3.150731 89.206711 -0.000012 -0.003107 21.470976 0.566413 0.080217 6.629468 1.902669 0.236898 7.517077 2.179497 1.022315 7.374391 -0.945943 -2.192903 13.530279 2.332219 5.781021 -10.700075 1.985633 -75.627663 177.143005 27.530798 55.888065 2.125893 1.160624 -6.695019 -40.237541 22.573057 0.701016 13.610919 11.275890 76.993141 -169.969254 -16.878080 -39.963810 -15.769642 -2.093203 16.815144 -55.086147 -19.158651 13.116545 1.075809 
-248.869110 102.421677 800.457214 0.000000 -7.403032 0.000000 89.502724 -0.078988 92.382957 167.787857 -2.235668 141.605286 -1.580127 3.003246 -99.856712 -7.748434 -3.117934 84.524368 0.000001 0.003097 21.476337 -167.139923 8.034687 162.573837 0.949144 -3.392917 -67.100571 5.106452 -3.048690 89.405663 -0.000012 -0.003107 21.470705 0.498358 0.078969 6.455969 2.062191 0.289682 7.801782 2.227442 0.931397 7.128395 -1.470209 -2.323662 12.712870 1.768049 5.983705 -10.707531 2.256512 -75.763222 176.847809 26.990166 55.985237 1.969921 1.015622 -6.458235 -39.484131 22.491901 1.928783 14.006136 12.711125 76.854637 -168.556473 -18.156301 -40.045029 -14.434643 -2.025317 17.137337 -55.188652 -19.704016 12.112759 0.895638 
-249.648163 102.286186 802.936951 0.000000 -7.269850 0.000000 89.467560 2.297752 90.099396 168.197189 -2.120165 140.670059 -2.206404 2.784227 -99.296921 -7.368608 -3.170352 85.204102 0.000001 0.003097 21.476004 -166.838440 8.220188 163.685318 1.102871 -3.065994 -66.961273 5.145017 -2.901562 89.651672 -0.000011 -0.003107 21.469831 0.433265 0.106891 6.346921 2.104668 0.474393 8.010462 2.248662 0.874050 6.948675 -1.917388 -2.192852 11.588491 1.138254 5.837894 -10.830602 2.604351 -75.972641 176.473145 26.410549 56.282883 1.271299 0.948891 -6.375657 -38.943748 22.242964 2.839474 14.200744 13.153111 76.662460 -168.138855 -18.977303 -40.092091 -13.559885 -1.892918 17.550734 -54.772198 -19.868118 11.247270 0.843640 
-250.399277 102.126076 805.411499 0.000000 -7.136153 0.000000 89.538994 2.548425 89.767197 168.879440 -1.891387 140.533234 -2.789960 2.592723 -98.059601 -7.120417 -2.944000 86.056953 0.000002 0.003097 21.475737 -166.812042 8.028068 164.180771 1.326004 -2.771481 -66.479843 5.401465 -2.550635 90.009399 -0.000011 -0.003107 21.469326 0.413437 0.124171 6.327281 2.076323 0.743748 8.183671 2.182912 0.815888 6.844911 -2.220871 -1.785225 10.223154 0.705380 5.126879 -11.448908 2.639319 -76.160126 176.424164 25.394049 56.671856 -0.117966 0.953485 -6.464761 -39.024162 21.866579 3.242261 14.081049 12.477166 76.340347 -168.882431 -19.286186 -40.207203 -13.207369 -1.566016 17.860956 -53.508621 -19.951214 10.658799 0.848275 
-251.113052 101.944710 807.807251 0.000000 -7.012844 0.000000 89.725998 2.096945 89.250801 169.464340 -1.585213 141.509109 -2.318035 2.778625 -84.159653 -7.248125 -2.544671 86.773804 0.000003 0.003097 21.475529 -166.747055 7.597696 163.654922 1.512047 -2.569652 -66.154175 5.533206 -2.267401 90.365829 -0.000011 -0.003107 21.469189 0.407533 0.084536 6.442432 2.033223 0.949327 8.198058 2.061795 0.727542 6.850045 -1.971611 -1.365283 8.570170 0.918186 3.890160 -12.181436 1.385232 -76.168068 177.724319 24.217356 57.033577 -2.102794 1.020959 -6.504774 -39.200668 21.790926 3.056524 13.848369 12.520846 76.222939 -168.882538 -19.715191 -40.251263 -13.037492 -1.256374 17.934149 -52.713142 -20.037769 10.490717 0.737303 
-251.777557 101.744904 810.108948 0.000000 -6.922336 0.000000 89.825317 0.895104 88.753815 169.688095 -1.183688 142.902252 -2.545614 2.868106 -80.319756 -7.693246 -2.102916 87.271355 0.000004 0.003097 21.475439 -167.010010 7.222633 162.566544 1.730085 -2.474737 -65.887009 5.862257 -2.108660 90.450165 -0.000011 -0.003107 21.468912 0.410101 -0.008855 6.623483 1.971640 1.042223 7.976672 1.895507 0.627493 6.967556 -1.466766 -1.352800 7.541097 1.721027 2.881272 -12.335133 -0.149597 -76.176582 179.349701 23.497190 56.905296 -4.029885 1.113649 -6.628334 -39.626034 22.003212 2.985898 13.505069 12.367342 76.280334 -169.000336 -19.291159 -40.352810 -13.687818 -1.330701 17.982122 -53.299477 -19.915934 10.521031 0.392694 
-252.384354 101.526711 812.318115 0.000000 -6.891077 0.000000 89.802841 -2.417094 89.846275 169.720184 -0.652238 144.156555 -2.843551 3.029449 -76.898346 -8.643185 -1.735197 88.027565 0.000005 0.003097 21.475445 -167.280396 7.056552 161.167419 2.100485 -2.406748 -66.112556 6.437064 -1.930848 90.571037 -0.000011 -0.003106 21.468382 0.417111 -0.137194 6.818702 1.969043 1.048623 7.666825 1.640113 0.469038 7.091412 -1.321172 -1.629041 7.139007 2.827848 2.325872 -12.332011 -1.842261 -76.142891 -178.895782 22.398739 56.266571 -6.464986 1.184363 -6.926507 -40.169666 21.663454 3.192793 12.996461 11.081679 76.437050 -170.186646 -18.302256 -40.332062 -15.060866 -1.886540 17.893257 -54.875443 -19.850424 10.695437 -0.048809 
-252.926086 101.300301 814.470093 0.000000 -6.933275 0.000000 90.007637 -3.447138 89.145317 169.826965 -0.145232 144.163361 -3.126790 2.995092 -74.191940 -9.127555 -1.658794 89.071007 0.000006 0.003097 21.475235 -167.173431 7.219637 160.237274 2.547544 -2.280533 -66.688812 7.024232 -1.658188 90.603615 -0.000012 -0.003106 21.467831 0.426196 -0.236132 6.905911 2.002674 1.081012 7.465741 1.389815 0.235448 7.246781 -1.836193 -1.809424 6.684924 3.472252 2.068271 -13.034603 -2.656611 -76.092857 -178.092209 20.565241 55.225273 -9.488181 1.243354 -7.406879 -40.417328 20.964668 3.183765 12.605309 9.248747 76.481697 -171.930817 -17.631094 -40.342926 -15.867976 -2.192212 17.990026 -55.494373 -20.396154 10.753661 -0.537197 
-253.392242 101.059578 816.594055 0.000000 -7.013183 0.000000 90.135406 -3.813495 88.640976 170.246323 0.015874 143.449295 -3.067662 2.830952 -72.856689 -9.093861 -1.676099 91.566040 0.000006 0.003097 21.473967 -167.072861 7.515783 159.846817 2.930888 -2.137031 -67.686188 7.320177 -1.471170 90.447586 -0.000012 -0.003107 21.468363 0.434789 -0.300805 6.893878 2.038949 1.188888 7.479060 1.088690 0.055045 7.333477 -2.662404 -1.522275 6.076989 3.556776 2.183135 -13.755009 -2.614908 -76.038658 -178.174515 18.656952 54.120926 -12.287010 1.224924 -7.968874 -40.495144 20.776094 3.278176 12.177883 7.239056 76.396439 -173.850113 -17.393026 -39.984676 -16.294102 -2.014694 18.050140 -54.650951 -20.843428 10.631428 -0.788372 
-253.766602 100.821266 818.717651 0.000000 -7.055486 0.000000 90.145950 -3.808104 88.358124 170.569580 0.349245 143.225830 -2.928619 2.755385 -71.878387 -8.851030 -1.724898 92.712494 0.000007 0.003097 21.473343 -167.262177 7.515844 158.949875 3.310955 -2.052034 -68.060059 7.595314 -1.326506 89.737968 -0.000013 -0.003107 21.468719 0.425384 -0.389883 6.870160 2.042669 1.254805 7.503806 0.778735 -0.051396 7.517098 -3.251478 -1.247325 5.976360 3.990705 2.503231 -14.471322 -1.213579 -75.959076 -179.670258 17.361904 53.286968 -14.668420 1.193601 -8.530996 -41.106834 20.796753 3.091538 11.796666 4.708438 76.133339 -176.297363 -17.052563 -40.057987 -16.636255 -1.720644 17.782558 -53.583782 -21.343807 10.517254 -0.775390 
-254.076904 100.589905 820.807434 0.000000 -7.045875 0.000000 90.113571 -3.844016 88.204414 170.685577 0.831948 143.966446 -2.858175 2.773764 -70.865570 -9.065763 -1.734458 93.878273 0.000008 0.003097 21.472914 -167.521637 7.186791 157.363068 3.866206 -2.031261 -68.006264 7.786349 -1.171579 88.785057 -0.000013 -0.003107 21.468113 0.424053 -0.495293 6.829700 2.024238 1.264605 7.441543 0.463308 -0.184972 7.736319 -3.283458 -1.161158 6.318568 4.735921 2.672650 -15.013062 0.874940 -75.890717 178.121460 16.638262 52.721447 -16.876825 1.197294 -9.048306 -42.244061 20.434767 2.554716 11.459768 1.983106 75.955467 -178.968430 -16.716854 -41.078514 -16.430889 -1.597139 17.390751 -53.026711 -21.514915 10.582955 -0.775128 
-254.371780 100.357246 822.859680 0.000000 -7.034040 0.000000 90.072533 -3.606148 88.282051 170.669540 1.408131 145.136780 -2.940817 2.778985 -70.437241 -9.092788 -1.575592 94.987938 0.000008 0.003098 21.472673 -167.620941 6.662742 155.462234 4.385602 -2.028888 -67.663177 8.003172 -0.960482 87.618523 -0.000014 -0.003106 21.467272 0.440527 -0.541084 6.796697 1.967118 1.201762 7.313820 0.192485 -0.299003 7.829287 -3.204000 -1.261226 6.506008 5.202311 2.901402 -15.226540 2.356039 -75.816612 176.568146 16.389450 52.261871 -18.177731 1.155602 -9.532565 -42.947224 19.672937 1.979697 11.207793 -0.008668 75.991234 179.067368 -16.317627 -42.424915 -16.124062 -1.431419 16.824469 -52.365860 -21.281021 10.648522 -0.651897 
-254.684021 100.118484 824.860840 0.000000 -7.027114 0.000000 90.150978 -3.498701 88.549736 170.822571 1.729311 145.456390 -2.725423 2.757228 -70.653114 -8.747251 -1.484548 95.843178 0.000008 0.003098 21.472675 -167.786484 6.342257 154.250641 4.733587 -2.017088 -67.572525 8.101498 -0.860070 87.100258 -0.000014 -0.003106 21.467405 0.439819 -0.561332 6.753816 1.966774 1.153043 7.346922 0.026772 -0.316730 7.851775 -3.280743 -1.383206 6.307683 5.144227 3.080835 -15.503188 3.157300 -75.825256 175.713150 16.115597 51.431747 -18.736691 1.083256 -10.020659 -43.284073 19.407269 1.653465 10.930314 -1.521573 75.955215 177.571106 -16.299337 -43.142681 -15.833704 -1.252953 16.374655 -51.654087 -21.177191 10.901759 -0.721791 
-255.005356 99.876778 826.814636 0.000000 -7.002423 0.000000 89.667503 -3.682092 87.604317 171.135574 1.400814 144.448868 -1.993297 2.669882 -70.425255 -8.240349 -1.800366 96.438759 0.000008 0.003098 21.471947 -167.823227 6.670846 154.256866 4.939983 -2.041479 -68.252274 7.644337 -0.810197 87.409462 -0.000014 -0.003106 21.468458 0.436578 -0.573774 6.680967 2.090832 1.263806 7.677289 -0.046633 -0.238201 7.860715 -4.102814 -1.092344 5.960364 4.891240 2.934883 -16.135946 4.245725 -75.879440 174.536652 15.829249 49.781715 -19.195066 0.932689 -10.446934 -42.921188 20.306002 1.740474 10.718583 -3.164142 75.838776 175.936493 -17.074797 -42.988995 -15.057691 -1.011224 16.163536 -50.722115 -21.600376 11.225086 -0.775551 
-255.314087 99.638077 828.781250 0.000000 -6.943442 0.000000 89.651077 -3.701649 87.061493 171.357925 0.939868 143.387344 -1.172536 2.525827 -69.911621 -7.734723 -2.324252 96.986504 0.000008 0.003098 21.471102 -167.843597 7.062127 154.503326 5.101518 -2.016058 -69.418274 7.188481 -0.852723 87.937332 -0.000014 -0.003107 21.469095 0.437515 -0.593128 6.604583 2.165601 1.422780 7.998028 -0.105389 -0.148141 7.881493 -5.180995 -0.657823 5.769246 4.682551 3.138061 -16.584816 4.751565 -75.849030 173.922928 15.641192 48.150288 -19.549372 0.720299 -10.841702 -42.373119 21.281673 2.014016 10.583282 -4.790000 75.712250 174.337051 -18.066172 -42.707268 -14.019210 -0.742578 16.090330 -49.825706 -22.006153 11.526012 -0.673795 
-255.610016 99.397697 830.767639 0.000000 -6.863286 0.000000 89.674416 -3.444418 86.890999 171.361877 0.673541 143.543640 -0.757176 2.474909 -69.809616 -7.617694 -2.673568 97.344322 0.000008 0.003098 21.471087 -167.794006 6.904215 154.207901 5.294740 -1.898434 -70.213402 7.099694 -0.976798 87.836555 -0.000014 -0.003107 21.468779 0.407252 -0.639412 6.528263 2.127865 1.412539 8.087540 -0.261905 -0.108350 7.891533 -5.760228 -0.625548 5.820592 4.818310 3.774806 -16.738855 4.863533 -75.681267 173.743912 15.955980 47.287670 -19.367952 0.614323 -11.121448 -42.451839 21.416618 2.091899 10.493647 -5.933542 75.717140 173.231949 -18.556320 -43.386028 -13.255617 -0.727153 15.939961 -49.850964 -22.092398 11.702106 -0.683451 
-255.910248 99.146492 832.768738 0.000000 -6.802183 0.000000 89.625824 -3.102745 86.811913 171.310043 0.448862 144.010406 -0.557678 2.462475 -69.725685 -7.587478 -2.972804 97.418243 0.000007 0.003098 21.471464 -167.631119 6.745775 154.051376 5.419224 -1.769702 -70.667870 6.939608 -1.026120 87.590782 -0.000014 -0.003107 21.468420 0.359108 -0.679231 6.442462 2.098614 1.364140 8.097639 -0.386840 -0.030225 7.883138 -6.186003 -0.622275 5.758188 4.854063 4.343333 -16.887190 4.744247 -75.521286 173.822067 16.426104 46.828236 -18.879560 0.554817 -11.277422 -42.388657 21.369217 2.256008 10.494044 -6.205480 75.797470 172.989532 -19.307194 -44.033405 -12.236889 -0.735232 15.926160 -49.987484 -22.143703 11.865434 -0.657072 
-256.226349 98.887871 834.790039 0.000000 -6.764565 0.000000 89.421593 -2.601155 86.528450 171.554489 0.301430 144.381744 -0.397719 2.403799 -69.213821 -7.273146 -3.399585 97.156303 0.000007 0.003098 21.471748 -167.316589 6.731947 154.643082 5.484599 -1.615250 -71.025566 6.508016 -0.978466 87.838051 -0.000014 -0.003108 21.468605 0.286464 -0.701028 6.398979 2.132245 1.355631 8.087847 -0.435146 0.083313 7.789207 -6.571911 -0.418443 5.541357 4.796877 4.734856 -17.034431 4.453119 -75.491821 174.113785 17.044954 46.815407 -18.091627 0.455861 -11.326930 -41.824455 21.515928 2.391542 10.605724 -5.667883 75.850502 173.519623 -20.182234 -44.035202 -11.273436 -0.577069 16.020515 -49.570583 -22.593153 12.087138 -0.565997 
-256.539215 98.638550 836.819763 0.000000 -6.726596 0.000000 89.145302 -1.746722 86.497025 171.881393 0.155877 144.958008 -0.365483 2.368341 -68.508812 -6.867650 -3.670804 96.554703 0.000006 0.003099 21.472878 -167.030701 6.611085 155.443146 5.508226 -1.461363 -70.897049 6.079499 -1.002306 88.362282 -0.000013 -0.003108 21.468624 0.215072 -0.682106 6.417266 2.126216 1.330334 7.909075 -0.392808 0.174698 7.689442 -6.648523 -0.139474 5.681421 4.485017 4.894717 -17.054893 4.275679 -75.649803 174.299759 17.657579 47.668324 -17.000319 0.445958 -11.342031 -41.744282 21.419876 2.397926 10.688274 -4.865979 75.997124 174.267380 -20.669563 -43.821663 -10.850357 -0.431688 16.066032 -49.136089 -22.871283 12.298295 -0.416234 
-256.853821 98.415764 838.868347 0.000000 -6.681892 0.000000 88.777824 -0.826297 86.883789 172.201996 -0.015424 146.237930 -0.635411 2.435925 -68.485847 -6.828374 -3.658377 95.631256 0.000006 0.003099 21.474613 -166.972000 6.426579 156.102600 5.517990 -1.373946 -70.162117 5.878257 -1.010411 88.870644 -0.000013 -0.003108 21.469311 0.181013 -0.617642 6.467133 2.093760 1.248272 7.557232 -0.232146 0.226272 7.602398 -6.198702 0.152508 6.394978 3.948674 4.539759 -17.005337 4.570639 -75.999863 173.995285 18.334362 49.145061 -15.691216 0.448212 -11.189309 -41.857777 20.766409 1.896667 10.738684 -3.925254 76.338852 175.119965 -21.405775 -43.880142 -10.309316 -0.423775 15.992700 -49.105663 -22.946655 12.490018 -0.229108 
-257.188354 98.230057 840.942566 0.000000 -6.622558 0.000000 91.325706 2.865844 87.104355 172.399368 -0.336988 147.828949 -0.884287 2.562171 -69.178993 -6.776032 -3.418227 94.407288 0.000005 0.003099 21.476845 -167.099075 6.244843 156.746750 5.395586 -1.514716 -69.658920 5.818256 -0.835185 89.626961 -0.000012 -0.003108 21.470537 0.154664 -0.451800 6.579072 1.977836 1.066066 7.181294 -0.069243 0.231057 7.506675 -5.636973 0.404241 7.118553 3.232335 3.707699 -17.289766 5.562323 -76.345963 172.985764 18.872711 50.863842 -14.352650 0.358491 -10.955724 -41.935493 20.182005 0.773720 10.764577 -2.381839 76.750404 176.549789 -22.821535 -44.259506 -9.199338 -0.385741 15.863511 -49.078911 -22.517885 12.406501 -0.056683 
-257.549072 98.085434 843.065247 0.000000 -6.521323 0.000000 91.263733 3.407558 87.345718 172.407990 -0.539508 149.221710 -1.100242 2.756990 -70.695618 -6.973525 -3.001446 93.253502 0.000004 0.003099 21.478962 -167.077255 6.122138 156.814774 5.056236 -1.740370 -68.870697 5.805865 -0.626070 90.306213 -0.000011 -0.003108 21.471600 0.137349 -0.290318 6.711252 1.838572 0.814989 6.812000 0.012272 0.242372 7.507909 -4.931806 0.355172 8.098657 2.325046 2.827694 -17.090645 7.084215 -76.558868 171.454620 19.343000 52.118736 -13.145991 0.309723 -10.896167 -42.543888 19.892769 -0.426306 10.769972 -0.653647 77.080704 178.162201 -23.670212 -45.073898 -8.714529 -0.399897 15.587637 -49.438957 -21.517183 12.195914 0.354591 
-257.953247 97.971733 845.252869 0.000000 -6.379800 0.000000 90.959595 3.437416 87.971001 172.096756 -0.584604 149.852127 -1.593122 3.060799 -72.439285 -7.432335 -2.474084 92.189735 0.000003 0.003099 21.481237 -167.433487 5.704057 155.588211 4.868480 -2.027746 -67.278442 5.978824 -0.501380 90.611786 -0.000012 -0.003107 21.472904 0.118722 -0.210630 6.897285 1.663825 0.483657 6.577847 0.006194 0.327707 7.494625 -3.786690 -0.098370 9.390171 1.993168 2.507320 -16.631739 7.594519 -76.597900 170.922989 20.532946 52.655270 -11.370630 0.453115 -10.760265 -43.975834 19.453287 -1.573751 10.736085 1.422941 77.459656 -179.782990 -23.533749 -46.456467 -9.085521 -0.646723 15.128373 -50.959755 -19.788410 11.776354 0.846491 
-258.423737 97.865257 847.513306 0.000000 -6.276193 0.000000 90.768471 2.966267 88.696373 171.571259 -0.461516 149.619904 -2.160832 3.312586 -75.496605 -8.069497 -1.998773 91.845062 0.000003 0.003100 21.482748 -167.917511 5.130596 153.974792 4.657558 -2.366688 -65.655388 6.338428 -0.426777 90.735046 -0.000013 -0.003107 21.473837 0.157368 -0.143549 7.078746 1.403862 0.245037 6.240551 -0.016117 0.513086 7.478415 -2.952879 -0.646691 10.185954 1.851056 2.696873 -15.954613 7.108169 -76.542336 171.435471 22.294458 52.883835 -8.727549 0.623651 -10.752909 -45.177113 18.535364 -1.980549 10.557689 2.691529 77.825218 -178.552917 -22.283428 -47.587349 -10.151777 -1.063664 14.834772 -53.147766 -18.241365 11.401238 1.045018 
-258.961060 97.752174 849.888123 0.000000 -6.224291 0.000000 90.671219 2.665811 88.987930 171.257675 -0.656618 148.783264 -2.327518 3.466977 -77.466270 -8.598882 -1.719454 91.276138 0.000003 0.003100 21.484327 -168.110428 4.728711 153.384232 4.396899 -2.650652 -65.311371 6.405171 -0.450206 91.434563 -0.000013 -0.003107 21.475763 0.246486 -0.056081 7.318460 1.234681 0.114079 5.860854 0.099564 0.762081 7.440058 -2.387525 -0.886983 10.587308 1.647081 2.692640 -15.193878 6.091051 -76.493263 172.534164 24.466316 53.064194 -5.656620 0.653594 -10.757935 -45.353001 18.066673 -2.052025 10.356419 4.167124 78.141975 -177.116394 -20.909958 -47.632999 -11.376437 -1.495651 14.739857 -54.763851 -17.382307 11.259619 1.016185 
-259.541290 97.635147 852.331543 0.000000 -6.198244 0.000000 90.757828 2.256236 89.019211 171.065735 -0.759208 148.346222 -2.331743 3.617270 -78.799103 -8.863353 -1.640866 88.379280 0.000002 0.003100 21.486099 -168.359512 4.271589 152.711853 4.311460 -2.893370 -65.259453 6.481597 -0.438829 92.135521 -0.000014 -0.003107 21.477886 0.304341 0.017597 7.510636 1.189812 -0.030582 5.610120 0.219933 0.900185 7.442532 -1.997373 -1.121064 10.978678 1.481348 2.916399 -14.212987 4.587647 -76.500465 174.124298 27.035627 53.238781 -2.676285 0.713245 -10.889035 -45.757339 17.462624 -2.261832 10.480682 6.056522 78.535927 -175.245102 -19.376656 -47.215836 -12.795530 -2.019047 14.740268 -56.648819 -16.814766 11.331056 1.134031 
-260.153961 97.522942 854.871338 0.000000 -6.195287 0.000000 89.167030 1.425380 90.909630 170.902237 -0.519077 148.947388 -2.598302 3.762464 -79.740135 -9.150187 -1.503293 87.962959 0.000002 0.003101 21.487196 -168.313599 4.147956 151.656662 4.333125 -3.162919 -64.848503 6.278076 -0.597735 92.252998 -0.000014 -0.003108 21.480236 0.327495 0.035581 7.672479 1.222085 -0.229328 5.431744 0.180885 0.897852 7.443062 -1.579605 -1.664206 11.149252 1.614792 3.356829 -13.218071 2.190563 -76.666100 176.598251 29.029791 53.345921 -0.395559 0.787937 -11.184924 -46.146496 16.815853 -2.136353 10.637392 8.944638 78.983017 -172.345886 -17.498087 -46.942314 -14.261384 -2.758790 14.674654 -59.098576 -16.358553 11.592432 0.966694 
-260.798676 97.413239 857.500183 0.000000 -6.237521 0.000000 89.380371 -1.036493 89.104057 170.604538 -0.181370 149.412964 -2.891783 3.828125 -80.006035 -9.430344 -1.547567 87.747490 0.000001 0.003102 21.487766 -168.033112 4.210524 150.519638 4.332222 -3.379340 -64.597046 6.095265 -0.765259 92.319481 -0.000015 -0.003108 21.482441 0.356276 0.080608 7.787021 1.252205 -0.363621 5.284643 0.144677 0.850171 7.390628 -1.456100 -2.315333 11.337054 1.681571 3.768218 -12.723048 -0.226924 -76.929893 179.083664 30.160091 53.477146 0.946168 0.945888 -11.279013 -46.441566 16.599073 -1.928935 10.803954 12.406429 79.354134 -168.870636 -15.876207 -46.636971 -15.536851 -3.487806 14.573195 -61.096394 -15.914405 11.743730 0.845709 
-261.480835 97.294395 860.193176 0.000000 -6.285556 0.000000 89.514839 -1.177630 88.926331 170.489670 -0.164251 149.051956 -2.904306 3.743206 -79.562149 -9.368377 -1.728174 87.635971 0.000001 0.003102 21.488232 -167.704575 4.176332 150.484161 4.512962 -3.354056 -64.347511 6.033750 -0.772261 92.394478 -0.000015 -0.003108 21.484545 0.355347 0.133688 7.799729 1.235855 -0.347445 5.205633 0.161214 0.852987 7.288308 -1.602295 -2.872841 11.550080 1.211369 4.273396 -12.529174 -1.796634 -77.043076 -179.307404 30.796419 53.234348 1.867601 1.017503 -11.116688 -46.217770 16.753788 -1.708695 10.923066 14.292645 79.657951 -166.987869 -14.573620 -46.375744 -16.884207 -4.039435 14.633562 -61.965202 -15.683495 11.818663 1.047138 
-262.176910 97.168327 862.938416 0.000000 -6.316150 0.000000 89.519424 -0.507565 88.497215 170.624573 -0.502204 147.562378 -2.493483 3.600551 -78.517731 -8.815462 -2.123641 87.894241 0.000001 0.003102 21.488279 -167.373337 4.237325 151.682526 4.573763 -3.228157 -64.162582 5.774305 -0.432425 92.651245 -0.000014 -0.003107 21.486561 0.383797 0.212848 7.729916 1.217302 -0.231954 5.320539 0.303261 0.938772 7.195129 -2.001430 -3.123789 11.664804 0.130995 4.713900 -12.693632 -1.551307 -77.132080 -179.575104 30.890448 52.736782 2.541062 0.834962 -10.908464 -45.073997 17.237068 -1.265536 10.927250 15.834514 79.910156 -165.447769 -14.464284 -45.803349 -17.384773 -4.535251 14.978609 -62.408424 -15.534516 11.794342 1.466465 
-262.852264 97.031624 865.702942 0.000000 -6.294665 0.000000 89.506981 2.656750 90.186485 170.713760 -0.714204 146.741074 -2.183056 3.501350 -77.915993 -8.115187 -2.606847 87.944214 0.000001 0.003102 21.487228 -166.905655 4.218164 152.801300 4.605276 -3.167094 -64.561119 5.490805 -0.081170 92.841301 -0.000013 -0.003107 21.487459 0.431178 0.286011 7.626875 1.174271 -0.069275 5.553567 0.438313 1.040238 7.108425 -2.298466 -3.081812 11.902859 -0.998438 4.899525 -13.125413 -0.551626 -77.145920 179.344406 30.976610 52.850723 2.760312 0.556435 -10.865206 -44.086121 17.690193 -0.681638 10.876806 17.757633 80.059692 -163.541336 -14.365360 -45.410854 -17.609430 -4.959377 15.449769 -62.695602 -15.515635 11.774097 1.885639 
-263.480347 96.891632 868.470398 0.000000 -6.163706 0.000000 89.358841 3.278291 90.199997 170.584503 -0.306456 146.932968 -2.095103 3.466390 -77.930031 -7.694611 -2.839157 87.797531 0.000001 0.003103 21.487198 -166.694260 4.035059 152.881332 4.804118 -3.004446 -64.644669 5.708809 0.217235 92.448288 -0.000013 -0.003107 21.487679 0.459574 0.310204 7.532202 1.149826 -0.042559 5.646845 0.413001 1.114639 7.011587 -2.338566 -3.134540 12.260296 -1.238938 5.057337 -13.366092 -0.130462 -77.129089 178.864655 31.315790 53.212971 3.148737 0.430555 -10.863928 -43.684505 17.712204 -0.184977 10.771791 19.431656 80.028801 -161.897934 -13.708987 -45.427700 -18.079460 -5.324501 15.774331 -63.144787 -15.468784 11.590952 2.447851 
-264.077362 96.770050 871.250122 0.000000 -5.915653 0.000000 89.144409 3.554728 90.206436 170.352814 0.041647 147.236313 -2.080829 3.479644 -77.748627 -7.534890 -2.889135 87.579178 0.000001 0.003103 21.487686 -166.539658 3.873351 152.738342 4.924932 -2.862979 -64.286278 5.960174 0.511085 91.854462 -0.000012 -0.003107 21.487719 0.443462 0.317887 7.469126 1.164698 -0.035660 5.845987 0.342768 1.197690 6.859918 -2.277779 -3.248586 12.334725 -1.214786 5.036657 -13.477843 0.061572 -77.186874 178.615158 31.315107 53.454651 3.386362 0.316336 -10.796167 -43.454979 17.765984 0.238923 10.629972 20.910852 79.909683 -160.437576 -12.987389 -45.669014 -18.717663 -5.471950 15.978983 -63.299034 -15.658597 11.368711 2.956782 
-264.640747 96.669434 874.032471 0.000000 -5.568071 0.000000 88.997345 4.293124 89.994232 170.463760 -0.073803 147.287415 -2.096172 3.442280 -76.998802 -7.254493 -2.959685 87.476562 0.000001 0.003102 21.487803 -166.465027 3.623098 153.623291 4.869378 -2.741621 -64.090698 6.120933 0.773573 91.305397 -0.000012 -0.003107 21.487959 0.416250 0.338750 7.415484 1.230123 0.043064 6.140712 0.388737 1.304449 6.637861 -2.392927 -3.202015 11.845899 -1.235343 4.351438 -13.504576 1.191924 -77.403824 177.468842 31.137218 53.989693 3.039928 0.029215 -10.735503 -42.760139 18.187891 0.793787 10.437168 21.891287 79.556343 -159.458755 -13.110917 -45.864117 -18.993080 -5.492343 16.276379 -62.831779 -16.212608 11.154801 3.318388 
-265.157318 96.593666 876.796082 0.000000 -5.094605 0.000000 89.017685 4.766716 89.482971 170.849915 -0.523844 147.464935 -2.088252 3.323853 -75.486397 -7.037303 -3.130194 87.522202 0.000002 0.003102 21.487101 -166.507568 3.663836 154.545746 4.465277 -2.652250 -64.282791 6.147331 0.924775 91.043816 -0.000011 -0.003107 21.488127 0.440629 0.358919 7.411564 1.367032 0.286785 6.457930 0.482711 1.382712 6.379714 -2.878575 -3.020156 10.882069 -0.920988 3.194501 -13.640175 2.846327 -77.693718 175.836960 30.285376 54.405853 1.731507 -0.307411 -10.688330 -41.918571 18.746737 1.275920 10.067399 21.746078 79.041946 -159.585312 -13.537010 -45.686783 -18.926514 -5.280051 16.652594 -61.647270 -16.975603 10.767650 3.225872 
-265.615784 96.529938 879.487732 0.000000 -4.505920 0.000000 89.235497 4.730756 88.523659 171.454834 -1.170380 147.643478 -1.898491 3.207793 -73.558113 -6.977768 -3.435422 88.250114 0.000002 0.003102 21.485853 -166.472946 4.041284 154.447678 3.930194 -2.582534 -64.964859 5.685233 1.011851 91.211838 -0.000011 -0.003106 21.488382 0.470859 0.400780 7.372212 1.542580 0.545518 6.802679 0.371465 1.301788 6.130071 -3.547588 -3.062744 9.911803 0.128734 2.104859 -14.098099 3.945613 -77.938347 174.758102 29.878595 54.061756 1.259542 -0.450039 -10.750751 -41.857410 18.383753 1.778463 9.472793 20.131271 78.545029 -161.214005 -13.762420 -45.239349 -18.762562 -4.975580 16.884693 -60.106167 -17.801075 10.197859 2.536072 
-266.008057 96.458282 882.084778 0.000000 -3.878643 0.000000 89.314209 0.921427 84.749855 171.935104 -1.248333 147.908371 -1.781744 3.296460 -71.100945 -7.231109 -3.741225 88.940308 0.000003 0.003102 21.484978 -166.222702 4.626740 153.849747 3.173599 -2.588642 -65.214996 4.888734 0.999184 91.340622 -0.000010 -0.003106 21.488562 0.463323 0.375321 7.328857 1.709257 0.696480 7.130969 0.178539 1.136410 5.986446 -3.841791 -3.440158 9.107280 1.611985 1.422318 -14.645380 4.120571 -78.307686 174.632645 28.737350 53.078465 0.025540 -0.369240 -10.890952 -42.064388 17.496227 1.706218 9.011620 18.485744 78.345657 -162.873779 -13.332604 -44.638222 -19.504402 -4.715512 16.634916 -59.168205 -18.687098 9.841589 1.576786 
-266.348175 96.366013 884.606934 0.000000 -3.349812 0.000000 89.828110 -0.716837 84.138763 172.164078 -1.132603 148.855438 -1.937841 3.397777 -68.303490 -8.010944 -3.488153 91.321037 0.000004 0.003102 21.485338 -165.962311 5.358082 152.964966 2.946297 -2.575842 -65.069756 4.376257 0.949795 90.984291 -0.000011 -0.003105 21.488281 0.492359 0.320082 7.394694 1.781863 0.765192 7.272894 -0.036556 0.897968 5.909099 -3.994459 -3.910967 8.370348 3.109924 1.062764 -15.289874 3.237494 -78.610397 175.581055 27.481636 51.800179 -1.365983 -0.053457 -10.893214 -42.390629 16.633024 1.667810 8.543388 16.709103 78.379875 -164.620316 -12.798602 -44.193687 -20.155956 -4.509922 16.105623 -58.544662 -19.348982 9.592116 0.599484 
-266.642273 96.257217 887.039062 0.000000 -2.973977 0.000000 90.199692 -2.423539 84.122459 172.565262 -1.192912 149.616562 -2.181710 3.316120 -65.925385 -8.263647 -3.095752 92.356956 0.000005 0.003102 21.485518 -165.854507 5.878630 152.542313 2.949374 -2.555714 -65.755745 4.088281 0.965896 90.621178 -0.000011 -0.003105 21.487640 0.550786 0.295168 7.505310 1.669910 0.873481 7.219011 -0.308619 0.670104 6.090346 -4.244354 -3.910398 7.292457 3.862070 0.593893 -16.324785 2.330602 -78.944534 176.526794 25.828453 50.845165 -3.261304 0.244690 -11.040864 -42.661976 15.950392 1.918663 7.772103 13.746624 78.235512 -167.522629 -12.261127 -43.559837 -20.414257 -4.427873 15.861824 -57.891621 -20.314730 9.537422 -0.198382 
-266.901001 96.114471 889.348145 0.000000 -2.713599 0.000000 90.375374 -3.549181 85.215370 172.923843 -0.860564 150.984756 -2.352672 3.324261 -64.438492 -8.577122 -2.677180 92.933075 0.000006 0.003102 21.486416 -166.169098 6.201065 151.446167 3.446399 -2.629982 -65.774933 3.903592 1.155047 88.761086 -0.000011 -0.003104 21.486423 0.624635 0.237807 7.570362 1.618490 0.843499 7.082644 -0.681741 0.459674 6.295462 -3.895304 -3.699883 6.359931 4.268932 0.532390 -17.387817 2.572912 -79.462730 176.276123 26.402323 50.532246 -3.493966 0.403174 -11.335248 -43.133385 15.677612 1.814483 7.331976 10.970871 78.057190 -170.250870 -12.278045 -43.711235 -19.515875 -4.281828 15.643258 -57.516644 -21.097458 9.288751 -0.511477 
-267.103668 95.942528 891.526672 0.000000 -2.538147 0.000000 90.562431 -4.211036 86.520844 172.772400 -0.215571 152.838333 -2.738421 3.494977 -63.856022 -9.367659 -2.199764 93.928833 0.000007 0.003103 21.487944 -166.734055 6.339236 149.199020 4.382664 -2.615625 -64.886032 4.339792 1.289896 87.801064 -0.000012 -0.003105 21.483421 0.610136 0.106837 7.568906 1.660954 0.628771 7.116865 -1.056387 0.179667 6.324578 -3.573442 -4.016838 5.993888 5.450173 1.218561 -17.832041 3.641806 -79.982086 175.090942 29.071606 50.347172 -1.756592 0.715118 -11.499270 -45.033386 15.652689 1.356766 7.269220 8.315970 77.837700 -172.890564 -12.626502 -45.542473 -18.339962 -4.300397 14.971642 -57.973961 -20.984550 8.720570 -0.785075 
-267.310364 95.764938 893.704712 0.000000 -2.538436 0.000000 90.703575 -4.391628 86.947723 172.576202 -0.141570 153.442139 -2.554848 3.538173 -63.582985 -9.921509 -2.020115 95.106392 0.000007 0.003103 21.488052 -166.814377 6.484027 148.213547 4.848624 -2.669808 -65.810799 4.310033 1.407449 87.200981 -0.000013 -0.003105 21.479851 0.623817 0.037075 7.572100 1.734031 0.434517 7.423885 -1.304629 0.075270 6.484158 -3.803770 -4.308726 5.502299 6.357566 1.751577 -18.301847 6.892625 -80.062630 171.676041 30.600451 49.218365 -0.834432 1.019996 -11.748952 -46.263062 15.709446 0.779673 6.939176 7.103189 77.576530 -174.144562 -13.342443 -46.887951 -16.735580 -4.274590 14.452520 -58.340305 -21.132364 8.617721 -1.167885 
-267.555084 95.585457 895.844482 0.000000 -2.654956 0.000000 90.639519 -4.766664 86.080276 173.046890 -0.931847 152.027634 -1.277721 3.460836 -62.248325 -9.619534 -2.401772 95.416672 0.000008 0.003103 21.486198 -166.897293 7.101000 148.986450 4.977641 -2.898728 -67.075623 3.721719 1.470295 87.398796 -0.000012 -0.003105 21.479246 0.646436 0.025953 7.505520 1.815436 0.511376 8.022001 -1.416486 0.127675 6.736666 -4.612102 -3.657458 4.128818 6.471143 1.250540 -19.317711 9.692273 -79.980301 168.787994 30.468611 47.332943 -1.268699 0.554604 -11.836476 -44.952793 16.456125 1.330710 6.631453 7.293427 77.285583 -173.911133 -13.515013 -46.020721 -16.122961 -3.986519 14.610285 -57.048256 -21.849722 8.916615 -1.637408 
-267.767944 95.393021 897.809814 0.000000 -2.719613 0.000000 90.403038 -4.805858 85.098030 173.474243 -1.213906 150.394943 0.020476 3.376539 -61.186947 -8.717349 -2.909870 95.668617 0.000007 0.003102 21.483770 -167.018600 7.588813 149.933731 4.893066 -3.052117 -68.643387 3.308058 1.243044 87.755440 -0.000011 -0.003104 21.480200 0.637708 0.064886 7.426192 1.785136 0.716655 8.459236 -1.448234 0.205327 6.853844 -5.495566 -2.859663 3.104896 6.315943 0.952137 -19.922077 10.899413 -79.783997 167.533829 29.720402 45.921825 -1.720360 -0.142915 -12.081753 -43.165741 17.003706 1.868781 6.357219 6.813553 77.136574 -174.316315 -13.449875 -44.869175 -16.279537 -3.518056 14.799675 -55.053295 -22.989851 9.459624 -1.899586 
-267.945831 95.182053 899.530212 0.000000 -2.721057 0.000000 90.152130 -5.093278 85.089050 173.168243 -1.226777 150.104813 0.694662 3.329054 -60.266418 -8.093149 -3.105515 95.831863 0.000007 0.003102 21.483490 -166.960312 7.529573 150.071945 4.798140 -2.974417 -69.501289 3.179725 1.009591 87.652740 -0.000011 -0.003104 21.480495 0.639040 0.080177 7.426481 1.699815 0.765817 8.491701 -1.507909 0.222701 6.823159 -5.645621 -2.617074 2.950061 6.109122 1.325964 -20.086113 12.274157 -79.677345 166.108765 29.759516 45.438263 -1.478645 -0.447580 -12.139112 -42.282196 17.080996 1.861674 5.978357 5.725068 77.120033 -175.395844 -13.693053 -44.758404 -15.626051 -3.261176 14.589983 -53.841568 -23.479954 9.889779 -1.899806 
-268.142395 94.968102 901.087463 0.000000 -2.740218 0.000000 89.831429 -5.101411 85.385353 172.728226 -1.273481 150.683243 1.137499 3.258492 -59.432499 -7.540662 -3.220976 95.565575 0.000007 0.003102 21.484503 -166.517654 7.206998 150.545746 4.653665 -2.795015 -69.451492 2.945717 0.856128 87.671837 -0.000011 -0.003104 21.480560 0.640879 0.097872 7.457587 1.565829 0.754905 8.312234 -1.557150 0.214088 6.673580 -5.321897 -2.509435 3.027258 5.706350 1.808749 -20.416283 13.708694 -79.634346 164.642792 30.135773 45.657948 -0.845783 -0.636428 -12.054544 -41.523537 16.562891 1.583513 5.428968 5.516455 77.268570 -175.615158 -14.201236 -44.967663 -14.615107 -2.998356 14.329996 -52.906288 -23.632339 10.213541 -1.715753 
-268.367279 94.750389 902.501770 0.000000 -2.814828 0.000000 89.407784 -4.813838 85.552109 172.165726 -1.419827 151.056183 1.549721 3.141739 -58.466511 -6.949328 -3.239003 94.979004 0.000006 0.003102 21.485502 -165.940598 6.620995 151.365356 4.310902 -2.612464 -69.272377 3.033324 0.628992 87.890221 -0.000010 -0.003104 21.480707 0.595806 0.104601 7.520241 1.367717 0.754980 8.097824 -1.525125 0.270709 6.496862 -4.818192 -2.484030 3.143716 5.363610 1.926206 -20.474503 14.201567 -79.516685 164.168167 30.136744 46.318024 -0.581736 -0.826415 -11.896420 -40.890114 16.037298 0.975549 4.871929 5.838732 77.434509 -175.299957 -14.747128 -45.118931 -13.800756 -2.865108 14.192512 -52.149769 -23.485783 10.615104 -1.450862 
-268.622101 94.540642 903.827271 0.000000 -2.919711 0.000000 89.205887 -4.512448 85.659683 171.728928 -1.734892 151.020279 1.924506 3.059313 -57.769981 -6.687208 -3.047539 94.465660 0.000005 0.003102 21.486544 -165.478592 6.266925 152.009766 3.807837 -2.482028 -69.110069 3.024964 0.345876 88.088287 -0.000010 -0.003104 21.480799 0.523282 0.121449 7.636342 1.167323 0.695213 7.896651 -1.385943 0.260187 6.362942 -4.291292 -2.554407 3.554671 4.968114 2.099917 -19.980671 13.933981 -79.416870 164.478165 29.966490 46.914864 -0.513574 -0.906847 -11.884756 -40.793720 15.697000 0.211750 4.393175 7.354939 77.652115 -173.756210 -15.384268 -45.178104 -13.146055 -2.919105 14.128958 -52.372295 -23.182224 11.003311 -1.257558 
-268.896912 94.351517 905.151001 0.000000 -3.054361 0.000000 89.244629 -3.987880 85.906227 171.554398 -2.025251 150.922745 1.992814 3.083918 -57.383286 -6.768738 -2.700346 94.164749 0.000005 0.003102 21.487329 -165.014023 6.164899 152.294922 3.362170 -2.461906 -69.100090 3.056836 0.065521 88.238205 -0.000010 -0.003104 21.481155 0.431133 0.157877 7.776866 1.005992 0.570190 7.798790 -1.229695 0.187758 6.326409 -3.679421 -2.537315 4.107402 4.603913 2.299670 -19.120674 13.198609 -79.321716 165.268555 30.229958 47.020596 -0.076938 -0.838174 -12.008706 -41.244347 15.155068 -0.680524 4.195876 9.170690 77.873390 -171.878006 -15.935006 -45.311905 -12.893294 -3.063515 14.020984 -53.266521 -22.585499 11.225656 -0.886279 
-269.173706 94.183464 906.520081 0.000000 -3.186386 0.000000 89.367477 -3.488421 86.295708 171.688248 -2.184221 150.709305 1.855558 3.270240 -57.678104 -6.712520 -2.312893 94.106773 0.000006 0.003103 21.487906 -164.754440 6.069250 152.108612 2.950258 -2.563405 -68.553062 2.939493 -0.046740 88.295273 -0.000011 -0.003105 21.481443 0.359625 0.185023 7.922078 0.896224 0.339235 7.794346 -1.186384 0.098387 6.427276 -2.956426 -2.268077 4.596422 4.317120 2.242555 -17.835529 12.079453 -79.183128 166.408478 30.460609 46.698708 0.041505 -0.813760 -12.304046 -41.848942 14.658063 -1.619751 4.172605 10.799499 78.264389 -170.154831 -16.551071 -45.451012 -12.746773 -3.436620 13.851703 -54.904327 -21.860811 11.417052 -0.300734 
-269.443573 94.043312 907.940491 0.000000 -3.312184 0.000000 89.470779 -3.109231 87.088768 171.837738 -2.098008 150.446777 1.632254 3.504099 -58.146328 -6.930135 -1.917662 94.466614 0.000006 0.003103 21.488554 -164.680679 5.966764 151.271439 2.640861 -2.710007 -67.333603 2.245742 -0.050935 88.222420 -0.000011 -0.003105 21.481115 0.301111 0.196731 8.065497 0.841040 -0.002579 7.686318 -1.263242 -0.058211 6.578140 -2.459343 -1.922973 4.808846 4.040844 1.744760 -16.593225 10.140869 -79.184402 168.328476 31.488136 46.284916 0.609932 -0.647747 -12.678026 -43.099136 14.414562 -2.407782 4.016771 13.059696 78.701271 -167.816284 -17.186468 -46.150600 -12.141242 -4.023977 13.755976 -57.446117 -21.536335 11.479854 -0.131975 
-269.731964 93.906837 909.380920 0.000000 -3.457821 0.000000 89.724411 -3.177311 88.144348 171.708664 -1.689029 151.460709 1.378651 3.781312 -59.024422 -7.556029 -1.538363 95.011345 0.000006 0.003104 21.488907 -164.616302 5.856447 150.655655 2.682750 -2.799278 -65.505646 1.535156 -0.042406 87.837456 -0.000011 -0.003105 21.479322 0.276511 0.158584 8.177122 0.908997 -0.372228 7.462020 -1.315535 -0.315509 6.657234 -1.625667 -1.909776 4.783937 3.429296 1.682795 -15.667644 8.248220 -79.121712 170.146255 32.765282 45.991108 1.794411 -0.124373 -12.906292 -45.085934 14.515759 -3.016528 3.952970 16.180071 78.899620 -164.687866 -18.692101 -47.501595 -10.530614 -4.398304 13.585407 -59.994904 -21.212450 11.281143 -0.165242 
-270.089508 93.746346 910.873047 0.000000 -3.660060 0.000000 89.784348 0.428730 93.313995 171.573273 -1.014858 153.552536 1.013997 3.986398 -60.959599 -8.495052 -1.346665 95.787285 0.000007 0.003104 21.489853 -164.179520 5.669864 149.747437 2.975334 -2.865583 -64.033478 1.142824 -0.152361 87.478119 -0.000012 -0.003106 21.476303 0.294998 0.077631 8.254726 0.973289 -0.732116 7.183287 -1.371233 -0.539473 6.641450 -0.161150 -2.124106 4.860326 3.414893 1.724955 -14.933364 6.376509 -78.921532 171.921768 34.341850 45.907433 3.157280 0.733569 -13.224370 -47.642426 14.032607 -3.941774 3.855844 18.563726 79.201118 -162.384140 -19.763386 -49.084717 -9.251454 -4.704782 13.416883 -62.225266 -20.915956 10.880452 -0.080495 
-270.511078 93.563133 912.394226 0.000000 -3.963369 0.000000 89.963776 0.603844 94.421059 171.510574 -0.353164 155.350739 0.486823 4.069567 -63.076965 -9.249235 -1.180784 96.366707 0.000007 0.003105 21.489834 -163.208145 5.377746 148.952438 3.404044 -2.956321 -63.162621 1.195415 -0.370668 87.538696 -0.000012 -0.003106 21.474146 0.309369 0.048396 8.350819 0.938466 -1.077162 6.818191 -1.486602 -0.771579 6.597230 1.012966 -2.156866 5.093004 3.972442 1.553165 -14.674075 4.883163 -78.598137 173.369644 35.378647 45.934551 3.655520 1.704938 -13.506656 -50.402832 13.082310 -4.705095 3.563763 20.395657 79.541565 -160.695511 -20.023531 -50.221703 -8.671954 -4.787886 13.191364 -63.227329 -21.090715 10.461782 -0.162674 
-270.948822 93.367538 913.909729 0.000000 -4.338298 0.000000 90.079559 1.005525 94.912384 171.354935 -0.253625 155.745224 0.550667 4.045708 -63.772503 -9.451114 -1.049794 96.479279 0.000006 0.003106 21.489183 -162.481461 4.955930 148.956650 3.524179 -2.933407 -62.806919 1.289994 -0.589268 87.819374 -0.000012 -0.003106 21.473406 0.315489 0.050111 8.402447 0.811627 -1.320616 6.584951 -1.552386 -0.843657 6.580389 1.415734 -1.873272 5.293120 4.195574 0.923492 -14.248735 4.032023 -78.509880 174.237244 35.299667 46.668377 2.758224 2.386358 -13.739469 -52.160961 12.885123 -5.418321 3.303530 20.861441 79.648827 -160.299210 -19.484331 -50.195625 -9.144646 -4.812896 13.124509 -63.586784 -21.395767 10.112138 -0.062262 
-271.366394 93.176598 915.381409 0.000000 -4.714607 0.000000 90.130630 1.341577 94.850990 171.273193 -0.588488 154.493866 0.977320 3.992479 -62.869648 -9.264007 -0.957882 96.092705 0.000006 0.003106 21.488453 -162.205078 4.585108 149.579651 3.525397 -2.928632 -62.108368 1.258228 -0.770192 88.143768 -0.000012 -0.003106 21.474138 0.308712 0.059641 8.421494 0.652374 -1.410851 6.620259 -1.595897 -0.744836 6.701168 1.002354 -1.239377 5.744492 3.834818 0.054753 -13.917419 4.284248 -78.388138 174.021408 35.024933 47.507694 1.545124 2.629863 -13.976459 -52.634312 13.242667 -5.765982 3.276038 19.621994 79.518059 -161.530762 -19.001379 -49.058342 -9.669923 -4.761378 13.159304 -62.869362 -21.679562 9.806547 0.187079 
-271.730286 92.998161 916.762268 0.000000 -5.018005 0.000000 90.195824 1.745436 94.348778 171.141556 -0.987427 152.593552 1.226833 3.988178 -60.777832 -8.893754 -1.046649 95.317345 0.000006 0.003106 21.487589 -162.118912 3.991444 150.690521 3.518036 -2.935122 -61.624485 1.053057 -0.772171 88.759132 -0.000011 -0.003106 21.475218 0.275292 0.112789 8.421741 0.465190 -1.430074 6.677051 -1.588174 -0.578503 6.784396 0.582477 -0.739372 5.799632 3.237970 -0.538776 -13.809517 4.990008 -78.236443 173.401474 34.988636 48.342972 1.009635 2.470019 -14.013421 -51.989300 13.462539 -5.755396 3.372978 17.928169 79.382568 -163.181961 -18.623737 -47.582870 -10.047785 -4.559693 13.382665 -61.221447 -21.886465 9.768614 0.411095 
-272.026611 92.826263 918.076294 0.000000 -5.223656 0.000000 90.171181 2.490260 93.743141 171.019043 -1.344887 150.205078 1.306632 4.090957 -58.732193 -8.504558 -1.408158 94.175690 0.000006 0.003106 21.486460 -162.058777 3.603377 151.695679 3.130472 -2.990853 -61.254150 0.942512 -0.684004 91.152138 -0.000011 -0.003106 21.476192 0.244850 0.152179 8.415129 0.319218 -1.422709 6.667512 -1.573606 -0.406949 6.778737 0.468662 -0.351644 5.699508 2.960746 -0.699698 -13.683829 5.746036 -77.974243 172.717590 34.607262 49.169540 0.836662 2.302522 -14.076346 -51.307808 14.006921 -5.697750 3.473370 16.720274 79.170975 -164.348251 -18.820263 -46.255936 -9.842486 -4.316476 13.645325 -59.685524 -22.350105 10.009027 0.556709 
-272.254547 92.651474 919.339478 0.000000 -5.304507 0.000000 90.139931 3.202500 93.034592 171.024414 -1.471400 147.865356 1.482742 4.256879 -57.420128 -8.316617 -1.642664 93.056915 0.000005 0.003106 21.484985 -161.947083 3.295973 152.152649 2.776736 -3.135636 -60.349499 0.743786 -0.516671 91.562233 -0.000012 -0.003105 21.476677 0.250547 0.125224 8.402887 0.205790 -1.389165 6.830709 -1.669173 -0.303498 6.787989 0.231251 0.289141 5.426502 2.766794 -0.987455 -13.715728 5.971026 -77.661583 172.522690 33.868683 49.868641 0.621948 2.350505 -14.241576 -51.272209 14.760817 -5.820630 3.586949 15.189692 79.080666 -165.865891 -19.186750 -45.026558 -9.395284 -4.258210 13.929914 -58.767540 -22.619316 10.108273 0.892980 
-272.398224 92.469131 920.541504 0.000000 -5.270734 0.000000 90.137787 3.902089 92.322121 170.962738 -1.536531 145.615082 1.700843 4.368344 -56.330509 -8.111693 -1.751657 92.197090 0.000005 0.003106 21.483353 -162.103073 2.902900 152.262131 2.503948 -3.292446 -59.656467 0.546185 -0.312280 91.863701 -0.000012 -0.003105 21.476789 0.260015 0.084124 8.396374 0.201937 -1.314992 7.047564 -1.819520 -0.191298 6.682406 -0.194765 0.973662 5.092610 2.610729 -1.265400 -13.794176 6.463268 -77.351532 172.012009 32.790810 50.512283 0.071991 2.493886 -14.455674 -51.550404 15.764033 -5.972925 3.684564 12.785379 78.979210 -168.299911 -19.140526 -44.030575 -8.848552 -4.294089 14.120094 -58.308865 -22.699320 9.998241 1.294735 
-272.419250 92.276390 921.636230 0.000000 -5.141589 0.000000 90.161011 4.548391 91.823891 171.182388 -1.575312 143.614502 1.758584 4.414763 -55.259064 -7.888800 -1.925682 91.601372 0.000005 0.003106 21.481806 -162.523407 2.715692 152.606583 2.486857 -3.488679 -59.265331 0.478940 -0.185605 91.970680 -0.000012 -0.003105 21.477139 0.302470 0.077784 8.392003 0.255190 -1.152389 7.251773 -1.868196 -0.104245 6.644296 -0.309978 1.332607 5.039995 2.645957 -1.330748 -13.759865 7.189506 -77.258125 171.268753 32.006786 50.606133 -0.497516 2.767367 -14.700496 -51.943287 16.535452 -5.741660 3.639776 10.955408 78.950989 -170.131638 -18.684088 -43.269466 -8.861764 -4.133438 14.202061 -57.577335 -22.729115 9.856575 1.420808 
-272.336304 92.078537 922.648254 0.000000 -4.935071 0.000000 90.193932 4.985082 91.620117 171.539200 -1.526946 142.146606 1.574385 4.403575 -54.852718 -7.538997 -2.145782 91.191338 0.000005 0.003106 21.480688 -162.850189 2.669512 153.096695 2.551489 -3.574467 -58.778954 0.642329 -0.131202 92.023949 -0.000012 -0.003104 21.477453 0.352236 0.097843 8.419972 0.267911 -0.959445 7.325944 -1.781641 -0.035313 6.704494 -0.227123 1.387369 5.142681 2.884776 -1.160568 -13.892092 7.539532 -77.275734 170.908615 32.141323 50.121788 -0.780067 2.989151 -14.847663 -52.335476 17.252502 -5.276882 3.556256 9.987575 78.880974 -171.048599 -17.976921 -43.084900 -9.782646 -3.927259 14.146876 -56.737179 -22.930611 9.934744 1.437005 
-272.220123 91.880516 923.615723 0.000000 -4.685973 0.000000 90.157768 5.041311 91.666374 171.818726 -1.587558 141.577042 1.261187 4.367392 -55.150269 -7.301719 -2.269084 90.959953 0.000005 0.003106 21.480282 -162.919159 2.646159 153.625473 2.623229 -3.626122 -58.450039 0.811468 -0.165034 91.926743 -0.000012 -0.003104 21.477644 0.388392 0.109042 8.465784 0.268963 -0.835859 7.325472 -1.646700 0.000747 6.800440 0.006001 1.296608 5.146574 3.092804 -0.932802 -13.911997 7.403077 -77.329063 171.042389 32.791222 49.646645 -0.776545 3.191381 -14.814683 -52.684391 17.581556 -4.668731 3.574873 9.745391 78.793655 -171.247452 -17.549482 -43.249424 -10.548452 -3.849818 14.049588 -56.333767 -23.110929 10.164971 1.439261 
-272.110352 91.687355 924.570251 0.000000 -4.417141 0.000000 90.114731 4.850691 91.879395 172.092026 -1.786365 141.869095 0.973031 4.297800 -55.591278 -7.252545 -2.296701 90.948540 0.000004 0.003106 21.480074 -163.049606 2.574491 154.017105 2.706354 -3.654376 -58.232674 0.969599 -0.203176 91.712044 -0.000011 -0.003104 21.477707 0.438064 0.117539 8.504846 0.310281 -0.748343 7.270502 -1.502145 0.005551 6.888339 0.381777 1.134955 5.291309 3.257921 -0.846955 -13.878458 7.201261 -77.386177 171.244217 33.136364 49.317444 -0.928990 3.390379 -14.702425 -53.097103 17.607973 -4.206882 3.721172 9.544516 78.646431 -171.439072 -17.332788 -43.743725 -11.215985 -3.895150 14.004019 -56.426395 -23.081842 10.385035 1.384036 
-272.017365 91.502739 925.531555 0.000000 -4.134591 0.000000 90.082558 4.569127 92.140800 172.304993 -2.085776 142.487396 0.717494 4.205053 -55.914215 -7.322984 -2.282795 91.093620 0.000004 0.003105 21.479702 -163.256577 2.532311 154.283432 2.744413 -3.664507 -58.106396 1.161288 -0.241649 91.449852 -0.000011 -0.003104 21.477762 0.500615 0.107438 8.534024 0.385855 -0.684570 7.188191 -1.356789 0.007506 6.969409 0.823325 0.973146 5.450374 3.420737 -0.817350 -13.854287 7.109905 -77.486099 171.340286 33.055145 48.938259 -1.329080 3.525361 -14.513499 -53.357262 17.682962 -3.834769 3.906580 9.431415 78.448135 -171.560944 -16.942947 -44.240910 -11.973965 -3.962670 13.971161 -56.671440 -22.949371 10.512229 1.324182 
-271.941498 91.328957 926.512512 0.000000 -3.827249 0.000000 90.010696 4.275623 92.298538 172.418167 -2.395958 142.936981 0.425147 4.106266 -56.114204 -7.459503 -2.289787 91.297462 0.000003 0.003105 21.479195 -163.471283 2.657663 154.522095 2.689852 -3.660633 -57.944698 1.350498 -0.272200 91.245667 -0.000011 -0.003104 21.477539 0.548773 0.087665 8.531663 0.485433 -0.627153 7.123981 -1.238277 0.043646 7.030925 1.118428 0.844784 5.556671 3.577812 -0.823804 -13.878881 7.048841 -77.576721 171.404175 32.878750 48.349407 -1.665359 3.558955 -14.270214 -53.425983 17.705021 -3.484076 4.122684 9.693930 78.262520 -171.305450 -16.619553 -44.615086 -12.521873 -3.974446 13.948901 -56.889603 -22.763733 10.578918 1.230956 
-271.870178 91.166412 927.511597 0.000000 -3.479731 0.000000 89.909729 3.832518 92.405060 172.396133 -2.616452 143.333862 0.157281 4.057745 -56.233631 -7.641532 -2.301869 91.473717 0.000003 0.003105 21.478605 -163.649567 2.804386 154.710190 2.599617 -3.660169 -57.491817 1.587330 -0.362423 91.109390 -0.000011 -0.003103 21.477093 0.581924 0.057139 8.511339 0.610786 -0.560817 7.067494 -1.127357 0.075333 7.046940 1.348194 0.747531 5.579231 3.885927 -0.866081 -13.984157 6.912678 -77.631943 171.546005 32.594727 47.929718 -1.972799 3.493430 -13.950403 -53.322266 17.686327 -3.217414 4.345171 9.981542 78.129288 -171.029053 -16.361647 -44.832367 -12.794321 -3.933411 13.964355 -57.126900 -22.651785 10.650076 1.045810 
-271.788330 91.017738 928.519897 0.000000 -3.092312 0.000000 89.831306 3.322442 92.567284 172.304398 -2.676246 143.998810 -0.075897 4.033925 -56.397236 -7.889548 -2.277194 91.678688 0.000003 0.003105 21.477982 -163.788986 2.870411 154.550659 2.518708 -3.655787 -56.861961 1.761732 -0.466158 91.001419 -0.000011 -0.003103 21.476469 0.603196 0.025484 8.514077 0.707401 -0.508411 7.009464 -1.045063 0.083657 7.023108 1.580217 0.684779 5.581475 4.217141 -0.953335 -14.005165 6.825144 -77.647369 171.618271 32.420227 47.882221 -2.157802 3.538381 -13.633281 -53.552258 17.803766 -3.001838 4.456372 10.159261 78.091309 -170.905548 -16.054018 -45.065960 -12.966429 -3.892415 13.989861 -57.331886 -22.520878 10.699863 0.822420 
-271.688263 90.883286 929.541016 0.000000 -2.692098 0.000000 89.799355 2.946452 92.702225 172.206696 -2.686306 144.679459 -0.257172 4.023324 -56.762352 -8.118868 -2.290176 91.934929 0.000003 0.003105 21.477297 -163.902100 2.857764 154.386612 2.467839 -3.657345 -56.238846 1.851094 -0.603111 90.917648 -0.000012 -0.003103 21.476023 0.623956 -0.002142 8.516677 0.759444 -0.458634 6.932943 -0.955106 0.071228 7.008811 1.803955 0.633116 5.692451 4.593303 -1.072521 -13.986884 6.683449 -77.644180 171.753860 32.317242 47.955658 -2.307891 3.637041 -13.364165 -53.886204 18.050447 -2.846773 4.485308 9.957642 78.095581 -171.168594 -15.590213 -45.223797 -13.212237 -3.862666 14.001698 -57.526527 -22.376173 10.771011 0.581483 
-271.576721 90.760384 930.580933 0.000000 -2.286533 0.000000 89.787529 2.750176 92.775734 172.204880 -2.711041 145.007278 -0.473353 3.991474 -57.265373 -8.277931 -2.336839 92.045425 0.000003 0.003105 21.476564 -164.077316 2.868988 154.505081 2.441260 -3.684551 -55.759048 1.916997 -0.701126 90.821472 -0.000012 -0.003103 21.475777 0.662519 -0.020804 8.512894 0.816466 -0.398815 6.838310 -0.845156 0.080846 7.022378 2.017830 0.554852 5.815669 4.875223 -1.131966 -13.981016 6.342669 -77.609184 172.105804 32.328667 48.007576 -2.328487 3.676337 -13.125282 -53.941994 18.214479 -2.710506 4.498799 9.597243 78.103020 -171.574249 -15.154247 -45.283497 -13.516052 -3.910031 14.030113 -57.759655 -22.145046 10.894144 0.395400 
-271.461945 90.640549 931.653320 0.000000 -1.860164 0.000000 89.779625 2.587532 92.784409 172.252716 -2.827012 145.218704 -0.684777 3.943443 -57.858120 -8.416077 -2.384600 92.091774 0.000003 0.003104 21.475922 -164.273315 2.863955 154.708679 2.423642 -3.744098 -55.413376 1.977068 -0.774139 90.696373 -0.000012 -0.003103 21.475605 0.709982 -0.031579 8.501740 0.867547 -0.329079 6.748995 -0.732319 0.103228 7.008785 2.287091 0.474799 5.884158 5.067137 -1.059085 -13.984801 5.890404 -77.552742 172.564636 32.485737 47.983269 -2.152959 3.679996 -12.904366 -53.791477 18.356693 -2.559504 4.535351 9.218536 78.103577 -171.981812 -14.772295 -45.358330 -13.862815 -4.032816 14.080693 -58.102894 -21.886629 11.032820 0.227897 
-271.349182 90.517876 932.759888 0.000000 -1.407533 0.000000 89.754707 2.366095 92.778587 172.350739 -2.973479 145.434387 -0.865116 3.891963 -58.452961 -8.523870 -2.426445 92.163597 0.000002 0.003104 21.475296 -164.497711 2.873503 154.969971 2.456381 -3.825386 -55.013943 2.082799 -0.865416 89.360031 -0.000012 -0.003103 21.475639 0.752685 -0.042731 8.487195 0.914488 -0.254919 6.684839 -0.613987 0.121068 6.990540 2.567418 0.409638 5.905022 5.232355 -0.939147 -13.972063 5.151525 -77.486687 173.315842 32.566257 47.969795 -2.038472 3.667445 -12.696568 -53.534275 18.569798 -2.413595 4.597269 8.897284 78.084526 -172.330246 -14.414207 -45.423378 -14.225379 -4.180307 14.112727 -58.462578 -21.669006 11.120326 0.069844 
-271.239929 90.391838 933.900146 0.000000 -0.929500 0.000000 89.716545 2.199369 92.765121 172.478348 -3.120768 145.622238 -1.022603 3.826406 -59.053123 -8.584287 -2.452940 92.239754 0.000002 0.003104 21.474844 -164.732590 2.890528 155.329819 2.488304 -3.911968 -54.733223 2.202737 -0.943248 89.249466 -0.000012 -0.003103 21.475798 0.792027 -0.044081 8.473231 0.958530 -0.177262 6.651215 -0.495391 0.117448 6.987317 2.861242 0.340951 5.867901 5.338760 -0.760001 -13.937561 4.378464 -77.448601 174.103394 32.588840 48.000469 -1.936476 3.603993 -12.476353 -53.082928 18.825466 -2.222500 4.728395 8.677451 78.058388 -172.573822 -14.174932 -45.508221 -14.520961 -4.343584 14.166696 -58.825542 -21.490534 11.252561 -0.084964 
-271.133606 90.260727 935.069153 0.000000 -0.423085 0.000000 89.685547 2.117854 92.713074 172.606842 -3.197629 145.686661 -1.237248 3.769712 -59.708378 -8.613373 -2.465608 92.315086 0.000002 0.003104 21.474417 -165.055725 2.895666 155.696945 2.486476 -4.003773 -54.496429 2.356499 -1.019834 89.172020 -0.000012 -0.003103 21.476048 0.825606 -0.043765 8.462405 0.995023 -0.105483 6.620298 -0.375942 0.115533 6.991655 3.150675 0.234933 5.809709 5.459383 -0.585524 -13.907972 3.808520 -77.430840 174.687439 32.600964 48.056831 -1.784281 3.489904 -12.239221 -52.490395 19.136026 -2.065197 4.922252 8.477767 78.027596 -172.793640 -13.968220 -45.549984 -14.913898 -4.503685 14.273921 -59.181789 -21.352030 11.418061 -0.222430 
-271.034515 90.121040 936.261169 0.000000 0.112670 0.000000 89.670761 2.060220 92.654816 172.704987 -3.236013 145.778336 -1.468876 3.731995 -60.547691 -8.674625 -2.429796 92.364189 0.000002 0.003104 21.473991 -165.397247 2.887290 156.037888 2.447191 -4.083968 -54.176098 2.579338 -1.125968 89.134232 -0.000012 -0.003102 21.476269 0.858612 -0.047172 8.461432 1.018621 -0.045455 6.587538 -0.248453 0.113494 7.005226 3.420948 0.135760 5.764358 5.550139 -0.446456 -13.854898 3.212975 -77.416771 175.295593 32.521088 48.184860 -1.732444 3.372006 -11.980243 -51.904442 19.433741 -1.908354 5.149733 8.313584 78.024353 -172.986282 -13.858193 -45.559643 -15.220033 -4.619500 14.353533 -59.445728 -21.238504 11.589075 -0.313701 
-270.940277 89.972931 937.471558 0.000000 0.681130 0.000000 89.668167 1.935118 92.628120 172.744904 -3.245352 146.021774 -1.694960 3.702365 -61.429127 -8.760193 -2.368882 92.404915 0.000001 0.003103 21.473671 -165.720276 2.903823 156.294479 2.380924 -4.138374 -53.879520 2.812661 -1.225354 89.065628 -0.000012 -0.003102 21.476362 0.892674 -0.054444 8.469209 1.037028 0.003890 6.562059 -0.127385 0.109053 7.038924 3.671838 0.091100 5.776355 5.733818 -0.332484 -13.751441 2.698815 -77.406151 175.826904 32.407001 48.403770 -1.780522 3.266497 -11.706978 -51.426617 19.684511 -1.708043 5.393597 8.283229 78.030525 -173.048645 -13.660937 -45.568138 -15.617451 -4.706563 14.402699 -59.692276 -21.149466 11.735839 -0.386683 
-270.847717 89.818405 938.700867 0.000000 1.280597 0.000000 89.706406 1.779470 92.592003 172.716446 -3.226663 146.346603 -1.907956 3.681875 -62.487629 -8.865438 -2.310981 92.437569 0.000001 0.003103 21.473499 -165.951401 3.000067 156.495682 2.261857 -4.170555 -53.546909 3.052236 -1.343133 89.008583 -0.000012 -0.003102 21.476519 0.927560 -0.065955 8.478854 1.063140 0.040781 6.542856 -0.036655 0.106180 7.072886 3.869296 0.086947 5.763835 5.874767 -0.218925 -13.621536 2.208505 -77.417976 176.336761 32.216171 48.562027 -1.929274 3.164306 -11.438501 -51.075459 19.830711 -1.478124 5.601684 8.331660 78.021225 -173.030807 -13.461541 -45.667709 -16.007507 -4.764707 14.426290 -59.918236 -21.127335 11.892352 -0.470030 
-270.752319 89.659927 939.941589 0.000000 1.904100 0.000000 89.767029 1.591909 92.462555 172.685593 -3.206993 146.413864 -2.056869 3.654595 -63.519615 -8.934741 -2.283441 92.394241 0.000001 0.003103 21.473377 -166.116135 3.190378 156.787201 2.076497 -4.186239 -53.174683 3.224034 -1.458342 88.937164 -0.000012 -0.003102 21.476698 0.957011 -0.073795 8.489154 1.093783 0.082335 6.555621 0.032388 0.095242 7.099188 3.920274 0.134888 5.739462 5.905648 -0.107858 -13.601511 1.769681 -77.461731 176.783875 32.048607 48.668606 -2.019317 3.062444 -11.190884 -50.751080 20.011425 -1.255950 5.752386 8.300734 77.986168 -173.073135 -13.363817 -45.731411 -16.305130 -4.778176 14.410906 -60.108135 -21.256525 12.074737 -0.575112 
-270.652435 89.495148 941.179932 0.000000 2.557008 0.000000 89.859230 1.487169 92.181313 172.692383 -3.196482 146.075180 -2.113145 3.637835 -64.401146 -8.898835 -2.261166 92.237709 0.000001 0.003102 21.473185 -166.300278 3.456817 157.168320 1.908561 -4.171707 -52.851749 3.382715 -1.563969 88.868446 -0.000011 -0.003102 21.476770 0.976631 -0.085091 8.484653 1.127715 0.128305 6.612444 0.092304 0.084695 7.097959 3.818218 0.247196 5.685335 5.838032 0.007419 -13.738004 1.510792 -77.522789 177.037781 31.943605 48.737251 -1.990749 2.941592 -10.985623 -50.400105 20.302141 -0.993106 5.907331 8.165572 77.950020 -173.193787 -13.338490 -45.634754 -16.518179 -4.751833 14.440935 -60.165119 -21.465778 12.261958 -0.646663 
-270.546173 89.317963 942.402954 0.000000 3.256368 0.000000 89.984673 -1.824278 88.530136 172.728455 -3.159119 145.350769 -2.130820 3.637340 -65.012260 -8.771828 -2.254564 92.037788 0.000001 0.003102 21.472897 -166.552277 3.773244 157.661285 1.685205 -4.105132 -52.563686 3.622652 -1.629639 88.814590 -0.000011 -0.003102 21.476665 0.984337 -0.106730 8.465159 1.179136 0.196532 6.697593 0.164634 0.075151 7.054260 3.617657 0.391626 5.581591 5.713940 0.104102 -14.001938 1.329922 -77.597839 177.198990 31.756969 48.817005 -1.977060 2.772182 -10.755053 -49.943562 20.641186 -0.767228 6.112785 8.108616 77.914055 -173.223145 -13.392074 -45.419777 -16.564222 -4.672802 14.529931 -60.064400 -21.748739 12.483225 -0.698214 
-270.425201 89.127640 943.599060 0.000000 4.010053 0.000000 90.062019 -1.680833 88.246124 172.755219 -3.090697 144.459015 -2.195996 3.641628 -65.051949 -8.621056 -2.286536 91.962845 0.000001 0.003102 21.472544 -166.807877 4.140199 158.286591 1.485319 -3.994854 -52.472103 3.934766 -1.672433 88.801918 -0.000011 -0.003103 21.476519 0.966721 -0.138651 8.434827 1.235269 0.268064 6.830409 0.267403 0.077184 6.980707 3.362486 0.578665 5.489910 5.699583 0.144199 -14.364595 0.991579 -77.692421 177.512604 31.440371 48.943275 -2.053804 2.593143 -10.517099 -49.454468 21.048628 -0.649802 6.367291 8.195058 77.925461 -173.107407 -13.385736 -45.083698 -16.659792 -4.503108 14.650355 -59.675510 -22.062365 12.699192 -0.708969 
-270.284424 88.920380 944.770813 0.000000 4.805326 0.000000 90.109512 -1.624358 88.012215 172.853378 -3.037800 143.456085 -2.221440 3.643653 -64.707794 -8.416676 -2.278048 92.017128 0.000002 0.003101 21.472141 -167.076736 4.601116 158.826889 1.308331 -3.889553 -52.553600 4.295014 -1.736474 88.839577 -0.000011 -0.003103 21.476269 0.938584 -0.177459 8.394506 1.275234 0.334862 6.970500 0.403449 0.078778 6.906633 3.122197 0.745432 5.406037 5.705946 0.210564 -14.815347 0.553482 -77.792763 177.927567 31.217289 49.098366 -2.145476 2.411380 -10.287882 -48.884102 21.357931 -0.678028 6.600731 8.242755 77.920403 -173.037415 -13.276037 -44.565807 -16.828363 -4.229034 14.777814 -59.161469 -22.434000 12.939287 -0.735820 
-270.123749 88.690605 945.922180 0.000000 5.632796 0.000000 90.158257 -1.671793 87.836006 172.903381 -3.092273 142.593735 -2.210459 3.658170 -64.030807 -8.230045 -2.238329 92.097511 0.000002 0.003101 21.471880 -167.328415 5.021503 159.461014 1.188019 -3.758054 -52.806355 4.749558 -1.827666 88.906296 -0.000011 -0.003103 21.475941 0.889013 -0.226204 8.344144 1.314443 0.378056 7.102057 0.554950 0.071988 6.837325 3.001955 0.894444 5.359596 5.665872 0.291775 -15.080246 -0.275577 -77.879494 178.746475 31.138550 49.163074 -2.060331 2.295004 -10.142096 -48.529438 21.627748 -0.811430 6.806843 8.395112 77.859970 -172.858475 -13.275590 -44.011673 -16.965126 -3.967342 14.896729 -58.660416 -22.634027 13.163827 -0.728225 
-269.945374 88.442581 947.066589 0.000000 6.471981 0.000000 90.228432 -1.757268 87.548485 172.897797 -3.207814 141.767136 -2.110030 3.716465 -63.317204 -8.077843 -2.127597 92.098457 0.000002 0.003100 21.471790 -167.573425 5.387806 160.016251 1.110272 -3.657326 -53.319630 5.184844 -1.944043 88.836800 -0.000010 -0.003103 21.475552 0.834527 -0.284398 8.277050 1.373412 0.415783 7.296329 0.736948 0.067232 6.751759 2.998920 0.973465 5.298203 5.678203 0.328581 -15.203959 -0.960790 -77.942451 179.438232 31.051811 49.298134 -1.800622 2.279774 -10.053261 -48.590446 21.981615 -0.911277 6.916105 8.702434 77.834862 -172.519287 -13.448572 -43.526550 -16.934973 -3.792066 14.975937 -58.204792 -22.764521 13.399634 -0.811090 
-269.736572 88.189079 948.216797 0.000000 7.304538 0.000000 90.286835 -1.765964 87.201065 172.798508 -3.296965 141.045685 -2.004125 3.774169 -62.658566 -7.874209 -1.990013 92.019440 0.000003 0.003100 21.471521 -167.791885 5.694104 160.243011 1.080646 -3.614844 -54.095657 5.533134 -1.994975 88.690666 -0.000010 -0.003103 21.475214 0.782394 -0.333999 8.218418 1.468380 0.481815 7.538392 0.945859 0.075372 6.723216 2.972866 1.027300 5.128320 5.886954 0.300460 -15.310617 -1.223833 -77.965126 179.731049 30.696316 49.481804 -1.838521 2.273577 -9.951921 -48.694622 22.420940 -0.971573 6.978723 8.890149 77.844017 -172.305710 -13.600867 -43.118717 -16.845034 -3.677866 15.115452 -57.747990 -22.837727 13.622600 -0.906303 
-269.490662 87.936974 949.374939 0.000000 8.122396 0.000000 90.220261 -1.682662 86.995087 172.699371 -3.365417 140.376587 -1.947523 3.763019 -62.317692 -7.600954 -1.890335 92.052132 0.000003 0.003100 21.471087 -167.875839 5.978495 160.464767 1.134697 -3.600384 -55.019432 5.862769 -2.016665 88.624641 -0.000010 -0.003103 21.474945 0.741202 -0.378155 8.168901 1.564845 0.603307 7.742188 1.143627 0.098550 6.745772 2.895611 1.112907 5.047444 6.084172 0.258203 -15.313604 -1.009660 -78.030647 179.539230 29.800217 49.750370 -2.420651 2.180525 -9.817310 -48.333572 22.756193 -0.868450 7.080019 8.634677 77.835480 -172.540970 -13.439510 -42.826382 -16.857807 -3.494864 15.271260 -56.917393 -22.983973 13.904984 -0.861614 
-269.212921 87.686768 950.531006 0.000000 8.919418 0.000000 90.126266 -1.591145 86.938118 172.630005 -3.428049 139.959473 -2.010634 3.729252 -62.307995 -7.241902 -1.860379 92.194977 0.000003 0.003100 21.470922 -168.082825 6.187189 160.809052 1.174976 -3.612201 -55.923065 6.184578 -2.019108 88.639778 -0.000010 -0.003104 21.474379 0.719597 -0.405366 8.097837 1.647927 0.749675 7.833765 1.337325 0.139047 6.781142 2.762201 1.294486 5.108878 6.268554 0.245570 -15.288301 -0.448316 -78.127281 178.985840 28.675690 50.096794 -3.345431 2.031219 -9.699368 -47.599098 22.898849 -0.695771 7.175434 8.083256 77.822723 -173.095016 -12.972545 -42.524895 -16.905199 -3.259594 15.481559 -55.959339 -23.073772 14.141553 -0.671977 
-268.908203 87.437263 951.687134 0.000000 9.695503 0.000000 90.064339 -1.698256 86.963219 172.532318 -3.387272 140.058029 -2.064110 3.688338 -62.184223 -6.900382 -1.801219 92.350838 0.000004 0.003099 21.471191 -168.347244 6.369147 160.959549 1.137906 -3.634364 -56.648148 6.509065 -1.989555 88.591743 -0.000009 -0.003104 21.473621 0.689632 -0.433801 8.019104 1.720776 0.901067 7.877012 1.537335 0.188435 6.824351 2.660778 1.527989 5.289708 6.581427 0.274401 -15.307252 0.213224 -78.192589 178.333908 27.415058 50.655331 -4.565283 1.925784 -9.580976 -46.960075 23.042038 -0.681003 7.315224 7.513476 77.799850 -173.692215 -12.364369 -42.390308 -16.937111 -2.987833 15.676311 -55.140999 -23.058903 14.364886 -0.480063 
-268.581268 87.192795 952.870300 0.000000 10.441146 0.000000 90.030815 -1.933179 87.082825 172.434586 -3.254239 140.558975 -2.049599 3.634909 -61.895458 -6.618045 -1.644536 92.392700 0.000004 0.003099 21.471556 -168.555084 6.497365 161.056427 1.139324 -3.652746 -57.389690 6.744355 -1.940184 88.465263 -0.000009 -0.003104 21.472603 0.683700 -0.472977 7.963900 1.799422 1.024612 7.897911 1.705926 0.255496 6.855320 2.667861 1.848969 5.429420 7.090293 0.269672 -15.345505 0.883596 -78.202438 177.671509 26.245665 51.115570 -6.050477 1.875240 -9.558692 -46.375511 23.244604 -0.595411 7.423536 6.963010 77.725403 -174.270920 -11.858577 -42.430779 -16.974407 -2.755823 15.770704 -54.409245 -22.884588 14.655129 -0.342055 
-268.233398 86.955421 954.086853 0.000000 11.152853 0.000000 90.006676 -2.185849 87.173851 172.198227 -3.162626 141.422913 -1.956266 3.570302 -61.542263 -6.366527 -1.480288 92.415398 0.000004 0.003099 21.471502 -168.562607 6.511873 161.077072 1.166049 -3.596637 -58.025356 6.874380 -1.814200 88.209610 -0.000009 -0.003103 21.471449 0.691362 -0.533056 7.935030 1.857903 1.127992 7.916174 1.798146 0.306315 6.910116 2.655708 2.228163 5.782053 7.645195 0.474313 -15.492031 1.554521 -78.104195 176.997681 25.327078 51.197266 -7.380858 1.874354 -9.559651 -45.997574 23.436375 -0.445242 7.331898 6.327179 77.634880 -174.931290 -11.451556 -42.756680 -17.173023 -2.486496 15.773877 -53.665253 -22.729540 14.906877 -0.283787 
-267.862976 86.726410 955.323120 0.000000 11.822406 0.000000 90.050491 -2.520586 87.385033 171.850677 -3.100874 142.063919 -1.959400 3.548086 -61.459427 -6.208165 -1.380885 92.429588 0.000005 0.003099 21.471645 -168.618408 6.458720 160.878265 1.179207 -3.547185 -58.319466 6.937013 -1.694256 87.842613 -0.000009 -0.003103 21.470619 0.690167 -0.574376 7.913314 1.868539 1.201778 7.915083 1.850853 0.313182 6.982023 2.537965 2.467964 6.270516 7.846212 0.829814 -15.641739 1.918667 -78.023712 176.627563 24.540220 51.040710 -8.591297 1.878291 -9.501533 -45.881721 23.680054 -0.301257 7.251221 5.638863 77.617363 -175.624969 -11.204001 -43.046597 -17.521500 -2.287668 15.721292 -52.919773 -22.612177 15.151994 -0.233638 
-267.497955 86.509384 956.570068 0.000000 12.436825 0.000000 90.065575 -3.072301 87.563995 171.441376 -3.075906 142.023041 -2.086476 3.550306 -61.536694 -6.151833 -1.301914 92.693802 0.000005 0.003098 21.471600 -168.763443 6.363039 160.463562 1.246524 -3.462579 -58.188721 6.931552 -1.735520 87.526947 -0.000009 -0.003104 21.470041 0.668114 -0.579091 7.898369 1.809552 1.240164 7.836698 1.888874 0.277886 7.048975 2.215616 2.502424 6.732787 7.701632 1.079773 -15.681548 1.955190 -78.046066 176.584366 23.705536 50.931099 -9.852251 1.885473 -9.320082 -46.113892 23.908792 -0.105308 7.309780 4.826948 77.604362 -176.417130 -11.097466 -43.162048 -17.968510 -2.214152 15.573398 -52.127384 -22.524487 15.369904 -0.290587 
-267.149200 86.309814 957.839600 0.000000 12.988850 0.000000 89.988968 -3.626198 87.711464 170.984756 -3.113598 141.869186 -2.204774 3.534608 -61.752216 -6.259757 -1.196510 93.047531 0.000005 0.003098 21.471363 -168.948822 6.215019 160.066849 1.431995 -3.375607 -58.466793 6.818695 -1.912376 87.425949 -0.000009 -0.003104 21.469501 0.656250 -0.575010 7.856682 1.776700 1.259291 7.724749 1.883265 0.278972 7.105306 1.685551 2.488421 7.013280 7.383430 1.285184 -15.548494 1.829473 -78.000938 176.695770 23.046303 50.616535 -10.675138 1.880330 -9.147430 -46.282810 24.111574 0.067012 7.341674 3.770351 77.541138 -177.436798 -11.083323 -43.095684 -18.365660 -2.135042 15.476152 -51.136673 -22.437775 15.450810 -0.276680 
-266.805176 86.124542 959.122375 0.000000 13.490883 0.000000 89.955635 -4.056391 87.909988 170.600540 -3.183024 141.703201 -2.231814 3.464190 -61.925266 -6.324914 -1.118600 93.310127 0.000005 0.003098 21.471138 -169.041901 6.225270 159.545059 1.640298 -3.250404 -58.960991 6.666786 -2.097081 87.403419 -0.000009 -0.003105 21.468857 0.625527 -0.598025 7.767377 1.766831 1.265502 7.626660 1.834484 0.303973 7.200548 1.039544 2.366233 7.394799 7.032250 1.441481 -15.484732 2.059298 -77.842323 176.448883 22.482071 50.340271 -11.248940 1.850606 -9.124313 -46.237167 24.123035 0.431234 7.324936 2.974024 77.374275 -178.186600 -10.922835 -43.140076 -18.663023 -1.962252 15.341731 -49.958164 -22.209330 15.358811 -0.140664 
-266.446808 85.943855 960.437866 0.000000 13.959933 0.000000 90.037270 -4.364119 88.226440 170.341995 -3.119915 141.944839 -2.088328 3.396917 -62.263153 -6.422252 -1.084074 93.550804 0.000006 0.003098 21.471127 -169.217239 6.254830 158.753922 1.786286 -3.135654 -59.214088 6.515302 -2.139778 87.174011 -0.000009 -0.003105 21.468214 0.621368 -0.633329 7.652709 1.788773 1.271523 7.519434 1.736153 0.292041 7.295627 0.551341 2.249635 7.885491 6.853303 1.600330 -15.413805 2.752176 -77.645119 175.742432 22.027834 49.950222 -11.846452 1.824698 -9.253860 -46.111038 24.039888 0.718881 7.366721 2.380645 77.153877 -178.731400 -10.750908 -43.445515 -18.757637 -1.864618 15.222817 -49.326405 -21.755569 15.254852 -0.011907 
-266.076813 85.766548 961.778442 0.000000 14.408877 0.000000 90.201035 -4.498629 88.480629 170.153870 -3.184201 142.244385 -1.929446 3.369642 -62.733295 -6.483280 -1.060254 93.850235 0.000006 0.003098 21.471188 -169.576706 6.261900 158.023453 1.796535 -3.048727 -59.289310 6.456540 -2.130613 86.933334 -0.000009 -0.003106 21.467611 0.628763 -0.654048 7.565223 1.836679 1.277097 7.453719 1.659723 0.277044 7.387256 0.129045 2.122068 8.329280 6.768476 1.843640 -15.399646 3.880078 -77.441429 174.597870 21.730749 49.498344 -12.307011 1.796251 -9.390033 -46.071678 24.140808 0.804995 7.275802 2.055447 76.981682 -179.025635 -10.566728 -43.839279 -18.794519 -1.769974 15.175358 -48.875607 -21.257484 15.204350 0.109763 
-265.690460 85.589973 963.155579 0.000000 14.838198 0.000000 90.377693 -4.485077 88.657768 170.059006 -3.260443 142.174347 -1.748512 3.357466 -63.107094 -6.522319 -1.112046 94.150558 0.000006 0.003098 21.470987 -170.030426 6.225398 157.508423 1.837267 -3.001593 -59.479847 6.373649 -2.122977 86.719467 -0.000009 -0.003106 21.467104 0.627872 -0.669663 7.508280 1.881288 1.292440 7.481553 1.598559 0.246629 7.469611 -0.314227 2.031826 8.675542 6.649356 2.086232 -15.410086 4.723242 -77.203056 173.735321 21.707052 49.114174 -12.599579 1.753542 -9.537004 -46.066727 24.315748 0.828016 7.240568 1.697680 76.826767 -179.358444 -10.355467 -44.032001 -18.740458 -1.609244 15.209258 -48.376804 -20.884899 15.190340 0.217840 
-265.280212 85.414352 964.567383 0.000000 15.257215 0.000000 90.529587 -4.383058 88.848152 170.069412 -3.340227 141.817932 -1.551690 3.334756 -63.404514 -6.507553 -1.215675 94.406303 0.000006 0.003098 21.470554 -170.534164 6.224205 157.186401 1.903149 -2.930557 -59.849537 6.290934 -2.098376 86.529831 -0.000009 -0.003107 21.466846 0.616744 -0.689165 7.465265 1.922754 1.317155 7.592868 1.548977 0.230042 7.497558 -0.785652 2.015220 8.963228 6.513329 2.197533 -15.427496 5.414234 -77.001434 173.028290 21.733639 48.692593 -12.793597 1.696215 -9.689169 -46.061958 24.610554 0.765837 7.241194 1.031284 76.655869 -179.992691 -10.203241 -44.129066 -18.717394 -1.436034 15.271221 -47.847363 -20.615828 15.205585 0.333398 
-264.850647 85.240318 966.005432 0.000000 15.674512 0.000000 90.624207 -4.358341 89.037064 170.198853 -3.462075 141.292679 -1.360451 3.273362 -63.771896 -6.464108 -1.405287 94.606560 0.000006 0.003098 21.469980 -170.946121 6.350736 157.199997 2.005995 -2.831790 -60.407646 6.190699 -2.101128 86.484535 -0.000009 -0.003107 21.466740 0.592209 -0.714391 7.427707 1.962185 1.337033 7.748095 1.494534 0.232005 7.478217 -1.305808 2.070849 9.211044 6.305340 2.153519 -15.437289 5.970884 -76.889839 172.465347 21.922876 48.430763 -12.683167 1.642240 -9.841478 -46.075405 24.906769 0.675451 7.288388 0.047346 76.439445 179.070343 -10.086431 -44.141750 -18.806067 -1.260175 15.329103 -47.258514 -20.525230 15.252711 0.457055 
-264.401398 85.070023 967.463806 0.000000 16.086040 0.000000 90.647469 -4.293682 89.178879 170.415329 -3.546983 140.614868 -1.207299 3.192879 -64.280830 -6.422073 -1.715244 94.694527 0.000007 0.003098 21.469570 -171.279999 6.585848 157.381973 2.145989 -2.720620 -61.163902 6.054651 -2.145033 86.555397 -0.000009 -0.003108 21.466818 0.554521 -0.756675 7.395931 1.993839 1.336243 7.931161 1.423724 0.257577 7.415833 -1.830580 2.207285 9.513281 5.962716 2.045467 -15.389701 6.370513 -76.826813 172.064865 22.130842 48.341171 -12.378276 1.624973 -9.928347 -46.109528 25.338173 0.657571 7.429424 -0.851370 76.186005 178.223114 -10.053359 -44.145912 -18.879324 -1.074298 15.409464 -46.739475 -20.613605 15.316037 0.580946 
-263.920593 84.904144 968.949524 0.000000 16.479237 0.000000 90.577248 -4.175612 89.354866 170.697189 -3.512677 139.825790 -1.085675 3.082722 -64.813164 -6.397823 -2.088701 94.583092 0.000007 0.003098 21.469433 -171.614899 6.882827 157.565948 2.295187 -2.610389 -61.843166 5.940134 -2.216377 86.641167 -0.000010 -0.003108 21.466778 0.514662 -0.803405 7.358876 2.013139 1.311006 8.144580 1.350553 0.288504 7.397032 -2.401625 2.524523 9.923574 5.703431 1.972345 -15.260882 6.857583 -76.797562 171.578705 22.478273 48.433342 -11.809844 1.643327 -9.990140 -46.074379 25.931395 0.695479 7.694489 -1.434466 75.926880 177.693695 -10.269342 -44.092640 -18.642803 -0.862702 15.555908 -46.221333 -20.647108 15.402096 0.693526 
-263.407593 84.741219 970.466309 0.000000 16.837946 0.000000 89.497169 -3.987171 88.413048 170.873398 -3.338638 139.204834 -1.027118 2.991461 -65.652031 -6.387518 -2.427953 94.301170 0.000007 0.003098 21.469570 -171.856934 7.085034 157.565170 2.465082 -2.521544 -62.120739 5.811062 -2.301889 86.754654 -0.000010 -0.003109 21.466478 0.482486 -0.833670 7.321321 2.038794 1.241220 8.311621 1.289067 0.319955 7.421679 -2.735110 2.841671 10.386493 5.348485 1.968862 -15.093537 7.490984 -76.720375 170.938522 22.943811 48.694641 -11.030809 1.695900 -10.069137 -46.125565 26.597811 0.646712 7.959154 -1.820743 75.730011 177.337830 -10.662576 -44.072578 -18.187569 -0.612841 15.712556 -45.763508 -20.522978 15.499575 0.837700 
-262.866302 84.590378 972.008789 0.000000 17.162348 0.000000 89.393303 -3.740479 88.855545 171.005112 -3.220251 138.681534 -0.955869 2.926759 -66.720184 -6.508119 -2.622046 93.878799 0.000006 0.003098 21.469835 -172.028076 7.233363 157.689972 2.620188 -2.467675 -62.405972 5.556159 -2.374983 86.912682 -0.000010 -0.003109 21.466118 0.438632 -0.847148 7.276886 2.062445 1.162778 8.393828 1.293675 0.355955 7.441566 -2.937646 3.147840 10.870030 4.958616 2.113166 -14.865640 7.982890 -76.652748 170.447327 23.458780 49.016785 -9.935225 1.745470 -10.191317 -46.087090 27.292074 0.460854 8.356953 -2.058334 75.615662 177.095963 -11.431257 -44.178196 -17.374914 -0.336642 15.896476 -45.413921 -20.197981 15.540532 1.038381 
-262.301910 84.455650 973.582581 0.000000 17.453314 0.000000 89.238792 -3.504877 89.365807 171.058487 -3.256444 138.500168 -0.937847 2.901850 -67.979507 -6.928431 -2.789913 93.306557 0.000006 0.003098 21.470034 -172.051178 7.422917 158.045670 2.607926 -2.487909 -62.586128 5.150010 -2.414191 87.218689 -0.000010 -0.003109 21.465914 0.395782 -0.831746 7.212612 2.070506 1.068001 8.397511 1.353209 0.398889 7.430681 -3.025795 3.383601 11.425979 4.446638 2.252400 -14.384808 7.966068 -76.629913 170.489334 23.889875 49.417282 -8.663709 1.741062 -10.273242 -45.762070 27.690981 0.233987 8.846703 -1.946547 75.621902 177.179062 -12.437208 -44.209274 -16.351444 -0.115778 16.052698 -45.458607 -19.857666 15.491290 1.300604 
-261.711914 84.338722 975.195618 0.000000 17.712637 0.000000 89.082321 -3.394915 89.941132 170.932236 -3.297195 138.900894 -0.982715 2.943579 -69.626183 -7.413307 -2.872785 92.351318 0.000006 0.003098 21.470182 -171.923843 7.485404 158.472519 2.442230 -2.564550 -62.271076 4.795069 -2.527147 87.465988 -0.000009 -0.003109 21.465647 0.356249 -0.767066 7.142686 2.059062 0.926399 8.355742 1.457689 0.412417 7.408926 -2.814769 3.482568 11.959532 3.856790 2.204615 -13.918689 7.656206 -76.607414 170.815903 24.543839 49.980011 -7.231131 1.766358 -10.181815 -45.551647 27.740906 -0.372840 9.242565 -1.550690 75.727379 177.509384 -13.577533 -44.502419 -15.170756 0.061339 16.161270 -45.928429 -19.450798 15.392215 1.587540 
-261.100464 84.241692 976.876343 0.000000 17.946547 0.000000 88.948952 -3.482478 90.350594 170.470032 -3.338456 140.083313 -1.067909 3.115299 -71.241577 -7.822619 -2.917541 89.068436 0.000006 0.003098 21.470470 -171.667908 7.469578 158.679199 2.084361 -2.773770 -61.920639 4.687524 -2.627947 87.402992 -0.000009 -0.003109 21.465405 0.337357 -0.694860 7.126253 2.027509 0.683027 8.232726 1.534055 0.430339 7.427426 -2.180727 3.259799 12.546138 3.311469 1.978461 -13.707395 7.243349 -76.551514 171.235382 25.310673 50.695152 -6.137267 1.868469 -10.016691 -45.654282 27.411367 -1.412900 9.482891 -0.993197 75.883392 177.988525 -14.180311 -45.012253 -14.584716 0.169071 16.142025 -46.557884 -18.850071 15.178011 1.825542 
-260.486023 84.168152 978.624084 0.000000 18.170057 0.000000 88.924835 -3.837842 90.547035 169.596649 -3.176744 142.018280 -1.427163 3.407302 -73.623451 -8.505889 -2.613878 87.166351 0.000007 0.003098 21.470810 -171.311661 7.167031 158.535675 1.438492 -3.069285 -61.121346 5.000625 -2.739867 87.146812 -0.000009 -0.003108 21.465511 0.380877 -0.634357 7.209513 1.962780 0.383585 7.949152 1.547138 0.446581 7.570613 -1.188388 2.803238 12.971817 2.917961 2.062009 -13.649089 6.694521 -76.430374 171.804810 25.870716 51.527546 -5.411654 2.089149 -9.922742 -45.873352 26.874393 -2.491484 9.630777 -0.307012 76.074234 178.583954 -13.922977 -45.592186 -15.267760 0.016412 15.975219 -47.576286 -18.377262 14.949193 1.937693 
-259.904846 84.130707 980.412842 0.000000 18.371967 0.000000 88.969582 -4.045032 90.462296 168.353806 -2.616347 144.540039 -2.013231 3.640438 -76.420036 -9.008993 -2.227787 85.062485 0.000007 0.003097 21.470263 -171.266922 6.239959 157.860641 0.650113 -3.479279 -59.698296 5.474517 -2.851488 86.785057 -0.000009 -0.003107 21.465963 0.426279 -0.623539 7.431526 1.806081 0.038313 7.516553 1.531339 0.478616 7.737158 0.032765 2.419368 13.049370 3.211265 2.671155 -13.047834 6.487645 -76.336609 172.014664 26.470312 52.574551 -4.959916 2.203783 -9.960295 -46.113216 26.326962 -3.445726 9.791222 1.374218 76.276527 -179.832077 -13.739628 -46.370121 -15.870777 -0.332891 15.510235 -48.578930 -17.933750 14.843361 2.087855 
-259.411926 84.142105 982.211853 0.000000 18.579638 0.000000 88.947609 -4.076829 90.717628 167.419830 -2.233981 146.007706 -2.312666 3.718534 -78.954369 -9.440709 -2.053096 83.620331 0.000007 0.003098 21.470049 -171.076584 5.475524 157.747543 0.162623 -3.806531 -59.048889 5.844789 -2.858166 86.853729 -0.000010 -0.003107 21.465740 0.455548 -0.579192 7.530278 1.784537 -0.229982 7.130176 1.492216 0.541312 7.815017 0.671804 2.096218 13.101271 3.684674 3.271109 -12.368933 6.391084 -76.397491 172.139328 26.827749 53.230141 -4.471970 2.171857 -9.876328 -45.587448 25.418051 -3.940374 10.169090 2.225214 76.503754 -179.024155 -13.948483 -46.645046 -15.796007 -0.459183 15.211665 -49.266415 -17.549070 14.809362 2.242573 
-258.978210 84.180893 984.051880 0.000000 18.805126 0.000000 88.825607 -4.157259 91.333122 167.233643 -1.981381 146.445618 -2.052518 3.733131 -81.296669 -9.776226 -2.198518 82.692154 0.000006 0.003098 21.471043 -170.903732 5.066661 158.319565 0.054703 -4.026366 -59.086071 5.884490 -2.893810 87.160774 -0.000010 -0.003107 21.465267 0.457143 -0.503379 7.491299 1.848591 -0.333759 6.960197 1.435269 0.629907 7.855606 0.761482 1.780176 13.427013 4.063812 3.691197 -11.822584 6.088326 -76.472908 172.501083 26.907257 53.568184 -3.786645 2.147004 -9.724014 -44.882736 24.856590 -3.876645 10.458940 2.851394 76.665756 -178.416458 -14.390605 -46.176952 -15.599916 -0.467079 15.116574 -49.993835 -17.454544 14.677259 2.252664 
-258.544556 84.232155 985.931702 0.000000 19.046505 0.000000 88.800934 -4.735744 91.815811 167.051254 -1.783291 146.995026 -1.887828 3.754920 -83.620987 -9.784191 -2.284338 81.916748 0.000006 0.003098 21.472610 -170.802628 4.682230 158.625900 -0.011613 -4.240083 -59.203358 6.041566 -2.855574 87.139801 -0.000010 -0.003107 21.465002 0.464208 -0.430880 7.483709 1.866885 -0.318682 6.850374 1.390429 0.743945 7.934940 0.752998 1.423030 13.787423 4.552713 4.229680 -11.061794 5.524703 -76.501411 173.141464 27.038298 53.837452 -3.590240 2.144827 -9.551536 -44.183670 24.386457 -3.756692 10.525145 4.598077 76.819061 -176.688782 -15.043035 -45.540436 -14.963803 -0.577591 15.094111 -50.649769 -17.016277 14.646906 2.133393 
-258.112518 84.302017 987.853027 0.000000 19.266039 0.000000 88.812035 -5.567416 92.082237 166.770691 -1.766793 147.346237 -3.137768 3.518552 -97.268639 -9.479946 -2.268559 81.291267 0.000005 0.003098 21.474068 -170.667358 4.520158 158.890701 -0.107719 -4.435965 -59.501797 6.043645 -2.844916 87.058235 -0.000010 -0.003107 21.465130 0.499672 -0.360454 7.514247 1.795276 -0.238758 6.754813 1.365963 0.888713 8.041405 0.723802 1.231398 14.089883 5.019295 4.620282 -10.578464 4.789814 -76.638802 173.952972 27.816483 53.927841 -3.277137 2.124001 -9.366190 -43.585796 24.079639 -3.745653 10.511572 6.302558 76.993073 -175.005600 -15.194906 -45.034645 -14.789321 -0.677355 14.971895 -50.586147 -16.582933 14.931218 1.852369 
-257.724304 84.384056 989.796631 0.000000 19.424067 0.000000 88.761497 -5.942700 92.305580 166.530884 -1.943401 147.102234 -3.229652 3.557352 -98.066132 -9.176397 -2.256221 81.002869 0.000005 0.003098 21.474920 -170.501038 4.634080 159.554214 -0.079119 -4.483785 -59.863518 5.964610 -2.784969 87.184258 -0.000010 -0.003107 21.465357 0.543607 -0.265257 7.514785 1.683054 -0.061678 6.740827 1.441839 1.043147 8.069879 0.683102 1.140550 14.042960 5.012509 4.738312 -10.464540 3.623367 -76.775139 175.219437 28.325653 54.182487 -2.806869 2.052522 -9.176537 -42.866875 24.043306 -3.675803 10.553834 6.759442 77.162163 -174.573349 -14.601673 -44.523369 -15.406614 -0.733095 14.927484 -50.506733 -16.548294 15.151773 1.724280 
-257.382904 84.461502 991.728882 0.000000 19.497663 0.000000 88.675812 -5.803081 92.438301 166.528610 -2.358902 146.310059 -3.250433 3.590378 -98.147667 -8.820361 -2.288336 81.068588 0.000005 0.003097 21.475672 -170.432114 4.933029 160.459122 -0.006502 -4.438919 -60.286034 5.772908 -2.700841 87.537521 -0.000009 -0.003107 21.465517 0.561781 -0.144048 7.466632 1.596400 0.114931 6.801108 1.579174 1.204476 8.013978 0.524490 1.130669 13.798208 4.723834 4.908013 -10.403123 2.188255 -76.849922 176.771835 28.576599 54.615494 -2.190556 1.959058 -9.001004 -42.019192 23.996738 -3.573118 10.657389 6.634298 77.319443 -174.699493 -13.915822 -43.851948 -16.305134 -0.792318 15.206928 -50.690842 -16.613255 15.103917 1.733917 
-257.079071 84.528481 993.613708 0.000000 19.510303 0.000000 88.571228 -5.327465 92.470749 166.598816 -2.828021 145.050751 -3.038221 3.669935 -98.043999 -8.486080 -2.341981 81.349686 0.000005 0.003097 21.476307 -170.413574 5.265490 161.307312 0.051936 -4.364090 -60.878094 5.477617 -2.656467 87.912430 -0.000009 -0.003107 21.466154 0.567679 -0.040761 7.382919 1.522445 0.288352 7.000011 1.715036 1.321712 7.902494 0.197975 0.878501 13.653688 4.391251 5.215094 -10.199235 1.142197 -76.813133 177.928894 28.622044 54.843662 -1.584656 1.870964 -8.826913 -41.200470 24.067225 -3.338260 10.658754 6.615056 77.456665 -174.695465 -13.479856 -43.296612 -17.210150 -0.916003 15.640663 -51.180912 -16.577112 15.044030 1.709610 
-256.787689 84.588028 995.466980 0.000000 19.492355 0.000000 88.488945 -4.784593 92.430740 166.654007 -3.315922 143.619537 -2.683608 3.763721 -97.986496 -8.159849 -2.410259 81.667152 0.000004 0.003097 21.476942 -170.261276 5.637712 162.123642 0.092128 -4.271947 -61.730953 5.158588 -2.651864 88.242760 -0.000009 -0.003107 21.467077 0.552918 0.048595 7.282885 1.482672 0.405353 7.267247 1.846872 1.407130 7.773169 -0.162426 0.501850 13.514475 3.939936 5.622164 -10.008086 0.359615 -76.692810 178.802368 28.701286 54.831867 -0.951863 1.773805 -8.676596 -40.562962 24.113955 -2.919123 10.557495 6.988418 77.571533 -174.289459 -13.486078 -42.968235 -17.810843 -1.047582 16.075727 -51.808601 -16.559437 15.010019 1.591630 
-256.491211 84.637398 997.330200 0.000000 19.451698 0.000000 88.426727 -4.187128 92.262207 166.783478 -3.636008 142.209747 -2.216079 3.813040 -97.632988 -7.822185 -2.555151 82.064178 0.000004 0.003096 21.477362 -169.971619 6.072924 162.861389 0.076591 -4.147646 -62.450554 4.807155 -2.653001 88.629837 -0.000009 -0.003107 21.468328 0.513338 0.133557 7.182568 1.485411 0.484065 7.573406 1.989218 1.471219 7.605660 -0.571238 0.064176 13.241562 3.409549 5.948766 -9.810508 -0.437642 -76.542732 179.676498 28.432116 54.536095 -0.619116 1.658034 -8.413011 -39.996849 24.113464 -2.421911 10.437814 7.576552 77.607826 -173.672119 -14.204290 -42.746445 -17.387947 -1.169093 16.461914 -52.361450 -16.674925 14.999346 1.431840 
-256.182404 84.676865 999.235352 0.000000 19.391272 0.000000 88.418922 -3.579836 92.057976 166.819611 -3.772815 141.166061 -1.723951 3.784627 -97.345100 -7.428202 -2.845562 82.574814 0.000004 0.003096 21.477533 -169.725952 6.351533 163.700500 0.110776 -4.035063 -63.381271 4.541288 -2.707379 89.116844 -0.000009 -0.003107 21.469116 0.457864 0.216395 7.063651 1.513673 0.586865 7.875514 2.147742 1.458973 7.405066 -1.109621 -0.228262 12.870471 2.888806 5.983818 -9.436061 -1.463716 -76.463242 -179.234085 27.557625 54.262268 -0.778939 1.539092 -8.127747 -39.413544 24.077646 -1.927044 10.500278 8.257109 77.580696 -172.981750 -15.257710 -42.410519 -16.392580 -1.203104 16.827782 -52.621986 -16.972536 14.787040 1.202419 
-255.850479 84.699142 1001.189026 0.000000 19.335260 0.000000 88.442711 -3.030132 91.784279 166.766571 -3.655906 140.272812 -1.426258 3.663241 -97.605782 -6.894920 -3.140153 83.072853 0.000003 0.003096 21.477388 -169.326645 6.335481 164.661591 0.236689 -3.937810 -64.337181 4.265770 -2.814818 90.104660 -0.000009 -0.003108 21.469515 0.398591 0.272708 6.914243 1.559063 0.708009 8.179428 2.282264 1.439253 7.213782 -1.711710 -0.426187 12.603527 2.319684 5.994038 -9.292177 -2.064712 -76.472649 -178.582672 26.711218 54.007080 -0.946374 1.432007 -7.949063 -38.836544 24.116869 -1.209779 10.570059 9.254397 77.475456 -171.987015 -16.256062 -41.996235 -15.275990 -1.225380 17.121805 -52.616997 -17.474499 14.510065 0.939087 
-255.484268 84.698227 1003.202026 0.000000 19.291649 0.000000 88.493340 -2.647016 91.481354 166.584656 -3.387570 139.679382 -1.449652 3.531428 -98.595894 -6.310645 -3.370952 83.518326 0.000003 0.003096 21.477070 -168.828217 6.306212 165.236191 0.332435 -3.798476 -65.161552 4.121685 -2.854437 90.465736 -0.000009 -0.003108 21.469362 0.337968 0.287747 6.779372 1.691355 0.805406 8.398664 2.370216 1.456253 7.020382 -2.174458 -0.660973 12.484335 1.820646 6.123974 -9.189444 -2.268387 -76.450180 -178.337097 25.989670 53.896206 -1.255587 1.349762 -7.896127 -38.473122 24.192261 -0.185001 10.582070 10.611891 77.225739 -170.650726 -16.962311 -41.837097 -14.511806 -1.317402 17.367197 -52.445900 -17.936113 14.173934 0.621263 
-255.080444 84.676735 1005.264404 0.000000 19.250919 0.000000 88.559105 -2.409491 91.173019 166.400406 -3.075318 139.218842 -1.697397 3.428798 -99.682846 -5.838906 -3.563890 83.930901 0.000003 0.003096 21.476625 -168.360138 6.216683 165.428558 0.381916 -3.627320 -65.717361 4.170492 -2.807011 90.624802 -0.000009 -0.003108 21.468742 0.279801 0.270634 6.686469 1.863690 0.898075 8.604587 2.408795 1.470465 6.821499 -2.678479 -0.910790 12.255301 1.566235 6.380263 -9.053308 -2.063566 -76.420471 -178.514557 25.144625 53.973988 -1.959055 1.286347 -7.823374 -38.188469 24.211210 0.957028 10.547662 11.853393 76.880821 -169.434128 -17.416473 -41.842369 -14.094069 -1.460131 17.571800 -52.244732 -18.350941 13.944694 0.241518 
-254.635483 84.638908 1007.367249 0.000000 19.210724 0.000000 88.621780 -2.079875 90.830345 166.324966 -2.865318 138.987045 -2.024420 3.311338 -100.288307 -5.571659 -3.724821 84.350990 0.000003 0.003096 21.476139 -168.055023 6.124760 165.603409 0.467278 -3.467857 -66.094498 4.196329 -2.704242 90.785583 -0.000009 -0.003108 21.468140 0.226311 0.240817 6.610269 2.007885 0.978017 8.803646 2.449534 1.426468 6.603303 -3.237655 -1.036690 11.837994 1.483122 6.497592 -9.143304 -1.730375 -76.382385 -178.836594 24.620275 54.056564 -2.489698 1.258083 -7.759517 -38.031677 24.341534 1.957719 10.582292 12.492174 76.550598 -168.814529 -17.782095 -41.964893 -13.668928 -1.560677 17.764538 -52.000267 -18.816086 13.722658 -0.075468 
-254.154343 84.590744 1009.498413 0.000000 19.162031 0.000000 88.636414 -2.017734 90.505592 166.467087 -2.682353 139.218185 -2.501565 3.213377 -100.232178 -5.676530 -3.740114 84.774437 0.000003 0.003096 21.475819 -167.913177 5.968208 165.728851 0.563834 -3.331548 -66.420143 4.246889 -2.580898 90.742767 -0.000009 -0.003107 21.467680 0.198569 0.201290 6.586709 2.107589 1.059571 8.974955 2.461096 1.327235 6.415373 -3.738281 -1.020228 11.294766 1.723397 6.392666 -9.203664 -1.571435 -76.330963 -179.011581 24.244341 54.070446 -3.168476 1.282640 -7.681063 -38.047390 24.551319 2.639604 10.674179 12.711784 76.301147 -168.617737 -17.990967 -42.010403 -13.372096 -1.557297 17.830870 -51.717289 -19.204782 13.601192 -0.337668 
-253.652283 84.532402 1011.607178 0.000000 19.086086 0.000000 88.566895 -2.407365 90.102287 166.747330 -2.524677 139.708633 -3.005310 3.155266 -99.511223 -6.086818 -3.458732 85.010834 0.000004 0.003097 21.476103 -168.041321 5.756510 165.319427 0.624228 -3.250213 -66.383125 4.385126 -2.425684 90.421310 -0.000008 -0.003107 21.467478 0.198802 0.152443 6.637610 2.120948 1.095227 9.050751 2.376641 1.207546 6.335839 -4.053952 -0.929983 10.709345 2.276935 6.080210 -9.190194 -1.896469 -76.288208 -178.715195 24.254944 54.106911 -3.831256 1.345456 -7.665126 -38.265533 24.802027 2.865702 10.712475 12.807207 76.129791 -168.527481 -17.841232 -42.044724 -13.333009 -1.508695 17.715849 -51.599541 -19.278204 13.460161 -0.355792 
-253.144318 84.461906 1013.642517 0.000000 18.975239 0.000000 88.420296 -3.107196 89.505386 167.002472 -2.208767 140.346420 -3.536887 3.211755 -97.761246 -6.814346 -2.794766 84.933830 0.000004 0.003097 21.477369 -168.405579 5.429821 164.658630 0.696190 -3.255749 -66.092598 4.684214 -2.324107 89.421562 -0.000008 -0.003107 21.467382 0.226656 0.099700 6.833217 2.073711 1.017509 8.912296 2.188978 1.041448 6.438993 -4.067740 -0.888410 10.220621 3.025301 5.744354 -9.155586 -2.837194 -76.271790 -177.795700 24.619413 54.113358 -4.813878 1.466792 -7.740503 -38.872303 24.898439 2.426263 10.560870 13.063338 76.141441 -168.240891 -16.790079 -42.170433 -13.985210 -1.478416 17.357468 -51.990475 -19.184015 13.388635 -0.063382 
-252.656433 84.390556 1015.599365 0.000000 18.816309 0.000000 88.401474 -3.998229 88.518837 167.225433 -1.731896 141.199173 -2.714719 3.818169 -80.511826 -7.800085 -2.030780 84.776123 0.000006 0.003097 21.478205 -169.014679 4.989347 163.960556 0.759032 -3.326812 -65.371834 4.949764 -2.168022 88.603180 -0.000009 -0.003107 21.467211 0.258282 -0.009619 7.096343 1.987119 0.877693 8.495337 1.950905 0.888263 6.720966 -3.818180 -0.926506 9.880370 3.698197 5.466797 -9.017744 -4.232952 -76.372490 -176.450241 26.011580 54.101875 -5.200016 1.586509 -7.830770 -39.465939 24.697790 1.964235 10.357806 12.850640 76.394279 -168.375900 -15.632620 -42.407246 -14.967901 -1.584089 17.040884 -52.634739 -19.077627 13.653825 0.241195 
-252.209946 84.322594 1017.470459 0.000000 18.609467 0.000000 88.413452 -4.585462 87.441879 167.086517 -1.418560 142.120651 -3.159551 3.907252 -78.259766 -8.665784 -1.763627 84.932053 0.000007 0.003097 21.478170 -169.551712 4.946181 163.105270 0.890765 -3.347076 -65.641586 5.066638 -1.975158 87.814919 -0.000009 -0.003106 21.466503 0.291026 -0.155207 7.321662 1.945031 0.827374 8.150703 1.728553 0.714927 7.030483 -3.820118 -1.343286 9.721707 4.006402 5.306555 -8.777474 -4.685621 -76.252487 -176.022141 27.251421 54.237579 -5.608675 1.681332 -7.960935 -40.112309 24.467453 2.165494 10.065187 12.403405 76.475700 -168.719467 -14.764320 -43.015968 -15.949660 -1.851256 16.883915 -53.192471 -19.338459 13.633686 0.189132 
-251.765396 84.235725 1019.289001 0.000000 18.361813 0.000000 88.369232 -4.549022 86.492477 167.172867 -1.241554 142.006470 -3.399800 3.824633 -76.774628 -8.978681 -1.814008 85.612190 0.000008 0.003097 21.477236 -169.766876 5.113309 162.516922 1.129081 -3.153327 -66.696320 5.114795 -1.943184 87.429596 -0.000009 -0.003106 21.465611 0.277789 -0.265171 7.386373 1.968121 0.911790 8.037634 1.624494 0.561927 7.130871 -4.687924 -1.442674 9.344868 3.954606 4.962441 -8.701698 -4.143690 -76.051361 -176.550674 27.627625 54.209503 -6.248157 1.731550 -8.127960 -40.234482 24.676970 2.587826 9.850014 11.523924 76.447067 -169.529099 -13.985271 -43.556782 -16.841810 -1.948308 17.116755 -52.871967 -19.619410 13.458791 0.002647 
-251.268799 84.131905 1021.108337 0.000000 18.108818 0.000000 88.307304 -4.209572 86.002151 167.755814 -1.188912 141.280167 -3.364420 3.625269 -75.117722 -8.690059 -2.032740 86.655052 0.000008 0.003097 21.475857 -169.850677 5.251653 162.741837 1.578387 -2.932458 -67.849144 5.176570 -1.990634 87.561882 -0.000009 -0.003106 21.465076 0.249978 -0.344183 7.376141 1.989602 1.093649 8.090972 1.592819 0.413106 7.130624 -5.757017 -0.955875 8.854862 3.821914 4.299046 -9.031487 -3.573705 -76.016296 -177.085388 27.192503 53.979801 -7.367859 1.733195 -8.311153 -39.960045 24.992018 2.861204 9.896051 9.978184 76.375259 -171.051758 -13.159498 -43.776077 -17.629801 -1.496355 17.435328 -51.197483 -19.751408 13.360351 -0.155380 
-250.705841 84.012627 1022.932800 0.000000 17.911926 0.000000 88.249031 -4.206564 85.972366 168.257584 -1.060424 141.087219 -3.317246 3.436353 -73.614113 -8.290511 -2.204818 87.507576 0.000008 0.003097 21.474512 -170.023849 5.127662 162.633530 2.099531 -2.837702 -68.275200 5.263051 -1.921891 87.467278 -0.000009 -0.003107 21.464718 0.241881 -0.409826 7.380882 2.012341 1.245081 8.115480 1.482628 0.311671 7.166123 -6.414796 -0.529737 8.792206 4.011346 3.913024 -9.388992 -2.437897 -76.068848 -178.215576 26.644674 53.616318 -8.511504 1.758570 -8.574168 -40.260323 25.229088 2.825264 9.773293 7.918571 76.223160 -173.116898 -12.477951 -43.911320 -18.007765 -1.003212 17.437267 -49.357059 -19.900154 13.244294 -0.185188 
-250.112228 83.886635 1024.733032 0.000000 17.764326 0.000000 88.037804 -4.420867 85.957764 167.923996 -0.819148 142.396286 -3.529279 3.410657 -73.259811 -8.366962 -2.221603 87.803658 0.000009 0.003098 21.474064 -170.246552 4.773636 161.232513 2.523365 -2.800444 -67.858772 5.350796 -1.749445 86.462753 -0.000010 -0.003107 21.464045 0.206824 -0.455463 7.363279 2.030798 1.197839 7.912374 1.151821 0.287395 7.338947 -6.500574 -0.658383 9.410066 4.442662 4.353075 -9.542215 -0.360025 -76.052216 179.627869 25.967548 53.623131 -9.664371 1.794947 -8.838784 -41.530819 25.175295 2.855334 9.136523 5.865897 76.049973 -175.168121 -11.866721 -44.495106 -18.102924 -0.843074 16.923117 -48.147449 -19.786348 13.164250 0.025416 
-249.542877 83.774231 1026.484009 0.000000 17.569424 0.000000 87.882141 -4.685976 86.045494 167.620224 -0.786571 143.348267 -3.661331 3.368603 -73.520645 -8.234673 -2.296983 88.220901 0.000009 0.003098 21.473593 -170.308716 4.716506 159.636353 2.939644 -2.776839 -67.036484 5.303731 -1.627485 85.711884 -0.000010 -0.003107 21.463724 0.212296 -0.473863 7.291966 2.075140 1.176351 7.734360 0.797224 0.296007 7.491566 -6.659088 -0.781801 10.052085 4.789398 4.689510 -9.843942 1.552643 -75.990219 177.642776 24.827196 53.234509 -11.031880 1.772264 -9.143716 -42.500320 24.949369 2.957841 8.567862 4.057403 75.849548 -176.958008 -11.220744 -45.096279 -18.386003 -0.702171 16.355795 -46.944695 -19.756426 13.302170 0.210602 
-248.985214 83.665283 1028.224976 0.000000 17.314642 0.000000 87.849434 -4.775507 86.123177 168.248947 -1.213887 142.634567 -3.131669 3.185610 -73.444862 -7.809425 -2.561558 88.978294 0.000009 0.003098 21.472748 -170.287277 5.154094 159.528519 3.258821 -2.723205 -67.530052 4.962872 -1.646687 85.976036 -0.000010 -0.003107 21.464340 0.221267 -0.480199 7.215695 2.096140 1.353403 7.904688 0.662046 0.270442 7.480894 -7.454611 -0.348036 10.044969 4.642956 4.149439 -10.154999 2.917920 -75.902115 176.270309 23.434891 52.220039 -12.509732 1.624676 -9.462027 -42.201939 25.279812 3.167006 8.483354 2.475263 75.775070 -178.504593 -11.474043 -45.222076 -18.085239 -0.392397 16.043949 -45.515305 -20.080256 13.553856 0.141459 
-248.377579 83.541504 1030.019531 0.000000 17.065645 0.000000 87.884712 -4.843259 86.174606 168.933929 -1.487179 141.707642 -2.603796 2.990598 -73.412971 -7.421145 -2.711736 91.748810 0.000008 0.003097 21.472013 -170.301971 5.422096 159.612305 3.438977 -2.734059 -67.759766 4.617887 -1.723387 86.391602 -0.000010 -0.003107 21.465147 0.200701 -0.473012 7.160891 2.070527 1.480301 8.124897 0.628078 0.259778 7.437118 -8.106936 0.065687 10.037164 4.376961 3.803392 -10.371081 3.922245 -75.864601 175.257355 22.411558 51.257099 -13.411192 1.407719 -9.766762 -41.561550 25.697077 3.126150 8.421566 1.710995 75.705879 -179.202698 -12.635286 -45.368206 -17.189993 -0.093858 15.864729 -44.194115 -20.124380 13.739423 -0.051125 
-247.703644 83.397163 1031.901367 0.000000 16.849388 0.000000 87.908035 -4.880400 86.244736 169.016144 -1.746440 141.417450 -2.258394 2.895831 -73.885796 -7.095471 -2.879182 92.005623 0.000008 0.003097 21.471678 -170.382690 5.466305 159.246033 3.538377 -2.723599 -67.295174 4.449166 -1.821738 86.410286 -0.000010 -0.003107 21.465242 0.162157 -0.480036 7.107918 2.064098 1.469569 8.188843 0.497566 0.296085 7.506832 -8.547547 0.109170 10.210875 4.247458 4.022339 -10.619600 4.781789 -75.796791 174.378876 21.818964 50.618313 -13.856146 1.284881 -9.997217 -41.499599 25.955515 3.031835 8.268606 1.152549 75.670242 -179.690887 -13.833716 -45.879395 -16.131645 0.048591 15.548402 -43.378391 -19.971470 13.860401 -0.109809 
-247.015671 83.244743 1033.836426 0.000000 16.632957 0.000000 87.958931 -4.733911 86.364014 169.005432 -1.998838 141.133240 -1.885906 2.790706 -74.158478 -6.644665 -3.039840 92.308983 0.000008 0.003097 21.471090 -170.398331 5.578455 159.039688 3.664634 -2.715492 -66.996605 4.336154 -1.901187 86.494965 -0.000010 -0.003107 21.464947 0.130102 -0.490934 7.029931 2.078921 1.466703 8.232960 0.438180 0.367157 7.573822 -9.009502 0.252518 10.256024 4.068108 4.307725 -10.852920 5.368849 -75.717781 173.790009 21.442814 50.151882 -14.190845 1.177465 -10.242690 -41.292183 26.144331 2.949478 8.135206 0.776265 75.581940 179.987579 -14.977834 -46.337032 -15.089578 0.228310 15.408215 -42.672462 -19.923416 14.059222 -0.153929 
-246.325989 83.082268 1035.820923 0.000000 16.415779 0.000000 88.068314 -4.452155 86.548759 169.253174 -2.104770 140.643204 -1.487015 2.659909 -74.239075 -5.924932 -3.254783 92.593384 0.000007 0.003098 21.470129 -170.395599 5.758688 159.133255 3.854337 -2.670192 -66.968330 4.152092 -1.975140 86.820320 -0.000010 -0.003107 21.464277 0.078647 -0.505746 6.945995 2.104830 1.520928 8.323881 0.452235 0.453430 7.608336 -9.634280 0.600248 10.188766 3.931336 4.496225 -10.966416 5.749837 -75.649017 173.426483 21.125267 49.759998 -14.503382 1.054331 -10.486243 -40.781242 26.544676 2.970886 8.100690 0.648465 75.428246 179.902283 -15.916807 -46.561832 -14.232083 0.472172 15.402862 -41.828499 -19.912413 14.143197 -0.125855 
-245.618896 82.906395 1037.856934 0.000000 16.217155 0.000000 88.136307 -4.056247 86.780518 169.500488 -2.045032 140.290161 -1.259906 2.546170 -74.585884 -5.185095 -3.466361 92.686249 0.000007 0.003098 21.469469 -170.389404 5.913019 159.313873 4.088508 -2.574380 -66.976349 3.859360 -2.005674 87.137886 -0.000010 -0.003108 21.463192 0.002750 -0.537362 6.826096 2.153033 1.530486 8.391406 0.411648 0.546204 7.642174 -10.166930 1.036613 10.221243 3.872599 4.707604 -11.014432 6.127601 -75.614845 173.063080 20.986547 49.632591 -14.534135 0.977847 -10.679896 -40.381538 26.999756 2.987051 8.098971 0.670722 75.267746 179.929031 -16.905954 -46.764450 -13.150476 0.664609 15.401581 -41.153332 -19.849787 14.231128 0.052190 
-244.906998 82.732788 1039.933838 0.000000 16.028660 0.000000 88.153999 -3.751263 87.280220 169.632019 -1.876879 140.453247 -1.252596 2.454920 -74.824310 -4.627366 -3.642479 92.519714 0.000006 0.003098 21.469635 -170.421326 6.072927 159.080460 4.343548 -2.495934 -66.506134 3.546732 -2.036111 87.396103 -0.000010 -0.003108 21.461914 -0.062128 -0.549020 6.726428 2.222914 1.483985 8.368090 0.345540 0.630024 7.745129 -10.442476 1.367037 10.455863 3.638353 5.202657 -11.071204 6.819025 -75.603943 172.357300 21.383341 49.756054 -13.995856 0.998382 -10.752176 -40.345020 27.433670 2.886349 8.115164 1.115108 75.174026 -179.664719 -17.694237 -46.778278 -12.204239 0.783592 15.335821 -40.734852 -19.885780 14.342048 0.371324 
-244.204071 82.567841 1042.043457 0.000000 15.820713 0.000000 88.143242 -3.450769 88.113197 169.694550 -1.632892 140.997864 -1.467438 2.397606 -74.906250 -4.332325 -3.766288 92.314888 0.000006 0.003098 21.470381 -170.750015 6.080868 158.893906 4.485319 -2.465877 -65.538643 3.151455 -2.056694 87.739357 -0.000010 -0.003108 21.461262 -0.111395 -0.540234 6.675588 2.236803 1.426104 8.259579 0.305899 0.737900 7.824826 -10.353263 1.587426 10.811069 3.312860 5.882145 -10.971431 7.091303 -75.699707 172.072632 22.286724 50.144939 -12.911467 1.098851 -10.729342 -40.743244 27.927084 2.667214 8.071567 1.943779 75.230293 -178.890671 -18.091434 -46.632030 -11.737712 0.734637 15.252937 -40.728458 -19.932030 14.537427 0.760028 
-243.527954 82.413635 1044.160034 0.000000 15.588478 0.000000 88.126427 -3.052063 88.988831 169.637131 -1.409284 141.718079 -1.650055 2.410244 -74.963173 -4.225633 -3.822710 91.845657 0.000006 0.003098 21.471447 -171.115097 6.077329 159.119614 4.524106 -2.473369 -64.599884 2.804618 -2.084735 88.200394 -0.000010 -0.003108 21.461115 -0.155260 -0.503618 6.674866 2.169375 1.311530 8.142233 0.331371 0.828391 7.870478 -9.954315 1.847306 11.245110 2.849106 6.280922 -10.793959 7.055189 -75.870514 172.095917 23.275301 50.793011 -11.639005 1.256674 -10.571729 -41.211403 28.396873 2.068532 7.993586 3.299094 75.315926 -177.594727 -18.430721 -46.494419 -11.327670 0.661098 15.084558 -40.906223 -19.861189 14.716644 1.128404 
-242.889145 82.279404 1046.273560 0.000000 15.338931 0.000000 88.101570 -2.693045 89.790199 169.537582 -1.383115 142.639679 -1.663851 2.481857 -74.944977 -4.093469 -3.904643 88.378212 0.000005 0.003098 21.472513 -171.364685 5.903294 159.850159 4.407114 -2.585633 -64.018250 2.528556 -2.157762 88.980667 -0.000010 -0.003108 21.461536 -0.174089 -0.447469 6.719380 2.086513 1.162634 8.134193 0.461049 0.934310 7.803153 -9.211743 2.201767 11.731502 2.306867 6.063991 -10.712111 7.116198 -76.114403 172.008728 23.994411 51.574902 -10.664689 1.430509 -10.241407 -41.532841 28.608461 0.978267 7.893425 4.509228 75.401268 -176.481949 -18.719656 -46.441925 -11.028327 0.584382 14.938869 -41.365997 -19.823097 14.879484 1.481106 
-242.276031 82.180634 1048.394165 0.000000 15.094380 0.000000 88.027290 -2.365604 90.476952 169.592316 -1.514832 143.810898 -1.616414 2.714876 -75.479073 -4.545907 -3.523885 86.960686 0.000006 0.003098 21.474100 -171.591354 5.397671 160.644760 3.948975 -2.868256 -63.212967 2.564228 -2.236162 89.520088 -0.000009 -0.003108 21.462793 -0.157562 -0.361530 6.831092 1.948868 0.976433 8.094316 0.646564 0.991674 7.703115 -7.947016 2.250351 12.360420 1.829766 5.577599 -10.536883 6.561858 -76.361160 172.554047 24.638401 52.380753 -9.869868 1.657515 -9.984069 -42.158676 28.520866 -0.589785 7.560077 5.613333 75.575584 -175.478027 -18.939528 -46.384472 -10.908503 0.343395 14.826136 -42.427036 -19.652887 15.091164 1.652537 
-241.692535 82.115677 1050.499878 0.000000 14.863596 0.000000 87.861649 -2.251588 90.849602 169.192703 -1.664153 145.129089 -1.671767 3.152952 -77.026253 -5.355404 -2.844145 85.278847 0.000006 0.003098 21.475492 -171.499008 4.807540 161.077194 3.108633 -3.241621 -61.403931 2.875455 -2.261558 89.675140 -0.000010 -0.003107 21.464371 -0.092770 -0.283312 7.009167 1.859310 0.743805 7.962389 0.736695 1.018240 7.666743 -6.162067 2.043384 13.059693 1.820320 5.322495 -10.105385 5.825543 -76.579422 173.297989 25.520081 53.000404 -9.003135 1.907124 -9.848164 -43.038544 27.917665 -2.431823 7.159069 6.902611 75.844017 -174.248779 -18.931852 -46.202629 -11.107379 -0.005364 14.738794 -44.353832 -19.153736 15.292955 1.768032 
-241.171005 82.088051 1052.552734 0.000000 14.598923 0.000000 87.627144 -2.410455 91.008820 168.017899 -1.674445 146.411270 -2.026126 3.649211 -80.068260 -6.502760 -2.155314 82.825180 0.000006 0.003098 21.476934 -171.316147 4.267419 160.843185 2.216938 -3.631605 -59.366772 3.344706 -2.255575 89.500862 -0.000010 -0.003106 21.465860 -0.011373 -0.246438 7.199320 1.920001 0.374045 7.735732 0.693602 1.097441 7.714841 -4.488465 1.438417 13.709300 2.107059 5.994277 -9.317181 5.634336 -76.847878 173.463333 26.772345 53.187542 -7.567937 1.957243 -9.721533 -43.413483 27.017197 -3.951443 7.004630 9.884681 76.094009 -171.296570 -19.693903 -45.749802 -10.331056 -0.317032 14.358631 -46.292274 -18.362301 15.411282 1.799409 
-240.731720 82.094994 1054.577881 0.000000 14.265512 0.000000 87.489136 -2.738244 90.876801 166.468674 -1.405742 147.509964 -2.702151 4.125314 -83.823540 -7.171395 -1.812399 80.619843 0.000005 0.003098 21.477636 -170.767014 4.099658 159.844299 1.550183 -3.999025 -58.593647 3.962272 -2.127630 89.464912 -0.000011 -0.003106 21.466408 0.050940 -0.264515 7.355109 2.043198 0.140491 7.504328 0.581788 1.148251 7.757341 -3.132852 0.539309 14.263293 2.747444 7.126738 -8.716036 4.643866 -76.900291 174.428253 27.613243 53.400337 -6.227716 1.923073 -9.567997 -43.634579 25.703760 -4.493808 7.163500 12.727400 76.254097 -168.463486 -20.195877 -45.138676 -10.240468 -0.505973 13.981059 -48.357063 -18.059029 15.925614 1.644813 
-240.356400 82.147308 1056.617554 0.000000 13.925443 0.000000 87.512863 -3.245541 90.811760 165.401108 -1.022988 148.433884 -4.521791 3.937594 -97.003494 -7.642862 -1.558376 79.322205 0.000005 0.003098 21.477652 -170.625687 3.869811 157.856903 1.303185 -4.266539 -57.814770 4.604495 -2.115337 90.371727 -0.000011 -0.003107 21.466444 0.131110 -0.254976 7.493020 2.092067 0.090543 7.314262 0.506709 1.268593 7.882787 -2.186994 -0.329682 14.681530 3.623858 8.122868 -7.954673 3.188093 -76.925751 175.885422 27.969110 53.502224 -5.677763 1.941720 -9.257101 -44.013367 23.933008 -4.839250 7.259379 15.535944 76.655907 -165.657928 -19.255196 -44.700699 -11.405168 -0.705656 13.784654 -50.097866 -17.646053 16.668732 1.639351 
-240.023712 82.228775 1058.680664 0.000000 13.618066 0.000000 87.660492 -3.631681 90.966286 164.786728 -0.875608 149.106430 -4.817907 4.041964 -96.954048 -7.797774 -1.370137 78.969742 0.000004 0.003098 21.477970 -170.388748 3.734507 156.794708 1.321583 -4.416208 -57.524937 5.109277 -2.071071 90.690231 -0.000011 -0.003107 21.467350 0.158113 -0.234010 7.610923 1.954632 0.139012 7.155910 0.565391 1.333311 7.949951 -1.603240 -0.963753 14.848731 4.284352 8.568492 -7.429617 1.852135 -76.991524 177.246872 28.351788 53.640533 -5.190324 1.945810 -8.959741 -44.235519 22.667103 -4.686255 7.314014 17.861616 77.110291 -163.347000 -17.486059 -44.187691 -13.298688 -0.981817 13.636404 -51.309143 -17.371239 17.383284 1.569832 
-239.720367 82.327393 1060.725830 0.000000 13.330029 0.000000 87.780449 -3.722717 91.176392 164.641678 -1.237303 148.832916 -4.740531 4.094083 -96.462540 -7.558825 -1.309243 79.141953 0.000004 0.003098 21.478470 -170.118393 3.809536 157.306351 1.462552 -4.430380 -57.572052 5.416618 -1.989977 91.229973 -0.000011 -0.003107 21.468721 0.157755 -0.173643 7.655738 1.726603 0.279295 7.098050 0.708488 1.413485 7.960436 -1.320739 -1.312640 14.805314 4.235707 8.655974 -7.405860 0.499100 -77.109436 178.650650 28.457048 53.870708 -4.914124 1.929516 -8.740667 -43.928875 22.013136 -4.457340 7.185824 18.845139 77.460213 -162.391464 -15.479181 -43.607975 -15.298964 -1.182693 13.663008 -51.830688 -17.598156 17.856852 1.491570 
-239.453461 82.434799 1062.736450 0.000000 13.043033 0.000000 87.839554 -3.444989 91.254440 164.919739 -1.792421 147.899017 -4.337116 4.163551 -95.769287 -7.181998 -1.382444 79.574509 0.000004 0.003098 21.479160 -169.933212 4.004882 158.866486 1.658564 -4.401508 -57.873234 5.478168 -1.984183 92.008858 -0.000011 -0.003107 21.470308 0.150441 -0.079058 7.633090 1.559641 0.442686 7.212424 0.904164 1.491974 7.962101 -1.327765 -1.576742 14.597018 3.410385 8.655207 -7.498076 -0.292477 -77.202347 179.505066 28.626114 53.903080 -4.355321 1.904726 -8.530315 -43.303333 21.880501 -4.390246 6.971868 19.556416 77.744225 -161.694763 -13.833635 -42.875294 -17.109484 -1.214253 13.824164 -52.131504 -17.944830 17.957577 1.405844 
-239.187881 82.537689 1064.727173 0.000000 12.764927 0.000000 87.787064 -2.639547 91.324501 165.332413 -2.474560 146.990051 -2.542995 4.469885 -84.589462 -6.690910 -1.523027 80.151505 0.000004 0.003098 21.479742 -169.864044 4.183666 160.804031 1.847785 -4.404346 -58.468689 5.302529 -2.120039 92.839493 -0.000011 -0.003107 21.471308 0.171849 0.027514 7.547992 1.455498 0.634953 7.489578 1.122197 1.540748 7.850355 -1.561136 -1.643381 14.117537 2.335585 8.584555 -7.519382 -0.794841 -77.281700 -179.919647 28.540133 54.110451 -3.602792 1.837935 -8.360489 -42.601013 21.975266 -4.607953 6.945644 19.520941 77.926003 -161.752792 -12.954794 -42.275940 -18.096617 -1.226232 14.338026 -52.496067 -18.329641 17.783035 1.310842 
-238.896225 82.618271 1066.726807 0.000000 12.507759 0.000000 87.694450 -1.785851 91.275627 165.721161 -2.793691 146.057419 -1.926793 4.424037 -83.495628 -6.131913 -1.701278 80.797211 0.000003 0.003098 21.479942 -169.724152 4.499175 162.328995 2.054971 -4.362442 -59.282009 5.139353 -2.181252 93.450050 -0.000011 -0.003107 21.472033 0.170670 0.087474 7.447332 1.367447 0.737634 7.819036 1.326611 1.495223 7.738889 -1.875120 -1.692475 13.366124 1.244916 8.627426 -7.507013 -0.911472 -77.312256 -179.765289 27.871708 54.182194 -3.363743 1.710957 -8.153163 -41.798359 21.958380 -4.692654 7.104902 19.420353 77.953773 -161.854019 -12.693714 -42.039795 -18.311905 -1.294865 14.907773 -53.048691 -18.708239 17.348557 1.311377 
-238.582535 82.679207 1068.765137 0.000000 12.286324 0.000000 87.634529 -1.152688 91.018867 165.833298 -2.882259 145.285828 -1.432463 4.342090 -82.929512 -5.748039 -1.900607 81.198357 0.000003 0.003098 21.480186 -169.571304 4.756630 163.278076 2.330663 -4.245244 -60.085266 5.176146 -2.053245 93.664986 -0.000011 -0.003107 21.472477 0.137884 0.099352 7.337887 1.356634 0.753263 8.107923 1.457738 1.451274 7.587174 -2.268779 -1.872156 12.917647 0.419482 8.914231 -7.391305 -0.806158 -77.387230 -179.891388 27.561743 53.984203 -3.120968 1.563574 -7.917789 -41.426525 21.841784 -4.533078 7.372295 20.534418 77.895134 -160.725784 -12.693634 -41.769375 -18.229053 -1.456815 15.357253 -53.706818 -19.135218 16.984068 1.501821 
-238.259918 82.724281 1070.847046 0.000000 12.092344 0.000000 87.661888 -0.652949 90.720627 165.736435 -2.824506 144.977493 -1.143468 4.237441 -82.707893 -5.477093 -2.151653 81.318253 0.000002 0.003098 21.480532 -169.531357 4.810457 163.802719 2.569113 -4.088716 -60.884678 5.189615 -1.928510 93.762154 -0.000011 -0.003107 21.472431 0.090179 0.064042 7.186152 1.406195 0.787048 8.273875 1.539576 1.370311 7.440345 -2.898034 -2.092846 12.469145 -0.172980 9.164162 -7.333022 -0.177368 -77.524208 179.442032 27.278646 53.880795 -3.053570 1.431598 -7.629881 -41.148777 22.009794 -3.979966 7.668699 22.041813 77.627556 -159.217392 -12.700161 -41.701996 -18.224047 -1.619337 15.636148 -54.049965 -19.563704 16.544258 1.514735 
-237.913513 82.750580 1072.996094 0.000000 11.922097 0.000000 87.745934 -0.092776 90.337120 165.678192 -2.737010 144.854263 -1.128994 4.075285 -82.642792 -5.288477 -2.357884 81.483276 0.000002 0.003098 21.480509 -169.258011 4.732860 164.641922 2.756881 -3.901619 -61.305973 5.083552 -1.881353 93.787109 -0.000010 -0.003107 21.472357 0.065651 0.019633 7.050211 1.520999 0.844734 8.443987 1.629455 1.288217 7.305814 -3.713929 -2.192208 11.774650 -0.692677 9.188716 -7.392280 0.951733 -77.698273 178.257294 26.869446 53.959080 -3.158327 1.351211 -7.347131 -40.679813 22.412516 -3.265939 7.941085 22.913988 77.319870 -158.348511 -12.584506 -41.932617 -18.437445 -1.802579 15.872404 -54.317570 -19.965630 15.976153 1.505447 
-237.557938 82.751091 1075.207520 0.000000 11.794857 0.000000 87.781158 0.343439 89.939545 165.632797 -2.824244 144.800583 -1.235524 3.871140 -82.590271 -5.081619 -2.544955 81.739540 0.000002 0.003098 21.480164 -168.695084 4.825638 165.792007 2.970280 -3.678057 -61.294430 4.976882 -1.759261 93.710999 -0.000010 -0.003107 21.471859 0.054112 -0.033659 6.923122 1.627023 0.900957 8.535332 1.696162 1.204198 7.176548 -4.449959 -2.011648 10.910828 -1.177510 9.052567 -7.424683 2.382820 -77.749268 176.755020 26.593533 53.936195 -3.360040 1.242377 -7.222168 -40.034000 22.643114 -2.607792 8.186286 23.032566 76.945953 -158.220230 -12.081458 -42.013504 -18.990843 -1.976723 16.019772 -54.277031 -20.305498 15.186271 1.632810 
-237.201141 82.724396 1077.443604 0.000000 11.696671 0.000000 87.780212 0.602926 89.736969 165.736633 -3.019556 144.822754 -1.447738 3.682575 -82.209091 -4.904974 -2.664347 82.008575 0.000002 0.003098 21.480129 -168.080185 4.906196 166.841736 3.283280 -3.473528 -60.739838 4.836564 -1.651019 93.524826 -0.000010 -0.003106 21.471176 0.059992 -0.105631 6.823478 1.692593 0.961823 8.595503 1.675600 1.095242 7.081563 -5.040032 -1.775112 9.982325 -1.670590 8.712044 -7.527744 3.931134 -77.751564 175.136475 26.344284 53.988239 -3.644530 1.193131 -7.194677 -39.765335 22.890352 -2.018604 8.536053 22.468498 76.560234 -158.779678 -11.872705 -42.241440 -19.252237 -1.966439 16.093237 -53.386124 -20.609877 14.358742 1.898712 
-236.848618 82.675560 1079.651123 0.000000 11.636453 0.000000 87.834824 0.265868 89.537254 166.118698 -3.057372 144.901825 -1.838151 3.564565 -80.621819 -4.987146 -2.678889 82.519287 0.000002 0.003098 21.480057 -167.581436 5.029359 167.617615 3.604906 -3.370254 -60.322037 4.631765 -1.608804 93.352112 -0.000009 -0.003106 21.470625 0.046595 -0.173321 6.773396 1.674206 1.041666 8.662311 1.567089 0.970339 7.026323 -5.476610 -1.418813 9.032530 -2.090878 8.154860 -7.768006 4.488939 -77.736526 174.526550 26.168644 54.186432 -4.298282 1.197155 -7.108297 -39.577667 23.396881 -1.667787 8.906112 21.533833 76.226044 -159.709747 -11.815540 -42.549145 -19.314081 -1.848300 16.133410 -52.228058 -20.933754 13.813049 2.114215 
-236.502121 82.600853 1081.821777 0.000000 11.605009 0.000000 87.950546 -0.656899 89.177185 166.423965 -2.883047 145.548935 -2.349431 3.545445 -77.993080 -5.485601 -2.452088 82.952919 0.000003 0.003098 21.480751 -167.372833 5.006041 167.638947 3.737345 -3.324682 -59.761448 4.695082 -1.596923 93.126854 -0.000009 -0.003106 21.470728 0.017173 -0.241912 6.800279 1.526782 1.039219 8.719574 1.318671 0.912429 7.002531 -5.557459 -1.065811 8.300534 -1.873932 7.564624 -7.598193 2.969723 -77.785988 176.027939 26.179722 54.331493 -5.227881 1.289866 -6.955101 -39.727306 23.643015 -1.717667 8.976933 20.950985 76.058937 -160.290359 -11.589704 -42.793091 -19.458475 -1.790325 15.948933 -51.222076 -21.254902 13.630154 2.160899 
-236.141449 82.507210 1083.940186 0.000000 11.558080 0.000000 87.964554 -1.945205 88.664810 166.246201 -2.678832 147.177475 -2.712537 3.636285 -73.698715 -6.095706 -1.820723 82.963982 0.000004 0.003099 21.482252 -167.803238 4.886092 165.850555 3.644938 -3.266806 -59.037514 5.090183 -1.668187 92.607010 -0.000009 -0.003106 21.471367 -0.022143 -0.307181 6.930291 1.348508 0.994125 8.619285 1.007176 0.960964 7.001729 -5.291441 -1.118378 8.389924 -0.520291 7.055829 -7.041400 -0.854946 -77.909454 179.846634 26.197916 54.223469 -6.166338 1.445473 -6.850011 -40.473476 23.206629 -1.784814 8.433420 20.776844 76.199707 -160.476456 -11.491104 -43.105968 -19.134743 -2.026447 15.519938 -50.741550 -21.571638 14.259382 2.077171 
-235.749100 82.416267 1086.022705 0.000000 11.435248 0.000000 87.943871 -3.014867 87.919907 165.947464 -2.077783 149.141754 -3.284145 3.702990 -69.451950 -6.774838 -1.444220 83.474792 0.000005 0.003099 21.483133 -168.272827 4.807505 164.001877 3.631584 -3.129275 -58.857246 5.424247 -1.803490 91.749771 -0.000010 -0.003106 21.471678 -0.067772 -0.378461 7.116512 1.278195 1.032436 8.370759 0.571522 0.954795 7.023728 -5.419234 -1.469065 8.790666 1.454373 7.074841 -6.224991 -4.009462 -77.929451 -177.037094 26.220930 53.907795 -7.498668 1.588639 -6.967932 -41.820465 22.509369 -1.590274 7.658579 20.106035 76.401337 -161.169067 -11.469232 -43.426491 -18.593193 -2.253613 15.014980 -50.370148 -22.004143 14.745283 1.875960 
-235.328125 82.318130 1088.055664 0.000000 11.211540 0.000000 87.938637 -3.573132 87.261566 165.960266 -1.559966 150.030380 -3.877065 3.646389 -67.215080 -7.393515 -1.458898 84.604187 0.000006 0.003099 21.483028 -168.545288 4.752914 163.287170 3.766051 -2.951045 -59.113892 5.490180 -1.980070 91.129280 -0.000010 -0.003106 21.470928 -0.117386 -0.414438 7.258862 1.268502 1.047132 8.198982 0.164852 0.873290 7.022680 -5.738600 -1.512258 8.841476 2.212894 7.080202 -6.091177 -4.963605 -77.772835 -176.090683 26.169800 53.344921 -8.485521 1.699638 -7.106958 -42.789658 22.158134 -1.467111 7.045673 18.490870 76.510468 -162.763214 -11.780269 -43.903336 -18.014511 -2.264802 14.754395 -50.132343 -22.435627 14.646949 1.656122 
-234.869507 82.203888 1090.080566 0.000000 10.938519 0.000000 87.986816 -4.119961 86.870316 166.526764 -1.340185 149.848618 -4.022789 3.539708 -65.072716 -7.629435 -1.474385 85.942345 0.000006 0.003099 21.482697 -168.711258 4.815561 163.470093 4.146559 -2.789861 -59.388691 5.393174 -2.065929 90.489838 -0.000010 -0.003106 21.470415 -0.142737 -0.480194 7.339927 1.287062 1.147137 8.103745 -0.184040 0.791000 7.101086 -6.263781 -1.390696 8.590644 2.643860 6.919270 -6.115659 -5.060237 -77.683907 -175.965271 26.648113 52.391365 -8.431635 1.758462 -7.318852 -43.212341 22.394428 -1.415438 6.680906 16.135904 76.566147 -165.101501 -12.240011 -44.076210 -17.560143 -1.998800 14.547238 -49.512280 -23.003166 14.370734 1.420463 
-234.371063 82.065613 1092.101440 0.000000 10.714110 0.000000 87.956139 -4.538530 86.513824 167.064285 -1.003216 149.795715 -4.017549 3.478009 -62.973289 -7.667383 -1.550669 87.111900 0.000007 0.003100 21.481607 -169.094666 4.881612 163.182465 4.557702 -2.590426 -59.143158 5.501878 -2.011892 88.815338 -0.000010 -0.003106 21.470217 -0.146857 -0.556508 7.383575 1.323835 1.234923 8.046391 -0.493976 0.714037 7.235136 -6.683030 -1.301744 8.546647 2.986958 6.745657 -6.049211 -4.649569 -77.718544 -176.362595 26.487347 51.552536 -9.077071 1.851179 -7.603590 -44.029243 23.028944 -1.486361 6.207752 13.311373 76.612701 -167.886032 -12.666982 -44.279438 -16.938234 -1.690224 14.244118 -48.538422 -23.272062 13.934474 1.258848 
-233.838516 81.929382 1094.120361 0.000000 10.545150 0.000000 87.722557 -5.010774 86.205284 166.681915 -0.356779 150.638123 -4.247540 3.527980 -61.796112 -7.606760 -1.458386 87.980949 0.000008 0.003100 21.480431 -169.749924 4.517269 161.652039 4.916947 -2.479770 -58.192955 5.906154 -1.880438 87.488304 -0.000011 -0.003107 21.469893 -0.182918 -0.632611 7.411582 1.386320 1.238059 7.943471 -0.793563 0.629794 7.400483 -6.564254 -1.529548 8.900812 3.740445 6.987998 -5.963837 -2.903703 -77.961578 -178.185165 25.834160 51.086216 -10.222557 1.941790 -7.902210 -45.670147 23.503136 -1.438646 5.475045 10.888590 76.569954 -170.254135 -12.880329 -45.364292 -15.937127 -1.484663 13.805330 -47.462009 -23.600082 13.844432 1.139549 
-233.338501 81.825188 1096.093628 0.000000 10.335607 0.000000 87.589462 -5.105377 85.871284 166.411118 -0.172813 151.778229 -4.283733 3.509675 -61.283459 -7.376986 -1.466057 88.855652 0.000008 0.003100 21.479235 -170.006592 4.196474 160.578918 5.453907 -2.453834 -57.623413 6.178145 -1.742323 86.746918 -0.000011 -0.003107 21.469780 -0.219627 -0.674013 7.434551 1.376614 1.261041 7.879564 -1.056786 0.579139 7.517204 -6.680629 -1.642390 9.127821 4.105312 7.135094 -6.235346 -0.583651 -78.198265 179.410477 25.240242 50.724720 -11.000340 1.951116 -8.200620 -46.847004 23.887630 -1.750261 5.085157 8.805120 76.423653 -172.288559 -13.231073 -46.338379 -14.682266 -1.348026 13.375846 -46.608521 -23.539745 13.839652 0.936206 
-232.858139 81.737419 1098.046875 0.000000 10.076061 0.000000 87.721535 -5.304358 85.758286 166.880295 -0.508068 150.702988 -3.550905 3.308062 -60.651825 -6.528474 -1.622913 91.453430 0.000008 0.003100 21.478453 -169.894974 4.381802 161.752975 5.812810 -2.458950 -58.385075 5.482928 -1.843218 87.185349 -0.000011 -0.003107 21.470699 -0.249843 -0.676008 7.405518 1.287056 1.405342 8.093091 -1.138951 0.623800 7.581271 -7.551690 -1.173445 8.435208 3.128914 6.523201 -6.868250 0.854189 -78.206085 177.965073 24.427546 49.225021 -11.933567 1.752581 -8.641261 -46.192841 24.718794 -1.901395 5.114540 7.731971 76.308220 -173.381775 -14.488369 -46.430702 -13.568086 -1.000687 13.180921 -45.380722 -23.668228 13.687331 0.676824 
-232.350998 81.627258 1100.103638 0.000000 9.880604 0.000000 88.019012 -5.585387 85.879868 167.798813 -0.824819 148.790176 -2.821892 3.117385 -60.640553 -5.529793 -2.127661 91.590195 0.000008 0.003099 21.477278 -169.689667 4.735537 163.400375 6.173270 -2.376745 -59.645004 4.946259 -1.940155 87.691238 -0.000010 -0.003107 21.472147 -0.257605 -0.676864 7.409349 1.103274 1.605233 8.390162 -1.212413 0.708493 7.701607 -8.400985 -0.672485 7.643512 1.889483 6.262400 -7.443315 1.665146 -77.887604 177.161392 23.833578 47.402107 -12.361382 1.460017 -9.139166 -45.047127 25.633926 -1.828679 5.228678 6.741624 76.305443 -174.363174 -16.332281 -46.141827 -12.400679 -0.882268 13.214047 -44.689365 -23.470411 13.536539 0.650907 
-231.802872 81.476059 1102.268921 0.000000 9.769464 0.000000 88.119308 -5.711261 86.056686 168.162262 -0.801125 148.223083 -2.565933 2.961243 -60.710632 -4.897798 -2.475686 92.060638 0.000008 0.003099 21.475986 -170.019348 4.709239 163.143005 6.632335 -2.297974 -59.669163 4.991026 -1.876499 87.365906 -0.000010 -0.003107 21.472755 -0.309213 -0.694960 7.411777 1.005138 1.641441 8.518579 -1.358184 0.742722 7.838668 -8.924600 -0.599102 7.699871 1.260014 6.626618 -7.759477 2.604826 -77.705025 176.172058 23.582136 46.308704 -12.569525 1.342860 -9.403027 -44.990467 26.249004 -1.809316 5.178615 5.391201 76.304245 -175.673325 -17.587006 -46.238506 -11.419245 -0.970846 13.219321 -44.764400 -23.132080 13.724754 0.624699 
-231.254623 81.323204 1104.453613 0.000000 9.664423 0.000000 88.131096 -5.329375 86.156052 168.318008 -0.669301 148.247711 -2.436924 2.856640 -60.771481 -4.505021 -2.679998 92.353409 0.000008 0.003099 21.474865 -170.359573 4.478076 162.255432 7.207080 -2.193806 -58.913719 5.111348 -1.790251 87.058395 -0.000011 -0.003108 21.472589 -0.350718 -0.732264 7.389193 0.957486 1.587679 8.486801 -1.474805 0.765425 7.941410 -9.407096 -0.504136 7.999575 0.690862 7.092077 -8.346110 4.031926 -77.571030 174.686935 23.493303 45.821579 -12.569831 1.327987 -9.579814 -45.242100 26.610460 -1.740950 5.229387 4.325466 76.275543 -176.719818 -18.347263 -46.484875 -10.567950 -0.969466 13.101445 -44.785740 -22.645134 14.107205 0.717980 
-230.740570 81.182579 1106.607666 0.000000 9.535655 0.000000 88.228951 -4.515146 86.261040 168.546295 -0.519019 148.401123 -2.241359 2.768026 -60.750706 -4.035771 -2.838039 92.472969 0.000008 0.003099 21.474455 -170.171814 4.375705 161.733444 7.808746 -2.053782 -58.069645 5.119931 -1.776642 87.169502 -0.000011 -0.003108 21.472639 -0.403929 -0.769728 7.359574 0.910783 1.559609 8.363395 -1.528097 0.811016 8.045544 -9.818571 -0.153088 8.103388 -0.103902 7.443520 -8.989223 5.497009 -77.428047 173.177582 23.200731 45.974144 -12.544071 1.347923 -9.811512 -45.354599 26.949339 -1.759725 5.326029 4.214037 76.132629 -176.848129 -18.987667 -46.513828 -10.028521 -0.891680 12.846079 -44.530972 -22.188354 14.476826 1.067886 
-230.286026 81.052872 1108.743652 0.000000 9.377908 0.000000 88.358116 -3.626724 86.608505 168.490540 -0.470689 149.017303 -1.922065 2.742061 -60.680885 -3.915812 -2.955546 92.234131 0.000007 0.003099 21.474758 -169.830261 4.203126 161.256805 8.350234 -2.013645 -57.122257 4.889643 -1.847790 87.695038 -0.000011 -0.003109 21.472740 -0.437529 -0.806248 7.352679 0.891077 1.566494 8.234224 -1.514974 0.853899 8.147081 -9.994496 0.322889 8.256922 -0.945809 7.777629 -9.614364 6.339125 -77.384941 172.296234 22.796202 46.539146 -12.542045 1.404881 -9.913812 -45.483032 27.411324 -1.960993 5.447510 4.653516 75.923561 -176.436005 -19.386843 -46.468281 -9.761539 -0.843147 12.556482 -44.341785 -21.878311 14.970003 1.570824 
-229.907196 80.934242 1110.869751 0.000000 9.175537 0.000000 88.556068 -3.225912 87.196678 168.255432 -0.645360 150.014679 -1.847813 2.718079 -60.730370 -4.254690 -3.161970 91.210342 0.000007 0.003099 21.475653 -169.694443 3.907508 160.803177 8.701560 -2.082880 -56.237549 4.761366 -1.980111 88.347931 -0.000011 -0.003109 21.472805 -0.422476 -0.860633 7.376383 0.856477 1.514843 8.178972 -1.447306 0.867226 8.157806 -10.054439 0.813426 8.643764 -1.792713 7.897817 -10.057874 6.913148 -77.307098 171.675827 22.739262 47.273129 -12.102659 1.364352 -9.808617 -45.471897 27.765635 -2.494145 5.750850 5.323349 75.690529 -175.819351 -20.044325 -46.602497 -9.315840 -0.875656 12.394757 -44.355721 -21.821732 15.580747 1.947484 
-229.571716 80.834183 1113.015137 0.000000 8.916595 0.000000 88.771568 -3.066325 87.496979 168.205261 -0.811882 150.634979 -1.837362 2.707286 -61.049294 -4.790107 -3.379581 88.585976 0.000006 0.003099 21.476635 -169.455460 3.588388 160.685684 8.633670 -2.221480 -55.750385 4.609628 -2.137645 88.812424 -0.000010 -0.003109 21.473515 -0.405869 -0.892516 7.421079 0.776524 1.402407 8.270940 -1.276563 0.820207 8.098317 -10.039147 1.274430 8.886197 -2.703527 7.727266 -10.376906 8.025276 -77.171394 170.516541 23.171051 48.054371 -11.411041 1.246006 -9.522816 -45.417000 28.107897 -3.414187 6.024665 6.373749 75.589508 -174.850601 -20.725973 -46.836105 -8.846238 -0.910237 12.420063 -44.618500 -21.816448 16.052803 2.225044 
-229.235245 80.749870 1115.234131 0.000000 8.652312 0.000000 88.941414 -2.847641 87.820122 168.139694 -1.028831 150.962387 -1.625095 2.790503 -61.368282 -5.415199 -3.267870 87.249519 0.000006 0.003099 21.477266 -169.162064 3.246872 161.001038 8.022864 -2.284096 -54.747639 4.679304 -2.266046 89.103310 -0.000010 -0.003109 21.475622 -0.396026 -0.852881 7.504891 0.645350 1.236552 8.472128 -0.951306 0.755929 7.873982 -9.783100 1.478044 9.097651 -3.595132 7.150949 -10.009316 8.137663 -77.174965 170.383865 23.826309 49.003983 -10.246966 1.217591 -9.268831 -45.784206 27.820515 -4.743653 5.861586 7.666483 75.742775 -173.592041 -22.130211 -47.091984 -7.733224 -1.031177 12.342229 -45.275623 -21.512667 16.354876 2.376075 
-228.880493 80.680565 1117.472778 0.000000 8.400895 0.000000 88.968918 -2.585687 88.246796 167.801544 -1.756768 151.360580 -1.188933 3.060543 -61.618561 -5.885365 -2.727556 85.884262 0.000006 0.003099 21.478016 -169.261490 3.008758 160.560837 7.408452 -2.312613 -52.554920 5.142941 -2.244800 89.265030 -0.000010 -0.003109 21.477951 -0.386567 -0.774201 7.591052 0.533248 0.990631 8.511000 -0.696688 0.633463 7.601243 -9.138339 1.189952 9.096236 -4.362289 6.484464 -9.085152 6.636091 -77.255898 171.902054 24.643436 49.880955 -8.906260 1.482667 -9.351018 -47.343250 26.661283 -6.786827 5.448293 9.098238 76.187820 -172.115082 -23.442581 -47.412209 -6.621087 -1.195903 12.171818 -46.467468 -21.076574 16.434217 2.288295 
-228.521515 80.627785 1119.652466 0.000000 8.124595 0.000000 88.601547 -2.462260 88.812843 166.952362 -2.293785 151.864960 -1.128480 3.411305 -62.997360 -6.267254 -1.984642 84.473198 0.000005 0.003100 21.479107 -169.701187 2.743381 158.781204 7.198035 -2.329867 -50.216763 5.862981 -2.090279 88.914291 -0.000010 -0.003109 21.480213 -0.398200 -0.696985 7.615952 0.474549 0.654241 8.233697 -0.492787 0.591434 7.473397 -8.160594 0.185623 9.572708 -4.369020 6.315470 -7.865218 4.565129 -77.391571 174.001846 26.088854 50.218998 -6.242914 1.976162 -9.779873 -49.741348 24.462297 -8.742253 5.084122 10.222896 76.926712 -170.916153 -23.102762 -47.406345 -6.548056 -1.310640 12.014001 -48.196583 -20.781788 16.460020 1.895182 
-228.184753 80.586311 1121.757812 0.000000 7.733186 0.000000 88.332054 -2.143670 89.233231 165.862930 -1.759241 152.912323 -1.907466 3.780856 -65.800156 -6.764184 -1.275071 83.569847 0.000005 0.003100 21.479567 -170.174408 2.392463 155.110062 7.068322 -2.253471 -48.075291 6.603996 -1.707249 88.640503 -0.000011 -0.003109 21.481640 -0.431643 -0.648856 7.647657 0.577280 0.329740 7.923714 -0.480817 0.642500 7.545247 -7.405929 -0.839271 10.286363 -3.612585 7.022886 -7.041879 3.384632 -77.398003 175.190414 27.473730 50.023945 -3.144442 2.629348 -10.138075 -52.930233 22.087482 -9.511775 5.005934 11.494795 77.388855 -169.599823 -20.606752 -47.134068 -8.591761 -1.536432 12.152903 -50.129993 -19.847788 16.283979 1.738315 
-227.872711 80.547569 1123.807129 0.000000 7.190926 0.000000 88.371201 -1.657313 89.365807 165.925629 -1.626420 152.918396 -2.016469 3.972635 -66.985268 -6.904453 -0.978794 83.102150 0.000005 0.003100 21.479654 -170.718506 2.276239 154.186432 6.920244 -2.237820 -47.683773 6.583432 -1.373360 89.042656 -0.000012 -0.003109 21.483795 -0.423208 -0.570042 7.650683 0.620461 0.173882 7.833990 -0.395223 0.593683 7.535290 -6.909887 -1.309091 9.848166 -3.745797 7.137656 -6.496015 2.699564 -77.322624 175.922211 28.430111 50.419376 -0.994430 2.867105 -10.486430 -53.930931 21.110046 -10.219317 5.046758 13.132647 77.783501 -167.981552 -19.154446 -46.482811 -9.867651 -1.853871 12.219395 -51.454491 -19.408100 16.390676 1.580207 
-227.585266 80.487656 1125.847778 0.000000 6.605863 0.000000 88.562424 -1.206283 89.271904 166.848236 -2.072586 152.020309 -1.650255 4.039941 -67.368103 -6.764722 -0.976497 82.767937 0.000005 0.003100 21.479475 -171.320892 1.949244 155.655075 6.599527 -2.285060 -48.665558 6.109385 -1.311825 91.148941 -0.000012 -0.003108 21.486206 -0.362077 -0.475113 7.639621 0.581363 0.180656 7.865230 -0.158417 0.445925 7.412050 -6.455283 -1.402917 8.625850 -4.947474 6.658427 -6.325695 2.174366 -77.202209 176.533096 29.114773 51.449104 0.358068 2.772447 -10.671013 -53.039883 20.898615 -10.868050 4.971643 14.845311 77.987572 -166.307053 -18.149786 -45.998154 -10.404193 -2.023119 12.233319 -51.862892 -19.275089 16.509392 1.071698 
-227.312759 80.386650 1127.828003 0.000000 6.046885 0.000000 88.706688 -1.363257 89.354607 166.595749 -1.444878 152.542206 -2.108838 4.027929 -68.562538 -7.268116 -0.687631 82.270866 0.000005 0.003101 21.479895 -171.355484 1.732360 153.273407 6.415956 -2.287100 -48.056725 6.198066 -1.178053 91.056160 -0.000012 -0.003109 21.487822 -0.405859 -0.455794 7.695933 0.680588 0.063188 7.716838 -0.093097 0.401812 7.297339 -6.259984 -1.833368 8.732846 -4.529788 6.804798 -5.842007 0.376284 -77.232841 178.326294 29.708529 51.607380 1.858598 2.937364 -10.702861 -53.983063 19.859211 -11.021183 5.179527 16.821394 78.310852 -164.312561 -16.387300 -45.775898 -11.513461 -2.260186 12.010482 -52.532047 -18.549500 16.365650 1.335999 
-227.036636 80.272057 1129.831055 0.000000 5.372020 0.000000 88.638145 -1.305456 89.187714 165.767517 -0.147422 154.259338 -2.796918 4.059704 -69.968826 -8.494037 -0.369187 81.780357 0.000004 0.003101 21.480898 -170.937744 1.676967 149.334839 6.469208 -2.399654 -47.188808 6.442598 -1.028759 88.920013 -0.000013 -0.003109 21.489094 -0.424560 -0.522698 7.781438 0.892165 -0.256091 7.432178 -0.220528 0.343751 7.116075 -6.203454 -2.656402 9.684454 -3.746862 7.420164 -5.156996 -1.781338 -77.349403 -179.575043 30.281963 51.593014 3.242067 2.995921 -10.145976 -54.732128 18.876999 -10.504664 5.544871 19.540976 78.534645 -161.580429 -14.433193 -45.864346 -12.491143 -2.533014 11.706896 -53.264668 -17.632738 16.429314 1.461249 
-226.737503 80.162857 1131.932983 0.000000 4.521865 0.000000 88.595467 -0.812043 88.930817 165.894348 0.119180 154.139282 -2.633745 4.027881 -69.260681 -8.665618 -0.469414 81.518143 0.000004 0.003101 21.481335 -170.667145 1.339436 149.945755 6.407370 -2.519510 -47.690632 6.175107 -0.980230 88.950752 -0.000013 -0.003109 21.490335 -0.366346 -0.548365 7.754314 0.926742 -0.373434 7.431593 -0.178309 0.193040 6.844568 -6.253539 -2.914967 9.133933 -4.654264 7.346153 -5.221768 -1.838167 -77.583176 -179.533386 30.517441 52.350723 3.874787 2.741974 -9.785690 -53.431404 19.224335 -10.431684 5.639580 22.513239 78.452019 -158.629089 -13.883673 -46.500446 -13.155324 -2.665870 11.586940 -53.315407 -17.936251 16.278185 1.175163 
-226.436829 80.049706 1134.043335 0.000000 3.669932 0.000000 88.774635 -0.076710 88.873833 167.112091 -0.500116 152.004120 -1.589462 3.880461 -68.669136 -7.460024 -0.756256 81.818069 0.000005 0.003101 21.480665 -170.667816 0.935930 153.645401 6.588942 -2.503235 -48.687603 5.608602 -0.997943 91.230247 -0.000013 -0.003108 21.490885 -0.323814 -0.478222 7.590548 0.680281 -0.163978 7.786633 -0.053235 0.104820 6.838352 -6.225924 -2.301488 7.846386 -6.943141 6.632379 -5.766541 1.144003 -77.612572 177.454071 29.991365 53.137959 2.812645 2.636035 -9.967177 -52.290855 19.889505 -10.550742 5.759289 22.590698 78.220627 -158.589584 -14.210877 -46.571793 -13.198268 -2.619742 11.878765 -53.310711 -18.150667 16.074413 1.207325 
-226.149078 79.929413 1136.130859 0.000000 2.951863 0.000000 89.047745 -0.105697 89.430038 168.120193 -0.751352 150.411774 -0.947742 3.851729 -68.119919 -6.834754 -1.135706 81.944656 0.000005 0.003101 21.479502 -170.236511 0.755826 156.101746 6.808450 -2.367996 -49.609989 5.431170 -0.957668 91.535126 -0.000012 -0.003108 21.490801 -0.339564 -0.460259 7.453384 0.465610 0.088930 8.067469 -0.077585 0.091743 6.766190 -6.428018 -1.490966 7.383678 -8.649717 6.032422 -6.059711 5.077772 -77.527161 173.436646 30.342806 53.653175 1.828453 2.495557 -9.847426 -51.475948 20.882561 -10.560535 5.918762 22.273392 78.104774 -158.911667 -15.262030 -46.532978 -12.410508 -2.580982 12.198326 -53.367279 -18.194368 15.518397 1.396869 
-225.864166 79.807129 1138.215210 0.000000 2.369633 0.000000 89.264954 0.189275 89.082687 169.077820 -0.740769 150.420975 -0.872259 3.921766 -66.948280 -6.933338 -1.252046 82.223335 0.000005 0.003101 21.479206 -169.677979 0.394901 157.053558 6.545322 -2.246042 -49.915565 5.451075 -0.929817 91.445641 -0.000011 -0.003108 21.490843 -0.397074 -0.522774 7.407411 0.342872 0.215786 8.237542 -0.214560 0.074932 6.725009 -6.632440 -0.969871 7.613665 -9.245036 5.392746 -5.990370 7.174054 -77.558784 171.260712 31.067835 53.792572 1.464769 2.292919 -9.558917 -51.048603 21.411900 -10.580705 6.080321 22.257998 78.036980 -158.936539 -16.237644 -46.718319 -11.523657 -2.499610 12.326392 -53.297520 -18.401358 15.019568 1.501333 
-225.566055 79.692390 1140.248535 0.000000 1.907103 0.000000 89.478149 0.226578 88.957237 169.974075 -0.689069 150.894608 -1.225912 3.973852 -64.884331 -7.177041 -1.215569 82.656906 0.000005 0.003101 21.479181 -169.289368 0.013231 157.054962 6.133287 -2.193726 -49.833366 5.600499 -1.005100 91.085663 -0.000010 -0.003107 21.491739 -0.477252 -0.582637 7.379623 0.234987 0.316709 8.343726 -0.453717 0.060459 6.740277 -6.661835 -0.816510 7.938361 -9.227762 4.793318 -5.753531 7.151441 -77.632866 171.235275 31.740868 53.664986 1.461223 2.156572 -9.360832 -51.068695 21.752941 -10.708170 6.076528 21.721338 78.091034 -159.475204 -16.995024 -46.607571 -10.579623 -2.384372 12.182988 -52.894993 -18.638393 14.762091 1.499987 
-225.235779 79.573631 1142.228882 0.000000 1.546928 0.000000 89.711830 -0.191652 88.787643 170.772293 -0.659246 151.435867 -1.966394 4.039135 -61.552441 -7.447290 -1.173818 83.142632 0.000006 0.003101 21.478991 -169.000534 -0.097080 156.992828 5.648650 -2.132988 -49.851723 5.721983 -1.108449 90.651047 -0.000010 -0.003107 21.492880 -0.536373 -0.640516 7.366641 0.230318 0.414370 8.364933 -0.796523 0.048664 6.703801 -6.835559 -0.978715 8.313237 -8.575330 4.337819 -5.492989 5.730434 -77.798668 172.677322 31.830961 53.285633 1.412024 2.167686 -9.277886 -51.570808 21.982225 -11.153970 5.712621 21.428768 78.263496 -159.765457 -17.773247 -46.464809 -9.737930 -2.300820 11.767686 -52.295399 -19.447405 14.547908 1.310120 
-224.863083 79.429367 1144.167847 0.000000 1.216606 0.000000 90.087044 -0.973994 88.414650 171.261139 -0.693140 151.893417 -2.578605 4.083357 -58.189335 -7.645511 -1.162270 83.462646 0.000007 0.003102 21.478537 -168.766785 0.132709 156.815689 5.394794 -1.981732 -49.990696 5.823968 -1.061075 88.849976 -0.000009 -0.003107 21.492899 -0.523802 -0.715931 7.383937 0.306649 0.520182 8.288843 -1.083062 0.001982 6.751361 -7.339382 -1.138592 8.482171 -7.744358 4.049710 -5.216464 5.117085 -78.103470 173.343506 31.068216 52.633579 0.468470 2.176324 -9.212015 -52.221638 22.198746 -11.632948 5.405266 20.667791 78.538887 -160.552322 -18.609318 -46.459709 -9.362249 -2.126510 11.331096 -51.137371 -20.579821 14.301973 0.978425 
-224.454880 79.243813 1146.076172 0.000000 0.879236 0.000000 90.350563 -1.941289 87.860359 171.460922 -1.121513 152.154037 -2.880213 4.034629 -55.812328 -7.846142 -1.253340 83.776779 0.000007 0.003102 21.478287 -168.449295 0.521641 156.901016 5.270939 -1.829517 -50.597965 5.914756 -1.039028 88.435455 -0.000008 -0.003107 21.492058 -0.475001 -0.765030 7.438515 0.314076 0.670150 8.188833 -1.363230 -0.086464 6.896748 -7.944451 -1.172050 8.590515 -7.454752 3.918596 -5.342286 5.254056 -78.285332 173.253403 30.336363 51.984447 -0.287016 2.183024 -9.178230 -52.730160 21.975843 -11.730638 5.216715 19.958040 78.772308 -161.285599 -19.295080 -46.502808 -9.182050 -1.915806 10.968412 -50.079311 -21.532187 14.123082 0.661411 
-224.013565 79.028725 1147.975464 0.000000 0.567864 0.000000 90.577477 -2.484819 87.649712 171.539795 -1.445319 151.857437 -3.074660 3.981820 -54.181507 -8.129230 -1.354676 84.016083 0.000007 0.003103 21.477942 -168.042343 0.692631 157.224640 5.172379 -1.709514 -50.835361 5.897333 -1.059639 88.127617 -0.000008 -0.003107 21.491491 -0.452492 -0.784238 7.516025 0.269142 0.759136 8.167296 -1.601889 -0.175359 7.053439 -8.312101 -1.043950 8.784643 -7.570427 3.960689 -5.943747 5.546710 -78.446411 172.956238 29.941406 51.571655 -0.499328 2.260973 -9.229860 -53.400074 21.818289 -11.540894 5.026013 19.495728 78.964935 -161.751358 -19.918766 -46.603401 -8.887651 -1.688062 10.736994 -48.847519 -22.210157 14.323810 0.494852 
-223.542114 78.804932 1149.828125 0.000000 0.286530 0.000000 90.741676 -2.918800 88.261063 171.373718 -1.136201 151.768677 -3.277612 3.954250 -53.453186 -8.280982 -1.366118 84.122841 0.000007 0.003103 21.477827 -167.897522 0.878267 156.175034 5.441237 -1.669349 -50.307354 5.901455 -1.054529 87.411804 -0.000008 -0.003108 21.491549 -0.533018 -0.821092 7.574557 0.206547 0.779512 8.164248 -1.844873 -0.199684 7.088790 -8.422763 -0.830111 9.376241 -7.202502 4.254863 -6.405346 4.969306 -78.743263 173.474686 29.434364 51.434299 -0.844450 2.512051 -9.254396 -54.645245 21.688841 -11.544906 4.827243 18.591402 79.256653 -162.655319 -19.745865 -46.813869 -9.026996 -1.504889 10.586839 -48.291958 -22.316957 14.592994 0.629525 
-223.073486 78.586754 1151.641113 0.000000 -0.052095 0.000000 90.937294 -3.342939 89.272636 170.931564 -0.612483 151.980255 -3.309616 3.904877 -53.468979 -8.418147 -1.294516 84.395630 0.000007 0.003104 21.477308 -168.107269 1.066541 153.859451 6.214238 -1.660493 -49.290367 6.217421 -0.954257 86.406548 -0.000008 -0.003108 21.491415 -0.677783 -0.841052 7.673937 0.121478 0.741627 8.090513 -2.069927 -0.180458 7.124382 -8.534286 -0.631390 10.234902 -6.441785 4.703361 -6.872886 3.465867 -79.099831 174.898972 28.683081 51.370930 -1.289980 2.981609 -9.496225 -56.618927 21.375158 -11.507260 4.475012 16.600361 79.437157 -164.639084 -19.320469 -47.172714 -9.137527 -1.355561 10.525554 -48.517956 -22.010845 14.994067 0.821235 
-222.630234 78.391647 1153.410400 0.000000 -0.523435 0.000000 91.143532 -3.196106 89.923828 170.735397 -0.144025 151.927292 -3.631224 3.864562 -53.912907 -8.430064 -1.304484 85.583504 0.000007 0.003104 21.476265 -168.562119 1.191501 151.744873 7.256901 -1.546412 -48.260601 6.842958 -0.709983 85.411774 -0.000009 -0.003109 21.490431 -0.831585 -0.855933 7.835346 0.061313 0.708735 8.028349 -2.220258 -0.104352 7.170443 -8.660829 -0.512992 11.151236 -5.392591 5.215053 -7.658921 2.592684 -79.230598 175.668808 28.807636 51.028568 -1.417406 3.576258 -9.823208 -59.297371 20.777950 -11.462371 4.556940 13.102310 79.617874 -168.124954 -19.294394 -47.526325 -8.594818 -1.226261 10.498749 -49.007061 -21.402096 15.448943 1.143010 
-222.237823 78.222115 1155.161377 0.000000 -1.143594 0.000000 91.264427 -3.147067 89.834846 170.975937 0.068903 151.052155 -3.784278 3.825517 -53.871277 -8.032945 -1.526099 86.547325 0.000008 0.003104 21.475180 -168.873657 1.333301 151.281662 7.896001 -1.509391 -48.280132 7.069024 -0.626612 85.022514 -0.000009 -0.003109 21.490015 -0.923572 -0.868000 7.903424 0.025480 0.752864 8.138675 -2.342264 0.004660 7.344313 -8.853655 -0.174427 11.779660 -5.113141 5.159000 -8.246108 2.928944 -79.161598 175.294052 29.223633 50.651012 -1.303313 3.973920 -10.263656 -60.970684 20.780640 -11.265440 4.834147 10.468377 79.497803 -170.756653 -19.978655 -47.172230 -7.405922 -1.129272 10.588112 -49.259003 -20.888996 15.775122 1.446426 
-221.883469 78.084251 1156.910400 0.000000 -1.800241 0.000000 91.119995 -3.490307 89.206642 171.436829 -0.173388 149.575607 -3.334136 3.760985 -53.493881 -7.383043 -1.906791 86.745026 0.000008 0.003104 21.474680 -168.850464 1.401596 152.531952 7.870165 -1.548545 -48.589130 6.717504 -0.793340 85.604210 -0.000008 -0.003109 21.490210 -0.908984 -0.873654 7.869829 0.069402 0.843543 8.306440 -2.426960 0.124380 7.619740 -9.074172 0.285875 11.237725 -5.834857 4.653493 -8.465322 3.965294 -78.907539 174.250092 28.331846 49.927948 -2.397369 3.944794 -10.750642 -60.732483 21.517889 -11.364771 4.833568 9.642165 79.214783 -171.570786 -20.985136 -46.410473 -6.789748 -1.279800 10.587893 -49.008808 -20.759176 15.807905 1.793281 
-221.545029 77.966652 1158.634521 0.000000 -2.395727 0.000000 90.963005 -4.092893 88.390823 171.396408 -0.328828 148.324738 -3.000282 3.669966 -53.351093 -6.918488 -2.333862 86.774963 0.000008 0.003104 21.474056 -168.883270 1.110945 153.459717 7.746236 -1.611281 -49.348942 6.257179 -0.953144 86.390289 -0.000008 -0.003109 21.490107 -0.856010 -0.924356 7.922948 0.155094 0.844879 8.331336 -2.497831 0.189268 7.872528 -8.944925 0.766387 10.734412 -6.967361 4.349707 -8.365955 5.764546 -78.613503 172.431946 27.509787 49.205570 -3.421661 3.742020 -10.905212 -59.815346 22.510302 -11.167566 4.712048 10.143347 78.669243 -171.026779 -20.958244 -45.418533 -7.137451 -1.338265 10.605841 -48.777042 -21.317102 15.629757 2.053724 
-221.210144 77.851433 1160.298584 0.000000 -2.941500 0.000000 91.014557 -4.123431 87.940712 171.181015 -0.268318 148.038544 -2.952448 3.628134 -53.573090 -6.984471 -2.495631 87.177673 0.000008 0.003104 21.473349 -168.870544 0.905521 154.042511 7.911192 -1.630544 -49.617531 6.215406 -1.057870 87.018623 -0.000008 -0.003109 21.489988 -0.850650 -0.967104 8.015132 0.239837 0.839035 8.392771 -2.569725 0.209650 8.002795 -8.795486 1.101865 10.919512 -7.422292 4.343771 -8.247096 7.713183 -78.578896 170.449722 27.425400 49.080837 -3.496568 3.659430 -11.059906 -59.950512 22.726048 -10.683125 4.802874 10.258335 78.417763 -170.923676 -20.698969 -45.103878 -7.426719 -1.287966 10.570666 -48.593578 -21.557741 15.634710 2.322909 
-220.895889 77.752266 1161.935669 0.000000 -3.480369 0.000000 91.038071 -3.822661 87.689598 171.104309 -0.199354 148.074692 -2.888761 3.619025 -53.841152 -7.151455 -2.567616 87.293228 0.000008 0.003104 21.473131 -168.755905 0.612715 154.180252 7.889028 -1.621500 -49.555962 6.222616 -1.119803 87.498138 -0.000007 -0.003109 21.490110 -0.850574 -0.973582 8.073845 0.276620 0.794985 8.444892 -2.589079 0.214506 7.986753 -8.753298 1.279368 11.057482 -7.997239 4.316227 -8.145238 8.760559 -78.611031 169.391647 27.629662 49.232422 -3.184960 3.626190 -11.124914 -60.310108 22.864958 -10.532885 4.828718 10.411943 78.290367 -170.789963 -20.349388 -45.133091 -7.857240 -1.232514 10.463244 -48.455528 -21.733707 15.937025 2.531383 
-220.601410 77.670097 1163.543091 0.000000 -4.026016 0.000000 90.981216 -3.317559 87.593948 171.188217 -0.250952 148.526566 -2.809082 3.635292 -54.373055 -7.410721 -2.552620 87.046471 0.000008 0.003103 21.473364 -168.530777 0.263751 154.303787 7.733499 -1.646903 -49.336693 6.156488 -1.181674 88.125908 -0.000007 -0.003109 21.490299 -0.840289 -0.966071 8.103540 0.309694 0.743342 8.428704 -2.523911 0.213260 7.860179 -8.762424 1.478962 11.045445 -8.868599 4.347424 -7.910325 9.753202 -78.556152 168.402328 27.525557 49.719101 -3.219605 3.514325 -11.153689 -60.353344 22.992725 -10.552018 4.808447 11.102353 78.257858 -170.122467 -19.889450 -45.252769 -8.340858 -1.176219 10.307174 -48.243767 -21.785093 16.290293 2.728033 
-220.310303 77.602615 1165.095459 0.000000 -4.552503 0.000000 90.875732 -2.573574 87.609612 171.442429 -0.249974 149.414474 -2.714942 3.623577 -55.441769 -7.884143 -2.476656 86.509575 0.000008 0.003103 21.474005 -168.296432 -0.103890 154.153214 7.547405 -1.707143 -49.136028 6.095012 -1.225706 88.869148 -0.000007 -0.003109 21.490316 -0.810520 -0.957599 8.105360 0.338085 0.675347 8.300893 -2.418693 0.197777 7.700240 -8.855195 1.725763 11.080634 -9.933512 4.392771 -7.487364 10.619701 -78.479759 167.545532 27.061291 50.528049 -3.748845 3.220989 -11.161866 -59.849815 23.000660 -10.749406 4.842966 12.609255 78.306984 -168.631470 -19.166277 -45.445076 -9.044642 -1.105096 10.132061 -47.851086 -21.540613 16.669857 2.965559 
-220.007538 77.548439 1166.600220 0.000000 -5.040591 0.000000 90.862495 -1.659396 87.749069 171.372528 -0.408886 150.625656 -2.570543 3.630625 -56.536118 -8.590278 -2.320592 86.231262 0.000008 0.003103 21.474785 -167.919174 -0.204238 153.267609 7.412835 -1.751587 -48.693546 6.199763 -1.243224 90.699211 -0.000007 -0.003109 21.489906 -0.801339 -0.907401 8.102002 0.346899 0.584845 8.145988 -2.263147 0.150219 7.589276 -9.153627 1.815696 11.350664 -10.730615 4.510190 -7.141468 10.662007 -78.595535 167.498535 26.715796 51.243149 -4.140449 2.939209 -11.148453 -59.496075 22.575327 -11.248236 4.859373 14.583481 78.545914 -166.643829 -18.797546 -45.787140 -9.448727 -1.057259 9.960145 -47.603741 -21.138947 17.121330 3.102917 
-219.695908 77.504311 1168.081665 0.000000 -5.552146 0.000000 91.059525 -0.851363 88.145370 170.958435 -0.771873 151.567337 -2.344457 3.706846 -57.274094 -9.237588 -2.036033 86.071754 0.000008 0.003103 21.475342 -167.786621 0.024306 151.259766 7.360013 -1.732007 -47.677319 6.334188 -0.987844 89.234993 -0.000007 -0.003109 21.489321 -0.848041 -0.805835 8.139915 0.361469 0.443808 8.040236 -2.156430 0.110820 7.558588 -9.392321 1.543614 11.534925 -10.789776 4.502962 -7.496511 9.483414 -78.942123 168.667877 27.110884 51.504017 -3.481332 2.919271 -11.291616 -59.869568 21.984169 -12.050958 4.692045 15.652877 78.833092 -165.546646 -19.228636 -46.344673 -8.584784 -1.039282 9.863226 -48.021023 -20.872911 17.598326 2.813786 
-219.364853 77.465057 1169.525757 0.000000 -6.183093 0.000000 91.317810 0.111042 88.708702 170.708862 -1.272471 152.215927 -2.032268 3.855151 -57.886814 -9.624239 -1.680810 85.974190 0.000007 0.003104 21.475725 -168.036484 0.544493 149.125198 7.616831 -1.758690 -47.210266 6.198738 -0.728058 89.176208 -0.000007 -0.003109 21.488485 -0.825949 -0.679703 8.198439 0.319448 0.375526 7.852357 -1.979441 0.006250 7.653911 -9.205789 1.033770 11.366391 -10.340382 4.536331 -8.251371 8.045340 -79.226501 170.060074 27.769619 51.449028 -2.654581 3.091847 -11.699520 -60.605213 21.314558 -12.825470 4.444576 16.588930 79.156715 -164.571747 -19.167847 -46.873043 -8.239402 -1.083231 9.899890 -48.497429 -20.467546 17.729813 2.178860 
-219.028381 77.405258 1170.920776 0.000000 -6.949332 0.000000 91.406250 0.624018 89.257950 170.512146 -1.462702 152.765472 -1.728446 3.926454 -58.465179 -9.625364 -1.309307 85.763626 0.000006 0.003104 21.475822 -168.461166 0.584281 147.745117 7.701988 -1.817359 -48.325848 6.135495 -0.583304 88.961929 -0.000008 -0.003109 21.487778 -0.704617 -0.548400 8.186321 0.163449 0.312478 7.557404 -1.831030 -0.264966 7.775149 -8.871340 0.387978 10.561354 -10.076819 4.736042 -8.991711 6.706114 -79.247704 171.378479 28.055349 51.579849 -2.430298 2.952759 -12.126559 -60.305958 20.868574 -13.401292 4.078760 17.927900 79.510269 -163.200516 -18.347311 -47.196129 -8.941420 -1.111812 10.025172 -48.450863 -19.916367 17.978575 1.505712 
-218.690247 77.331215 1172.201660 0.000000 -7.828186 0.000000 91.455193 0.756744 89.804077 169.859619 -1.928847 153.905472 -1.619194 3.987721 -58.865013 -9.608053 -1.075326 85.732613 0.000005 0.003105 21.475914 -168.824539 0.402090 146.894028 7.650806 -1.826139 -49.847313 6.352126 -0.441742 88.947769 -0.000009 -0.003109 21.486536 -0.564465 -0.440699 8.168230 0.013860 0.262966 7.303743 -1.722616 -0.498563 7.813578 -8.546268 -0.167833 9.621428 -10.100266 5.173021 -9.459961 5.388078 -79.314613 172.711578 28.247124 52.109425 -2.371125 2.634753 -12.291924 -58.813759 20.387691 -13.646354 3.737288 18.928473 79.681755 -162.172821 -17.420874 -47.259407 -9.723257 -1.078337 10.007397 -47.772015 -19.664183 18.239916 0.886170 
-218.354294 77.252007 1173.338745 0.000000 -8.778869 0.000000 91.396179 0.406987 89.661964 168.226791 -2.976984 155.746597 -1.658828 4.004855 -59.063667 -9.797755 -1.264770 85.860718 0.000005 0.003105 21.476233 -168.989639 0.136933 145.600067 7.607643 -1.902829 -51.679867 6.485662 -0.152636 89.041077 -0.000010 -0.003109 21.485416 -0.449206 -0.385411 8.095625 -0.151082 0.120214 7.000598 -1.731840 -0.487062 7.850657 -8.539238 -0.540878 8.936623 -10.198955 5.624475 -9.995973 4.119836 -79.392471 174.031021 28.976475 53.133465 -1.847961 2.079251 -12.440973 -56.281090 19.872978 -13.544535 3.573175 19.217445 79.563713 -161.877380 -16.964931 -46.973717 -10.335309 -1.055276 10.005636 -47.224751 -19.283108 17.825573 0.096118 
-218.045731 77.179390 1174.403687 0.000000 -9.776515 0.000000 91.257965 0.216386 89.249275 167.243057 -3.732816 156.833481 -1.619748 3.956722 -59.372181 -9.888196 -1.385189 86.191658 0.000004 0.003105 21.476715 -168.940765 0.150456 144.981354 7.573437 -1.872053 -52.893440 6.653967 -0.026032 90.761292 -0.000010 -0.003108 21.484541 -0.370239 -0.348592 8.071883 -0.275821 0.086422 6.769979 -1.733919 -0.455025 7.941766 -8.792623 -0.546016 8.758116 -10.219895 5.952515 -10.159027 3.641382 -79.422531 174.541885 29.015896 53.581104 -2.092962 1.605025 -12.490232 -54.404037 19.511358 -13.307168 3.390109 19.236242 79.339760 -161.862473 -16.060934 -46.846645 -11.205750 -1.107612 9.871264 -47.115868 -18.964130 17.705074 -0.196632 
-217.762466 77.109299 1175.445801 0.000000 -10.813772 0.000000 91.105476 0.592019 89.166245 168.070023 -3.417842 155.774948 -1.715602 3.782973 -60.154232 -9.325335 -1.142859 86.633690 0.000005 0.003104 21.477415 -169.148132 0.753698 145.804443 7.883311 -1.760763 -52.815414 7.030033 -0.416801 91.031143 -0.000009 -0.003108 21.483521 -0.385575 -0.371993 8.100648 -0.326938 0.283303 6.973199 -1.487209 -0.621945 7.994547 -9.030512 -0.134565 8.641013 -10.954232 6.155144 -9.174775 3.993006 -79.417038 174.182068 25.510525 52.852982 -5.671347 1.405136 -12.233910 -55.118271 19.659046 -13.402692 3.414204 18.420109 79.412819 -162.693832 -15.064116 -47.251625 -11.722974 -1.389025 9.516393 -47.907288 -19.365648 18.646984 0.345468 
-217.497253 77.033295 1176.454468 0.000000 -11.881363 0.000000 91.018143 0.595940 89.125099 168.510788 -3.114567 154.994736 -1.606035 3.725356 -61.093838 -9.014388 -1.105266 87.203667 0.000005 0.003104 21.478197 -169.293213 1.208575 146.372009 7.995004 -1.830812 -53.280060 7.034594 -0.644588 91.183434 -0.000009 -0.003107 21.482458 -0.353124 -0.365642 8.106841 -0.377455 0.368794 7.041659 -1.369101 -0.704624 8.087859 -9.158387 0.243605 8.425657 -11.431892 6.312495 -8.802947 4.750140 -79.309731 173.429169 24.071291 52.353085 -7.445218 1.172163 -12.199887 -55.151478 19.870392 -13.464032 3.464404 18.585909 79.329597 -162.506302 -14.293569 -47.512997 -12.321738 -1.501954 9.242817 -48.471069 -19.829714 18.924496 0.563906 
-217.259552 76.949486 1177.435669 0.000000 -12.930991 0.000000 90.976906 0.719048 89.193008 168.762787 -2.737396 154.350006 -1.473749 3.697246 -61.908859 -8.861795 -1.106520 87.671669 0.000005 0.003104 21.478928 -169.348389 1.498139 146.528839 7.995987 -1.962949 -53.660557 6.986351 -0.780625 91.332306 -0.000008 -0.003107 21.481361 -0.337327 -0.366482 8.093378 -0.364455 0.393143 7.043056 -1.286262 -0.744384 8.135251 -9.220660 0.518803 8.223451 -11.674255 6.343789 -8.526175 5.225278 -79.264435 172.973099 23.416662 51.890411 -8.504369 0.945031 -12.203029 -54.922756 20.419167 -13.505826 3.515361 19.085155 79.144035 -161.964691 -13.599944 -47.853443 -12.948872 -1.521416 9.112032 -48.806728 -20.122776 18.969606 0.663364 
-217.041473 76.870438 1178.395386 0.000000 -13.949189 0.000000 90.932121 0.670815 89.350212 168.875946 -2.281797 154.004105 -1.383328 3.676464 -62.470451 -8.747168 -1.068043 87.899109 0.000006 0.003103 21.479670 -169.421280 1.527656 146.204346 7.922504 -2.068487 -53.716091 7.034167 -0.780440 91.317032 -0.000008 -0.003106 21.480637 -0.366685 -0.358167 8.082529 -0.360234 0.385002 7.059575 -1.226993 -0.721223 8.117017 -9.124957 0.543773 8.334981 -11.340126 6.367825 -8.242339 5.004891 -79.347672 173.214340 23.440577 51.411465 -8.873755 0.838249 -12.202916 -55.153473 20.854214 -13.573637 3.626228 19.400566 78.990601 -161.601715 -13.014450 -48.034294 -13.378891 -1.481050 9.062971 -49.164719 -20.359520 19.004482 0.733040 
-216.836136 76.796494 1179.349243 0.000000 -14.958889 0.000000 90.883568 0.614707 89.583794 168.753098 -1.911678 153.788818 -1.397790 3.657943 -62.940250 -8.687450 -1.057854 88.140533 0.000006 0.003103 21.480345 -169.399399 1.547425 145.668594 7.882047 -2.147486 -53.706276 7.134590 -0.667604 91.235008 -0.000008 -0.003106 21.480251 -0.426769 -0.356710 8.064970 -0.351940 0.381209 7.128905 -1.205783 -0.674994 8.053029 -8.934521 0.520805 8.625916 -10.731810 6.375358 -8.017728 4.295455 -79.549187 173.950272 23.730749 50.742016 -8.873640 0.796914 -12.209814 -55.604485 21.213541 -13.699051 3.699735 19.493221 78.907005 -161.472321 -12.629398 -48.072277 -13.689585 -1.449607 9.029260 -49.558334 -20.671331 19.075891 0.798691 
-216.636948 76.728844 1180.310669 0.000000 -15.993160 0.000000 90.814651 0.410044 89.798126 168.596283 -1.712900 153.630005 -1.464327 3.637542 -63.271229 -8.690514 -1.094191 88.355263 0.000006 0.003103 21.480886 -169.268661 1.651182 145.171417 7.888020 -2.176658 -53.787018 7.215680 -0.569997 91.187454 -0.000007 -0.003106 21.479971 -0.487976 -0.378807 8.060125 -0.344311 0.386350 7.184496 -1.263038 -0.633978 7.982201 -8.854117 0.613372 8.958524 -10.033503 6.312766 -7.842716 3.546929 -79.756836 174.739044 23.799866 50.073925 -9.071499 0.662501 -12.212933 -55.762596 21.544977 -13.778936 3.748503 19.408646 78.882217 -161.528717 -12.478279 -48.133766 -13.798596 -1.440975 9.007765 -49.882313 -21.030197 19.050503 0.834970 
-216.447113 76.660713 1181.287476 0.000000 -17.054186 0.000000 90.747719 -0.192371 89.780159 168.531845 -1.532739 153.495407 -1.672416 3.628189 -62.978882 -8.566672 -1.065802 88.368225 0.000007 0.003103 21.480869 -169.190659 1.586308 144.653564 7.887479 -2.160326 -53.763504 7.296319 -0.435088 91.234543 -0.000007 -0.003106 21.479666 -0.529813 -0.376747 8.056500 -0.330486 0.392206 7.280272 -1.405764 -0.613963 7.904898 -8.806466 0.565123 9.228753 -9.000045 6.157633 -7.882233 2.817071 -79.984856 175.509689 24.099077 49.433025 -8.782685 0.633324 -12.238117 -55.938019 21.903456 -13.874474 3.754330 19.198347 78.943024 -161.706573 -12.843928 -48.082577 -13.302414 -1.423012 9.077697 -50.197628 -21.233435 18.884207 0.854535 
-216.266327 76.589378 1182.283447 0.000000 -18.145744 0.000000 90.703392 -0.725087 89.896049 168.441086 -1.457878 153.299393 -1.989015 3.576628 -62.364902 -8.189448 -1.005539 88.300995 0.000007 0.003102 21.480288 -169.259689 1.425886 144.477829 7.694237 -2.180494 -53.883072 7.569161 -0.259866 91.211510 -0.000007 -0.003106 21.479267 -0.566942 -0.348951 8.074126 -0.328760 0.388344 7.360520 -1.562704 -0.598052 7.874947 -8.575304 0.380481 9.192389 -7.728285 5.809976 -8.008836 2.056879 -80.231308 176.306458 24.208357 48.946743 -8.504507 0.640994 -12.383410 -55.915913 22.056490 -14.025568 3.689708 18.744274 79.079308 -162.133926 -13.351789 -47.920071 -12.670183 -1.373079 9.244852 -50.224407 -21.273809 18.773720 0.778015 
-216.084869 76.518059 1183.266968 0.000000 -19.257576 0.000000 90.691093 -1.150995 89.846657 168.471848 -1.446400 152.695969 -2.296389 3.466788 -62.012848 -7.641352 -0.942033 88.067772 0.000008 0.003102 21.479683 -169.375885 1.385423 144.951035 7.359858 -2.245522 -54.367271 7.807739 -0.169270 91.178780 -0.000007 -0.003106 21.478901 -0.583182 -0.320160 8.102057 -0.361925 0.428258 7.470336 -1.660301 -0.558404 7.824983 -8.326553 0.267912 8.820232 -6.766002 5.483218 -8.067671 0.716011 -80.392822 177.699783 23.931995 48.328762 -8.474631 0.622727 -12.672142 -55.619553 22.311966 -13.802449 3.787571 19.037098 79.340401 -161.795441 -13.621253 -47.730347 -12.806329 -1.356110 9.485064 -50.258030 -20.960775 18.823153 0.834125 
-215.915497 76.454582 1184.204468 0.000000 -20.352127 0.000000 90.665138 -1.548937 89.544991 168.614197 -1.471122 151.999039 -2.362004 3.406159 -61.761448 -7.049997 -0.818203 88.046181 0.000008 0.003102 21.479307 -169.453903 1.534531 145.914810 6.977429 -2.411109 -55.453556 7.929204 -0.076202 91.162933 -0.000007 -0.003106 21.478823 -0.574866 -0.302578 8.140537 -0.387884 0.468513 7.529102 -1.724092 -0.544707 7.846555 -8.189254 0.096312 8.088711 -6.432763 5.215334 -7.785696 -0.213801 -80.426277 178.705887 23.481133 47.592281 -8.749726 0.649318 -13.019726 -55.516953 22.694679 -13.380622 3.979266 19.262878 79.582726 -161.539932 -13.879356 -47.514606 -13.290711 -1.309183 9.642777 -50.317104 -20.782209 18.720272 0.938394 
-215.760620 76.384857 1185.114502 0.000000 -21.400736 0.000000 90.766907 -2.611159 88.895401 168.144989 -1.873025 151.849426 -1.788636 3.527812 -61.019287 -7.073806 -0.689300 87.865173 0.000008 0.003101 21.478962 -168.994370 1.846969 146.972183 7.025951 -2.362992 -56.651802 7.634364 0.222903 91.352371 -0.000007 -0.003105 21.479847 -0.501341 -0.304861 8.101621 -0.654534 0.399173 7.336342 -1.794061 -0.659350 8.036412 -8.017710 -0.369777 7.654445 -6.635077 5.044995 -7.081018 -0.128822 -80.124573 178.736877 23.089598 46.946369 -9.410685 0.931881 -13.136782 -56.044098 21.969175 -13.687541 3.591032 16.734604 79.569824 -164.154282 -15.684709 -46.574955 -11.588269 -1.136918 9.643894 -50.595543 -21.294271 18.282784 1.244969 
-215.599686 76.247879 1186.198364 0.000000 -22.419609 0.000000 90.749405 -3.159602 88.599258 167.807846 -2.048376 151.353592 -1.383183 3.547769 -60.984974 -6.992748 -0.720706 87.328827 0.000008 0.003101 21.479223 -168.953827 1.932912 147.949631 6.948244 -2.471560 -57.571476 7.193357 0.202731 91.700188 -0.000007 -0.003105 21.480225 -0.448611 -0.310934 8.110462 -0.712885 0.353261 7.270452 -1.802831 -0.729359 8.088458 -7.907254 -0.533373 7.177336 -6.584032 4.911206 -6.539114 0.228303 -80.032310 178.460968 22.910206 46.946625 -9.565787 0.996872 -13.202728 -55.820831 22.147284 -13.836932 3.619524 15.611524 79.482262 -165.319153 -16.328732 -46.057472 -11.037936 -0.960387 9.751016 -50.537449 -21.455654 17.968681 1.437492 
-215.457397 76.087730 1187.342529 0.000000 -23.400723 0.000000 90.671249 -3.303660 88.528503 167.497375 -2.049828 150.816452 -0.954632 3.511060 -61.702274 -6.933716 -0.858667 86.816711 0.000008 0.003101 21.479729 -168.913788 1.943542 148.472931 6.961615 -2.643779 -58.279274 6.668563 0.085979 91.965385 -0.000007 -0.003105 21.480169 -0.422564 -0.327080 8.134650 -0.693574 0.344805 7.174413 -1.706517 -0.744112 8.125771 -8.036768 -0.465553 6.747993 -6.825200 4.807659 -5.920549 0.200498 -79.866272 178.563278 22.438288 47.257877 -10.202821 0.893439 -13.206695 -55.253685 22.641474 -13.770887 3.676744 15.615497 79.298378 -165.315628 -16.248194 -46.224083 -11.348465 -0.869380 9.735146 -50.544407 -21.289270 17.706579 1.619034 
-215.358780 75.925858 1188.527832 0.000000 -24.353437 0.000000 90.554359 -3.351820 88.510864 167.142609 -2.092306 150.448669 -0.603286 3.462245 -62.726410 -6.976374 -1.011837 86.483444 0.000008 0.003100 21.480244 -168.886826 2.058415 148.627243 6.996376 -2.794402 -58.816490 6.213400 -0.058764 92.108673 -0.000007 -0.003105 21.479778 -0.413659 -0.326633 8.153942 -0.659888 0.328928 7.074520 -1.581825 -0.720210 8.161851 -8.143250 -0.317979 6.454128 -6.941112 4.746623 -5.427716 -0.161360 -79.763283 178.992355 22.019508 47.574780 -10.949635 0.733539 -13.196678 -54.605961 23.059750 -13.665106 3.676584 15.462815 79.094048 -165.460190 -16.043543 -46.536873 -11.849277 -0.834879 9.755241 -50.723938 -21.109592 17.493708 1.703403 
-215.319275 75.768852 1189.752441 0.000000 -25.294664 0.000000 90.474899 -3.414316 88.525299 166.761734 -2.112128 150.228851 -0.531499 3.432903 -63.346340 -6.907059 -1.114869 86.322945 0.000008 0.003100 21.480362 -168.882736 2.149374 148.606018 6.916591 -2.875640 -59.171768 5.916620 -0.109744 92.125511 -0.000007 -0.003105 21.479511 -0.426518 -0.311131 8.170631 -0.649558 0.288788 7.013902 -1.495335 -0.677706 8.190903 -8.086865 -0.432673 6.342762 -6.646266 4.735541 -5.077099 -0.919890 -79.749123 179.802002 21.757467 47.603477 -11.380133 0.677630 -13.181023 -54.409470 23.181395 -13.623850 3.653348 14.851364 78.991875 -166.068329 -16.166311 -46.769947 -11.976460 -0.753273 9.875166 -50.902390 -20.859028 17.446493 1.770828 
-215.331909 75.612404 1191.019653 0.000000 -26.220791 0.000000 90.427551 -3.551405 88.504028 166.436676 -2.147754 149.839706 -0.619138 3.439120 -63.981945 -6.827588 -1.212414 86.231567 0.000008 0.003099 21.480516 -168.959030 2.331133 148.462860 6.793283 -2.955955 -59.239334 5.677686 -0.143805 92.045609 -0.000007 -0.003105 21.479321 -0.446699 -0.286503 8.189417 -0.669412 0.241173 6.950718 -1.431832 -0.620460 8.216236 -7.975713 -0.638595 6.410858 -6.358399 4.662619 -4.751637 -1.452766 -79.722862 -179.621689 21.531052 47.398842 -11.603355 0.796155 -13.198604 -54.649315 23.226854 -13.539451 3.599825 14.343456 78.921234 -166.572342 -16.633579 -46.948662 -11.832928 -0.668318 10.064783 -51.124084 -20.604164 17.422586 1.818989 
-215.398361 75.459145 1192.334351 0.000000 -27.124851 0.000000 90.426086 -3.787434 88.436089 166.080734 -2.114069 149.319641 -0.585709 3.442836 -64.800835 -6.638675 -1.311628 85.950813 0.000008 0.003099 21.480551 -169.002747 2.566073 148.318130 6.622137 -3.022381 -59.205048 5.472925 -0.246766 91.839172 -0.000007 -0.003105 21.478981 -0.465132 -0.262476 8.199059 -0.688652 0.195002 6.900749 -1.397039 -0.573111 8.285706 -7.966140 -0.816098 6.401905 -6.388484 4.496740 -4.475833 -1.545796 -79.632324 -179.484055 21.333807 47.113728 -11.732807 0.906757 -13.251357 -54.808384 23.351198 -13.218557 3.666717 14.012647 78.856255 -166.885727 -17.029690 -47.197426 -11.857120 -0.575739 10.288596 -51.287476 -20.314980 17.325361 1.887068 
-215.537842 75.312111 1193.707642 0.000000 -28.004585 0.000000 90.401917 -3.983044 88.404320 165.740906 -2.190078 149.113190 -0.549833 3.411500 -65.677551 -6.594431 -1.406371 85.541336 0.000008 0.003099 21.480387 -169.001785 2.780795 148.345551 6.459940 -3.064769 -59.169086 5.293275 -0.398009 91.740776 -0.000007 -0.003105 21.478743 -0.471893 -0.250197 8.216043 -0.734572 0.187498 6.881573 -1.384023 -0.532392 8.371090 -7.980914 -1.016176 6.490762 -6.456072 4.099209 -4.120385 -1.492511 -79.537071 -179.494476 21.319235 46.897884 -11.782576 0.968191 -13.303178 -54.777458 23.470852 -12.823451 3.842967 13.631155 78.752785 -167.236298 -17.587593 -47.411030 -11.681055 -0.493188 10.409342 -51.335712 -20.059326 17.174915 1.977695 
-215.757278 75.171616 1195.135498 0.000000 -28.869873 0.000000 90.350746 -4.192783 88.435875 165.353317 -2.254171 149.091690 -0.549014 3.365114 -66.293243 -6.538463 -1.498412 85.066963 0.000008 0.003098 21.480162 -169.059341 2.886559 148.531433 6.307400 -3.107969 -59.306114 5.085763 -0.567566 91.672195 -0.000007 -0.003105 21.478670 -0.474901 -0.235510 8.222066 -0.755594 0.177071 6.900847 -1.382723 -0.476151 8.415477 -7.948725 -1.222448 6.497367 -6.548994 3.672582 -3.982310 -1.603239 -79.458549 -179.345444 21.450571 46.901768 -11.569481 1.004636 -13.292102 -54.586941 23.516027 -12.463673 4.065050 12.995776 78.633263 -167.847412 -18.317629 -47.627590 -11.375280 -0.386606 10.475827 -51.135796 -19.922211 16.941265 2.018433 
-216.056488 75.037636 1196.600830 0.000000 -29.718651 0.000000 90.343201 -4.578922 88.500870 164.997162 -2.313066 149.137177 -0.563261 3.344295 -66.731422 -6.420835 -1.597581 84.605629 0.000008 0.003098 21.479950 -169.157043 2.936635 148.772141 6.200305 -3.156464 -59.593636 4.881847 -0.672982 91.621498 -0.000007 -0.003105 21.478590 -0.468485 -0.214841 8.234796 -0.751710 0.155061 6.923800 -1.377614 -0.447225 8.432158 -7.887937 -1.453681 6.479853 -6.499331 3.318632 -4.020139 -1.828346 -79.364174 -179.084534 21.627968 47.021725 -11.291115 1.039713 -13.301321 -54.274193 23.502110 -12.077890 4.305853 12.118742 78.543411 -168.717834 -19.031258 -47.716854 -11.123222 -0.285363 10.579915 -50.781425 -19.788767 16.560308 2.061176 
-216.433502 74.911179 1198.083008 0.000000 -30.549665 0.000000 90.365891 -5.031472 88.645302 164.715652 -2.372642 149.281097 -0.648219 3.345660 -67.055717 -6.235845 -1.667085 84.156715 0.000008 0.003098 21.479845 -169.300171 2.982192 148.948120 6.082611 -3.225912 -60.025333 4.651061 -0.779038 91.546494 -0.000007 -0.003105 21.478460 -0.462874 -0.191511 8.258716 -0.763832 0.127707 6.947538 -1.361597 -0.444981 8.425052 -7.784099 -1.631062 6.408805 -6.252318 3.059158 -4.243555 -1.859483 -79.259460 -179.016953 21.713966 47.112518 -11.161633 1.068275 -13.326979 -53.854301 23.479900 -11.626051 4.510488 10.856130 78.469864 -169.983673 -19.769289 -47.768753 -10.761762 -0.180018 10.728393 -50.386208 -19.566441 16.123444 2.092817 
-216.885590 74.794075 1199.571533 0.000000 -31.363791 0.000000 90.391457 -5.485936 88.809219 164.563324 -2.479996 149.248688 -0.748654 3.367173 -67.205986 -6.050642 -1.749688 83.761940 0.000008 0.003098 21.479822 -169.473175 3.028316 149.094162 5.910604 -3.283202 -60.436153 4.390310 -0.864661 91.410904 -0.000008 -0.003105 21.478275 -0.455664 -0.163449 8.289520 -0.781978 0.097230 6.961761 -1.325590 -0.429270 8.437687 -7.728810 -1.740989 6.330810 -5.925754 2.838347 -4.449159 -1.834886 -79.132744 -179.002579 21.718485 47.136158 -11.236367 1.143621 -13.362790 -53.469173 23.414907 -11.119740 4.707785 9.522213 78.409401 -171.324173 -20.500324 -47.702877 -10.437278 -0.081528 10.923701 -50.082748 -19.350933 15.608737 2.131096 
-217.415024 74.682877 1201.073120 0.000000 -32.161777 0.000000 90.449951 -5.873384 88.955765 164.543121 -2.529651 148.898560 -0.785996 3.401435 -67.262665 -5.878921 -1.837173 83.346024 0.000008 0.003098 21.479864 -169.633621 3.079975 149.352173 5.701717 -3.385863 -60.970901 4.077799 -0.977410 91.231865 -0.000008 -0.003105 21.478127 -0.440364 -0.138981 8.314233 -0.805308 0.069460 6.999564 -1.255349 -0.397884 8.435772 -7.692736 -1.777529 6.267753 -5.699338 2.534527 -4.529177 -1.761134 -78.993401 -179.039291 21.606567 47.180027 -11.402416 1.247263 -13.398228 -53.137905 23.384703 -10.584312 4.964361 8.313875 78.372757 -172.539673 -21.316618 -47.661636 -10.107475 0.034521 11.128191 -49.839127 -19.206944 15.186893 2.176169 
-218.027359 74.578926 1202.598755 0.000000 -32.939045 0.000000 90.514786 -6.159229 89.076538 164.677689 -2.538787 148.368668 -0.786677 3.433019 -67.265945 -5.773226 -1.901385 83.004684 0.000008 0.003097 21.479700 -169.768707 3.135538 150.005829 5.441186 -3.520579 -61.570976 3.760080 -1.134677 91.135872 -0.000008 -0.003105 21.477938 -0.421853 -0.116647 8.340662 -0.827851 0.042713 7.060996 -1.162498 -0.364438 8.393998 -7.712685 -1.752067 6.066832 -5.669710 2.205716 -4.482858 -1.827014 -78.809395 -178.929153 21.400658 47.259266 -11.682398 1.367810 -13.400414 -52.777275 23.449091 -10.085198 5.289362 7.684423 78.369270 -173.178024 -21.943386 -47.625313 -9.961663 0.184661 11.359847 -49.686596 -19.139900 14.935415 2.267710 
-218.722534 74.486244 1204.152710 0.000000 -33.684559 0.000000 90.565941 -6.346507 89.168022 164.897812 -2.574049 147.706116 -0.721259 3.462536 -67.293312 -5.766336 -1.958642 82.686600 0.000008 0.003097 21.479650 -169.840759 3.171842 150.939087 5.154964 -3.662109 -62.328068 3.415438 -1.350084 91.050316 -0.000008 -0.003105 21.477613 -0.400953 -0.105139 8.358741 -0.837539 0.011573 7.116755 -1.031121 -0.317854 8.308198 -7.689652 -1.691945 5.843781 -5.724848 1.873110 -4.361267 -1.503281 -78.574692 -179.214828 21.376392 47.401592 -11.861407 1.442585 -13.405513 -52.390072 23.598900 -9.628552 5.605915 7.423139 78.366287 -173.447662 -22.618393 -47.536545 -9.687342 0.428432 11.593932 -49.543060 -19.160187 14.788759 2.446320 
-219.497421 74.398880 1205.737915 0.000000 -34.390972 0.000000 90.602448 -6.451298 89.259270 165.253082 -2.592196 147.074188 -0.640637 3.514057 -67.376770 -5.754891 -2.021836 82.331482 0.000008 0.003097 21.479565 -169.864319 3.140495 152.176498 4.923291 -3.788877 -63.022263 3.044938 -1.567506 90.846985 -0.000008 -0.003106 21.477179 -0.382626 -0.090240 8.358212 -0.827882 -0.005021 7.132161 -0.880898 -0.267989 8.227099 -7.690223 -1.606978 5.746710 -5.749443 1.490637 -4.138060 -1.082739 -78.337090 -179.615875 21.302618 47.614635 -12.075665 1.424524 -13.440791 -51.821430 23.753607 -9.268586 5.924920 7.437395 78.356720 -173.434982 -23.192755 -47.544289 -9.472785 0.708943 11.767478 -49.409084 -19.190104 14.775421 2.627037 
-220.345184 74.313988 1207.343872 0.000000 -35.049496 0.000000 90.633644 -6.505170 89.326210 165.751587 -2.571045 146.284622 -0.584803 3.567151 -67.578812 -5.660076 -2.067239 82.004257 0.000008 0.003097 21.479532 -169.855804 3.061016 153.481750 4.674380 -3.908186 -63.591702 2.731597 -1.737359 89.023071 -0.000008 -0.003106 21.476622 -0.368188 -0.070226 8.353918 -0.793606 0.001746 7.141808 -0.711590 -0.218162 8.140090 -7.698381 -1.532939 5.763927 -5.837426 1.160240 -3.860350 -0.646492 -78.119926 179.964737 21.312340 47.838825 -12.290634 1.403031 -13.448189 -51.249634 23.936014 -9.017897 6.243995 7.600358 78.325439 -173.266953 -23.572271 -47.603188 -9.334806 1.001557 11.969706 -49.306419 -19.164278 14.840824 2.777112 
-221.261780 74.230865 1208.973511 0.000000 -35.663277 0.000000 90.644394 -6.504790 89.467659 166.186539 -2.480750 145.561203 -0.560059 3.619096 -67.789673 -5.546008 -2.085724 81.737343 0.000008 0.003097 21.479792 -169.890747 2.982302 154.556808 4.411414 -3.999553 -63.953751 2.455466 -1.918371 88.799019 -0.000008 -0.003106 21.475969 -0.362984 -0.053895 8.352634 -0.700401 -0.016312 7.158207 -0.596429 -0.129424 8.080453 -7.705607 -1.523603 5.895638 -5.752414 0.918075 -3.687219 -0.192137 -77.901619 179.526352 21.449829 48.093037 -12.209110 1.408390 -13.408021 -50.799442 24.100018 -8.822151 6.565255 7.587553 78.221214 -173.271851 -23.800255 -47.784050 -9.162013 1.219138 12.171224 -49.123337 -19.058294 14.909723 2.963556 
-222.251221 74.158142 1210.644165 0.000000 -36.241810 0.000000 90.617195 -6.564373 89.785019 166.241913 -2.308600 144.986618 -0.570613 3.670520 -68.096725 -5.538925 -2.111993 81.485924 0.000009 0.003097 21.480076 -169.921173 2.859974 154.634384 4.232182 -4.009230 -63.874496 2.409639 -1.950290 88.479919 -0.000008 -0.003106 21.475559 -0.409566 -0.057309 8.341652 -0.601163 -0.088721 7.102692 -0.573376 -0.011655 8.094535 -7.564427 -1.614982 6.366135 -5.353693 0.692391 -3.754087 0.520261 -77.828751 178.794556 21.693830 48.254227 -11.985181 1.537174 -13.339123 -50.778904 24.110836 -8.743096 6.796167 6.817666 78.072212 -174.034256 -23.992830 -47.885674 -8.944259 1.296281 12.312127 -49.015121 -18.825182 14.786654 3.146431 
-223.316650 74.095863 1212.355347 0.000000 -36.803524 0.000000 90.560669 -6.436714 90.162491 166.080093 -2.073710 144.845139 -0.604949 3.679704 -68.632034 -5.657811 -2.191916 81.190376 0.000009 0.003097 21.480127 -169.844147 2.754341 154.488373 4.071713 -3.971638 -63.513119 2.450202 -1.921776 88.176361 -0.000008 -0.003106 21.475090 -0.465114 -0.079100 8.315434 -0.483037 -0.166008 6.975029 -0.588965 0.113805 8.141180 -7.323290 -1.667048 6.937706 -4.942581 0.538998 -3.795224 1.198970 -77.820724 178.077789 22.026651 48.490856 -11.518667 1.761528 -13.220439 -51.043655 23.989174 -8.758284 6.979204 5.996178 77.977028 -174.851685 -23.659660 -47.903992 -9.195039 1.314306 12.371185 -48.830315 -18.442190 14.681597 3.353751 
-224.448349 74.047264 1214.092896 0.000000 -37.346169 0.000000 90.437126 -6.304015 90.444519 165.889160 -1.925339 144.744247 -0.677017 3.670753 -69.131676 -5.687114 -2.318618 80.896317 0.000009 0.003097 21.479832 -169.715424 2.782448 154.875046 3.790294 -3.951059 -63.332775 2.453800 -1.934514 87.962486 -0.000007 -0.003106 21.474075 -0.493764 -0.095112 8.256598 -0.351083 -0.201381 6.866267 -0.529193 0.253858 8.177469 -7.218726 -1.562288 7.370648 -4.845804 0.509585 -3.629632 1.461484 -77.747704 177.802109 22.507980 48.893131 -10.926654 1.892281 -13.091451 -50.946377 23.953142 -8.536560 7.164397 5.849652 77.896652 -175.014175 -23.067606 -47.777298 -9.621068 1.339195 12.464070 -48.707397 -18.057463 14.572337 3.650764 
-225.636795 74.003532 1215.828369 0.000000 -37.876862 0.000000 90.278595 -6.234284 90.640045 165.670334 -1.792304 144.767929 -0.702410 3.632790 -69.488495 -5.751364 -2.459153 80.641975 0.000009 0.003097 21.479424 -169.633148 2.777053 155.596085 3.457227 -3.939698 -63.247898 2.434754 -1.990857 87.853081 -0.000007 -0.003106 21.473209 -0.494749 -0.089857 8.198430 -0.259708 -0.230162 6.800299 -0.422725 0.380633 8.196511 -7.149999 -1.336161 7.704499 -4.883652 0.461490 -3.499896 1.546059 -77.662430 177.704803 23.154593 49.407749 -10.154139 1.951553 -12.939420 -50.542168 23.999695 -8.395599 7.355332 5.839876 77.794716 -175.048218 -22.393026 -47.632450 -10.140042 1.409421 12.610041 -48.461647 -17.738707 14.511395 3.894080 
-226.877045 73.968346 1217.550049 0.000000 -38.400764 0.000000 89.694168 -6.221860 90.141365 165.401169 -1.585305 145.064941 -0.746980 3.590296 -70.162003 -5.942345 -2.609432 80.455612 0.000009 0.003097 21.478870 -169.684143 2.752380 156.002365 3.189603 -3.908962 -63.067661 2.465753 -2.050030 87.830917 -0.000007 -0.003106 21.472239 -0.480270 -0.083296 8.163162 -0.179057 -0.247479 6.763318 -0.366064 0.451529 8.241035 -7.060445 -1.138284 8.091346 -4.652336 0.517617 -3.462940 1.901744 -77.567169 177.330399 23.774714 50.101128 -9.469485 1.954476 -12.779488 -50.141033 24.075159 -8.381134 7.502266 5.518044 77.668961 -175.394562 -21.568098 -47.554199 -10.766864 1.506345 12.719330 -47.920212 -17.373438 14.451503 4.073440 
-228.162216 73.952660 1219.248535 0.000000 -38.950695 0.000000 89.604225 -6.211387 90.262199 165.246124 -1.349386 145.369202 -0.702572 3.560527 -71.131958 -6.076975 -2.716594 80.281570 0.000009 0.003097 21.478416 -169.825699 2.704689 156.048141 2.973135 -3.907283 -62.698143 2.511033 -2.090302 87.855698 -0.000007 -0.003106 21.470739 -0.472824 -0.081124 8.137579 -0.057542 -0.245122 6.774050 -0.321152 0.517395 8.265495 -6.857148 -0.935617 8.535394 -4.120794 0.826093 -3.529436 2.033967 -77.431297 177.184250 24.256624 50.712578 -8.803802 1.956571 -12.582458 -49.781124 24.058773 -8.452258 7.634274 5.298043 77.528984 -175.645813 -20.826553 -47.349678 -11.123440 1.574204 12.827094 -47.487988 -16.906067 14.407805 4.229529 
-229.497742 73.962532 1220.922485 0.000000 -39.539803 0.000000 89.480316 -6.341871 90.379936 165.186401 -1.138661 145.768707 -0.648268 3.532671 -72.206474 -6.183497 -2.758656 80.034988 0.000009 0.003097 21.478125 -170.003952 2.718807 155.750259 2.767409 -3.934128 -62.295933 2.679114 -2.114989 87.730759 -0.000007 -0.003106 21.469252 -0.457450 -0.089683 8.143135 0.076719 -0.251438 6.739618 -0.325150 0.593172 8.285143 -6.494490 -1.011287 9.265418 -3.261882 1.371530 -3.703694 2.049976 -77.273026 177.158737 24.666588 51.087952 -8.204672 2.015070 -12.364857 -49.664520 23.963398 -8.343672 7.632109 5.488353 77.415329 -175.488541 -20.057383 -46.849571 -11.350413 1.552266 12.946074 -47.385010 -16.432215 14.364072 4.306343 
-230.872604 73.997269 1222.550659 0.000000 -40.151516 0.000000 89.370964 -6.755367 90.505783 165.032852 -0.864963 146.237518 -0.892340 3.559157 -73.220566 -6.311399 -2.798412 79.887207 0.000009 0.003097 21.477842 -170.208450 2.686064 155.113312 2.599941 -3.971301 -61.602737 2.872983 -2.101483 87.524361 -0.000008 -0.003106 21.468227 -0.464884 -0.095536 8.174406 0.180948 -0.262167 6.687544 -0.393734 0.661545 8.417730 -5.955917 -1.285088 10.175929 -1.897624 1.956416 -4.072910 1.839440 -77.177826 177.348480 25.144730 51.325272 -7.801029 2.243268 -12.197195 -50.238140 23.641521 -8.372051 7.525300 5.493756 77.366508 -175.516815 -19.043102 -46.547363 -11.814955 1.428888 12.944372 -47.361485 -15.966408 14.433924 4.224640 
-232.272293 74.067589 1224.108765 0.000000 -40.775524 0.000000 89.273460 -7.269133 90.544975 164.807190 -0.534562 146.881943 -1.162040 3.606756 -74.117233 -6.441303 -2.815189 79.829399 0.000009 0.003097 21.477581 -170.379593 2.680603 154.534851 2.393530 -3.994167 -60.825039 3.080986 -2.057775 87.355598 -0.000008 -0.003106 21.468054 -0.470680 -0.081392 8.176822 0.224864 -0.256003 6.643684 -0.455847 0.716433 8.580703 -5.419344 -1.564744 10.827044 -0.708889 2.266970 -4.513659 1.659472 -77.165077 177.512543 25.649883 51.586464 -7.530251 2.449100 -11.998990 -50.824196 23.342566 -8.439214 7.363156 5.564244 77.382500 -175.462524 -18.233641 -46.326565 -12.351634 1.314899 13.000848 -47.252346 -15.645755 14.530975 4.149648 
-233.698105 74.169884 1225.601685 0.000000 -41.412247 0.000000 89.213715 -7.429316 90.725952 164.775055 -0.599212 147.001526 -1.048351 3.625927 -74.669914 -6.531977 -2.759536 80.039467 0.000009 0.003097 21.477539 -170.543182 2.680265 155.186935 2.159812 -3.992987 -60.790367 3.302730 -1.992520 87.476074 -0.000008 -0.003106 21.468473 -0.454579 -0.040980 8.134365 0.184571 -0.225465 6.779105 -0.338851 0.781754 8.610676 -5.037521 -1.616814 10.984004 -0.573424 2.363211 -4.564940 0.970856 -77.078514 178.242722 25.665012 51.733784 -7.314664 2.473929 -11.935897 -50.745220 23.467897 -8.192465 7.374724 6.130827 77.433792 -174.903320 -18.370796 -46.038017 -12.618823 1.305572 13.408691 -47.283215 -15.706026 14.630143 4.095662 
-235.141663 74.277863 1227.052246 0.000000 -42.045738 0.000000 89.228783 -7.240209 90.981598 164.952972 -0.938301 146.526917 -0.723156 3.667909 -74.852715 -6.487886 -2.589057 80.528191 0.000008 0.003096 21.477762 -170.727463 2.708123 156.870224 1.975516 -4.018714 -61.321087 3.498652 -1.931594 87.676865 -0.000008 -0.003106 21.469177 -0.422090 0.025443 8.053988 0.135519 -0.173787 7.068071 -0.033153 0.889228 8.492824 -4.798399 -1.557299 10.833324 -1.164555 2.551094 -4.230433 -0.747171 -76.988068 -179.956009 25.297800 51.768280 -7.066370 2.327061 -11.946935 -49.847607 23.964140 -7.610204 7.538825 6.675545 77.551491 -174.375031 -19.263891 -45.598927 -12.545653 1.296191 14.092960 -47.639111 -15.898033 14.665807 3.965148 
-236.592957 74.364166 1228.477539 0.000000 -42.639904 0.000000 89.259003 -6.802036 91.212677 165.196991 -1.309759 145.740707 -0.519832 3.698776 -75.523460 -6.266318 -2.373262 80.962372 0.000008 0.003096 21.478031 -170.934662 2.753266 158.340897 1.873909 -3.987727 -61.788811 3.750467 -1.937483 87.919243 -0.000008 -0.003107 21.469501 -0.385202 0.073534 7.970698 0.183198 -0.092064 7.241136 0.291625 1.035872 8.361368 -4.578616 -1.619660 10.854156 -1.462442 2.951519 -3.994907 -2.375082 -76.917229 -178.252289 25.166954 52.070587 -6.486882 2.138339 -11.762045 -48.733555 24.244957 -7.090648 7.681656 7.234087 77.695450 -173.854813 -19.505495 -44.930019 -12.796479 1.242215 14.617043 -47.889385 -15.986120 14.753550 3.781551 
-238.065506 74.432602 1229.873535 0.000000 -43.188652 0.000000 89.234207 -6.484210 91.436394 165.353851 -1.542551 145.224335 -0.343818 3.742234 -76.431595 -6.088256 -2.266999 81.241280 0.000008 0.003096 21.478336 -170.928299 2.858377 158.963928 1.840018 -3.963437 -61.976746 3.896725 -1.969927 88.115036 -0.000008 -0.003107 21.469767 -0.353757 0.111146 7.897137 0.222244 -0.045904 7.359010 0.529357 1.159647 8.317922 -4.425902 -1.747471 10.987799 -1.383711 3.395125 -4.007531 -3.259971 -76.822723 -177.317856 25.184967 52.454540 -5.962367 2.015611 -11.578479 -47.927021 24.002071 -6.748134 7.884284 7.451414 77.795944 -173.680695 -19.167564 -44.403225 -13.318648 1.109147 14.916815 -48.275200 -16.036724 14.797968 3.599053 
-239.565964 74.496674 1231.232788 0.000000 -43.709286 0.000000 89.205124 -6.358094 91.511780 165.366272 -1.777547 144.875870 -0.310758 3.791687 -77.273849 -5.997101 -2.197438 81.477852 0.000008 0.003095 21.478697 -170.823273 3.056000 159.018250 1.837447 -3.959871 -62.178139 3.996091 -2.010876 88.266502 -0.000008 -0.003107 21.470003 -0.324726 0.136294 7.834046 0.226190 -0.013165 7.468392 0.666240 1.224646 8.287406 -4.350542 -1.908327 11.173611 -0.964817 3.752487 -4.142701 -3.907918 -76.739418 -176.643356 24.993074 52.679852 -5.738694 1.958618 -11.379942 -47.421253 23.688099 -6.278322 8.069564 7.494998 77.889900 -173.663620 -18.562986 -43.964130 -14.118734 0.849351 15.134655 -48.881119 -16.092529 14.851748 3.392937 
-241.095688 74.560753 1232.558350 0.000000 -44.224289 0.000000 89.196320 -6.234799 91.504272 165.384613 -1.996671 144.574203 -0.338917 3.837742 -78.315979 -5.901072 -2.133783 81.618294 0.000007 0.003095 21.479340 -170.516205 3.334569 159.137054 1.874009 -3.996807 -62.602688 4.058718 -2.049679 88.269112 -0.000008 -0.003107 21.470266 -0.284368 0.159153 7.755589 0.245172 0.027105 7.593711 0.784560 1.265017 8.210245 -4.393996 -2.098949 11.420676 -0.655890 4.128701 -4.351918 -4.525422 -76.672615 -176.009308 24.633963 52.833561 -5.509247 1.893057 -11.139466 -46.813488 23.368126 -5.741417 8.260544 7.773335 77.965622 -173.401810 -18.095274 -43.631664 -14.811223 0.526804 15.319506 -49.671547 -16.318487 14.850297 3.140678 
-242.663055 74.625229 1233.864746 0.000000 -44.734947 0.000000 89.189110 -5.979767 91.498779 165.457230 -2.135050 144.065247 -0.281486 3.822784 -79.485764 -5.695746 -2.125450 81.825005 0.000007 0.003095 21.480207 -170.016312 3.726124 159.524521 1.849935 -4.006243 -63.129543 4.083985 -2.068150 88.312683 -0.000008 -0.003107 21.470448 -0.243203 0.181783 7.636035 0.321787 0.070034 7.753891 0.931006 1.299366 8.106130 -4.396784 -2.273446 11.729728 -0.547925 4.518534 -4.644687 -5.046258 -76.613739 -175.465439 24.598116 52.974319 -4.930260 1.789724 -10.837570 -46.125229 23.127504 -5.105130 8.459846 8.274151 77.958763 -172.922302 -17.799057 -43.363762 -15.151910 0.232814 15.547108 -50.405556 -16.678059 14.801705 2.830338 
-244.288376 74.687935 1235.176025 0.000000 -45.237766 0.000000 89.198639 -5.672932 91.422531 165.443359 -2.111229 143.597870 -0.261637 3.809096 -80.541687 -5.413508 -2.190719 82.051804 0.000007 0.003095 21.481022 -169.455444 4.095080 159.769516 1.794660 -3.975017 -63.666832 4.111205 -2.111066 88.364029 -0.000008 -0.003107 21.470520 -0.212278 0.203002 7.495151 0.443095 0.119845 7.919579 1.080644 1.328532 7.963210 -4.400473 -2.467575 11.845349 -0.435169 4.845349 -4.879819 -5.495692 -76.578194 -174.996201 24.433941 52.964653 -4.585245 1.685892 -10.495544 -45.437546 22.995689 -4.319382 8.654134 8.998403 77.882614 -172.228622 -17.643076 -43.188248 -15.217095 0.019251 15.788685 -50.941795 -17.064081 14.731322 2.439268 
-245.963593 74.746399 1236.501221 0.000000 -45.728905 0.000000 89.172287 -5.429410 91.236725 165.330597 -1.897472 143.192825 -0.283345 3.773783 -81.285080 -5.112801 -2.326607 82.365349 0.000007 0.003095 21.481483 -169.016556 4.366948 159.892685 1.664889 -3.889134 -64.217346 4.100462 -2.164307 88.414879 -0.000009 -0.003107 21.470634 -0.184224 0.218587 7.379023 0.615955 0.192263 8.067957 1.268344 1.351078 7.772221 -4.501664 -2.633641 11.729826 -0.454269 5.064464 -5.073942 -5.551154 -76.533005 -174.926697 23.874754 52.932140 -4.735044 1.568998 -10.126907 -44.709705 23.099041 -3.404296 8.809432 9.748415 77.739845 -171.519180 -17.503386 -43.052570 -15.216335 -0.194501 15.953436 -51.158871 -17.360403 14.567366 2.020759 
-247.677826 74.794456 1237.840698 0.000000 -46.216805 0.000000 89.145493 -5.210972 91.083511 165.232574 -1.727673 142.733887 -0.297115 3.652185 -81.786446 -4.826751 -2.456997 82.777779 0.000006 0.003095 21.481503 -168.586548 4.552141 160.340759 1.528139 -3.761659 -64.792091 4.087052 -2.218998 88.451439 -0.000009 -0.003107 21.470528 -0.163355 0.226868 7.274677 0.785691 0.285924 8.208850 1.429050 1.363855 7.563076 -4.643100 -2.637910 11.368999 -0.602939 5.176061 -5.311984 -5.048269 -76.531952 -175.432312 23.171614 52.959911 -5.366608 1.456831 -9.841886 -43.945511 23.262823 -2.395649 8.947495 10.162333 77.530800 -171.137558 -17.439486 -42.806076 -15.107563 -0.301991 16.151423 -51.068913 -17.700214 14.171122 1.698810 
-249.426056 74.822388 1239.201538 0.000000 -46.688213 0.000000 89.124016 -5.119755 90.877441 165.354309 -1.662537 142.147888 -0.345721 3.491797 -81.795029 -4.719582 -2.567487 83.325325 0.000006 0.003095 21.480795 -168.113739 4.620357 161.081406 1.376423 -3.605765 -65.405960 4.092287 -2.246785 88.416931 -0.000009 -0.003107 21.470272 -0.142377 0.229678 7.205534 0.941831 0.395097 8.360281 1.549644 1.327434 7.300914 -4.944895 -2.512275 10.727096 -0.833104 5.078278 -5.609593 -4.371486 -76.542473 -176.124481 22.182775 53.048847 -6.551477 1.385637 -9.652728 -43.227158 23.513342 -1.420505 9.177898 9.892208 77.265198 -171.424713 -17.640429 -42.761230 -14.794115 -0.289964 16.443237 -50.801334 -18.040306 13.752233 1.454327 
-251.200195 74.823029 1240.588989 0.000000 -47.124561 0.000000 89.086143 -5.057320 90.497047 165.707962 -1.718806 141.771988 -0.522062 3.316086 -81.084503 -4.981686 -2.619771 83.941528 0.000006 0.003095 21.479605 -167.576538 4.647424 161.826080 1.153457 -3.462791 -65.826141 4.294581 -2.332457 88.280426 -0.000009 -0.003107 21.470161 -0.101703 0.216096 7.199847 1.066224 0.472314 8.524680 1.637126 1.183546 7.027872 -5.448701 -2.394263 9.790386 -0.947125 4.546398 -5.910336 -3.749872 -76.505157 -176.739731 21.264202 52.967426 -7.667172 1.351610 -9.527224 -42.650471 23.794184 -0.521571 9.593316 9.054169 77.000542 -172.261688 -17.874493 -42.808945 -14.509134 -0.238051 16.559248 -50.423126 -18.282900 13.467361 1.239412 
-253.000351 74.800468 1241.996460 0.000000 -47.534828 0.000000 89.009750 -5.099823 89.919800 166.214676 -1.693128 141.833939 -0.977171 3.248143 -79.922417 -5.809131 -2.555444 84.491379 0.000007 0.003095 21.478437 -167.312164 4.678883 162.015030 1.043833 -3.341570 -66.222145 4.642274 -2.432811 88.045631 -0.000008 -0.003106 21.470211 -0.037715 0.149228 7.283998 1.188437 0.502065 8.587279 1.665869 0.971292 6.862325 -6.016080 -2.242279 8.896827 -0.699950 3.739510 -6.066296 -3.927094 -76.428177 -176.559219 20.923243 52.628902 -8.361194 1.315844 -9.509015 -42.158501 24.103117 0.046667 10.008393 8.038404 76.850258 -173.246338 -18.212538 -42.747063 -14.028967 -0.286875 16.545620 -50.729370 -18.341394 13.190413 1.057075 
-254.785156 74.757919 1243.399048 0.000000 -47.939919 0.000000 88.980881 -5.664910 89.062241 166.517441 -1.665489 142.371811 -1.684290 3.322709 -78.049484 -6.898693 -2.426628 85.065941 0.000008 0.003096 21.477566 -167.495789 4.864749 161.378342 1.072658 -3.341687 -66.829185 4.744476 -2.373914 87.438965 -0.000009 -0.003106 21.470325 0.020529 0.021733 7.442857 1.269232 0.487231 8.527361 1.498406 0.697505 6.946294 -6.311208 -2.092049 8.349188 0.290318 3.074197 -6.417964 -5.044456 -76.450211 -175.467789 21.651005 52.318737 -8.562411 1.353840 -9.637192 -42.156059 24.413622 0.144755 10.324010 7.280458 76.830544 -173.901108 -18.371796 -42.851646 -13.763779 -0.318326 16.361189 -51.329735 -18.584944 13.151583 0.883839 
-256.505493 74.704109 1244.777832 0.000000 -48.330872 0.000000 88.957588 -6.265745 88.163094 166.914932 -1.382308 142.431702 -2.534454 3.472000 -75.736343 -7.653936 -2.136632 85.188545 0.000009 0.003096 21.476555 -168.035934 4.830703 160.798645 1.199738 -3.318744 -67.117119 4.903727 -2.161509 86.894264 -0.000009 -0.003106 21.470442 0.076702 -0.132844 7.663635 1.278585 0.426326 8.311545 1.332116 0.449669 7.173244 -6.178860 -1.994800 7.904140 1.084732 2.859185 -6.843252 -6.092209 -76.579964 -174.456207 22.916492 52.344154 -8.357714 1.566955 -9.772210 -42.452888 24.566399 -0.216189 10.307153 6.798937 76.804199 -174.272766 -18.112209 -43.126240 -13.836208 -0.471609 16.137255 -52.034615 -18.739965 13.044517 0.756301 
-258.126526 74.644211 1246.083984 0.000000 -48.686588 0.000000 88.948616 -6.460721 87.286118 167.079346 -0.966405 142.573837 -3.010337 3.477811 -73.068039 -7.940710 -1.894948 85.293091 0.000010 0.003096 21.474958 -168.840317 4.394510 160.922073 1.346482 -3.234108 -67.343315 5.323016 -1.926966 86.264404 -0.000009 -0.003106 21.469433 0.130771 -0.240942 7.852552 1.283376 0.385158 8.008752 1.230587 0.282513 7.395987 -5.713475 -1.783716 7.590769 1.777630 2.778503 -7.342739 -6.223973 -76.601486 -174.360092 24.344227 52.681873 -7.946662 1.766748 -9.824764 -42.808666 24.540775 -0.849523 10.274256 5.620764 76.745247 -175.386581 -17.341700 -43.518917 -14.372341 -0.451176 16.065609 -52.075405 -18.479977 12.871647 0.578748 
-259.664948 74.578941 1247.291992 0.000000 -48.964996 0.000000 88.927361 -6.789562 86.840431 167.268188 -0.734644 143.090775 -3.135169 3.329940 -71.340256 -8.155707 -1.971713 85.698410 0.000010 0.003097 21.473711 -169.320129 4.259592 160.561676 1.646846 -3.092595 -68.073784 5.502867 -1.753875 85.792099 -0.000009 -0.003106 21.468237 0.166584 -0.325301 7.850036 1.310589 0.397395 7.883537 1.182661 0.159081 7.605072 -5.676983 -1.370180 7.363377 2.434734 2.499021 -7.966792 -5.094594 -76.562073 -175.573959 24.655773 53.138733 -8.143988 1.798831 -9.899887 -43.111534 24.607716 -1.024737 10.331649 3.970409 76.668571 -177.020721 -16.684155 -43.904938 -14.857315 -0.215984 15.993340 -51.140884 -18.797707 12.895223 0.429141 
-261.181946 74.512253 1248.473267 0.000000 -49.237377 0.000000 88.913452 -7.048780 86.766731 167.442169 -0.763645 143.573975 -2.938938 3.125381 -70.697525 -8.388152 -2.310685 86.251442 0.000010 0.003097 21.473196 -169.265213 4.782590 159.774689 2.042348 -2.931124 -69.099495 5.606924 -1.694370 85.553352 -0.000009 -0.003106 21.466970 0.191494 -0.382907 7.741834 1.397458 0.501716 7.948390 1.151341 0.027143 7.814730 -5.958154 -0.812074 7.434643 3.003463 2.048069 -8.666461 -3.250472 -76.573395 -177.552185 23.784138 53.393341 -9.137943 1.706274 -9.929784 -43.475815 24.717360 -0.753581 10.473016 2.032853 76.551018 -178.945831 -15.961031 -44.072510 -15.425952 0.077961 15.847655 -49.956470 -19.797956 13.012262 0.407440 
-262.738953 74.446739 1249.680420 0.000000 -49.567715 0.000000 88.913734 -7.066141 86.907524 167.654556 -0.912340 143.349457 -2.742497 2.929217 -70.384354 -8.288918 -2.488889 86.647041 0.000010 0.003097 21.472830 -169.285965 5.204530 159.265472 2.414819 -2.785524 -69.509254 5.669270 -1.712747 85.408371 -0.000009 -0.003106 21.466021 0.207022 -0.408683 7.655699 1.434573 0.597429 7.881932 1.103362 -0.036461 8.046124 -6.075904 -0.377172 7.649641 3.074693 1.751848 -9.114560 -1.634389 -76.563866 -179.261230 22.719948 53.316109 -10.421175 1.646143 -9.995253 -43.673553 24.852566 -0.538392 10.567826 0.694855 76.424667 179.754898 -15.362410 -43.925232 -15.929772 0.347570 15.793606 -48.805073 -20.332260 12.964005 0.523798 
-264.317810 74.374344 1250.894043 0.000000 -49.923359 0.000000 88.909424 -6.928199 87.152290 167.909607 -0.872441 142.873474 -2.590432 2.733243 -70.063438 -7.902594 -2.547811 87.048492 0.000010 0.003097 21.472103 -169.399017 5.423993 158.769760 2.677601 -2.664980 -69.117554 5.749485 -1.743660 85.376305 -0.000009 -0.003107 21.465601 0.211492 -0.423951 7.592900 1.413919 0.672585 7.779276 1.002866 -0.044695 8.169606 -5.989245 -0.119294 7.832997 3.016412 1.694107 -9.453753 -0.378047 -76.534790 179.447540 21.873310 52.880318 -11.738288 1.652830 -10.197548 -43.816288 25.164169 -0.426139 10.490547 -0.370566 76.268761 178.737747 -14.882048 -43.820267 -16.288494 0.464807 15.800984 -47.771648 -20.293621 12.879079 0.629099 
-265.900360 74.288765 1252.093262 0.000000 -50.243191 0.000000 88.912628 -6.882584 87.387199 168.150192 -0.761246 142.515717 -2.425719 2.592507 -70.112862 -7.589356 -2.636452 87.560959 0.000010 0.003097 21.471245 -169.430054 5.646546 158.182434 2.870514 -2.571118 -68.612015 5.815675 -1.849222 85.246536 -0.000010 -0.003107 21.465792 0.207324 -0.427081 7.512661 1.408235 0.733290 7.744448 0.879360 -0.036905 8.217189 -6.005425 -0.107219 8.082145 2.979418 1.732265 -9.732731 0.864093 -76.457520 178.177963 21.129133 52.103382 -12.800709 1.612838 -10.417568 -43.912182 25.601364 -0.143680 10.392396 -1.085069 76.049866 178.084305 -14.635896 -43.967686 -16.486340 0.542821 15.720570 -46.938740 -20.086924 12.880580 0.662883 
-267.502838 74.188667 1253.299438 0.000000 -50.517723 0.000000 88.940285 -6.888575 87.598892 168.545486 -0.795795 142.272369 -2.107627 2.485650 -70.258064 -7.392129 -2.739865 87.985985 0.000010 0.003097 21.470545 -169.454025 5.904486 157.618484 2.963937 -2.513280 -68.231529 5.984507 -1.960392 85.126976 -0.000010 -0.003107 21.466206 0.215560 -0.416793 7.436120 1.406329 0.775147 7.785070 0.757935 -0.069208 8.237232 -6.043421 -0.179980 8.320362 2.919959 1.699338 -10.072270 2.078722 -76.374352 176.917572 20.615185 51.164967 -13.377133 1.535847 -10.584460 -44.041832 25.906683 0.108646 10.265233 -1.772791 75.841682 177.451126 -14.726972 -44.126732 -16.400888 0.612949 15.597841 -46.227074 -19.966393 13.017400 0.610287 
-269.142426 74.078575 1254.532837 0.000000 -50.759876 0.000000 89.012291 -6.877001 87.829453 168.978317 -0.918798 141.892029 -1.711671 2.433562 -70.323006 -7.174592 -2.859060 88.266144 0.000010 0.003097 21.469954 -169.474075 6.243091 157.300659 3.077396 -2.499915 -67.773102 6.127810 -2.043441 84.996208 -0.000010 -0.003107 21.466543 0.228325 -0.414470 7.353721 1.425228 0.783942 7.845328 0.688774 -0.098214 8.245980 -6.052101 -0.084855 8.531699 2.833136 1.609431 -10.554948 3.317562 -76.305054 175.625641 20.171385 50.233711 -13.797682 1.440731 -10.725572 -44.107674 26.014591 0.205162 10.137351 -2.598114 75.672028 176.680710 -15.124896 -44.211948 -16.181408 0.673423 15.528146 -45.554569 -19.954544 13.167446 0.493730 
-270.816864 73.958145 1255.795288 0.000000 -50.960255 0.000000 89.101364 -6.776751 88.106712 169.313705 -1.041554 141.556335 -1.233313 2.371538 -70.525536 -6.863181 -3.024142 88.482300 0.000010 0.003097 21.469473 -169.511292 6.580667 156.979111 3.162940 -2.466504 -67.368027 6.191622 -2.090763 84.890594 -0.000010 -0.003107 21.466618 0.239433 -0.415681 7.270676 1.430877 0.780121 7.938554 0.668050 -0.117187 8.248678 -6.102627 0.142769 8.767607 2.748704 1.612339 -11.119868 4.744808 -76.210930 174.145203 19.815111 49.392532 -14.279103 1.349296 -10.874680 -43.981636 26.070164 0.204215 10.023355 -3.419580 75.499306 175.907639 -15.545451 -44.311485 -15.866954 0.769108 15.502435 -44.833790 -19.934252 13.228314 0.358116 
-272.517670 73.825554 1257.083618 0.000000 -51.115517 0.000000 89.224373 -6.591281 88.414352 169.608047 -1.145685 141.109573 -0.745722 2.272344 -70.552048 -6.473132 -3.189736 88.842575 0.000010 0.003097 21.469049 -169.649384 6.873642 156.667786 3.268697 -2.392315 -67.075531 6.222219 -2.113256 84.778938 -0.000011 -0.003108 21.466446 0.224305 -0.424610 7.178283 1.477977 0.797760 8.062783 0.644689 -0.125300 8.241792 -6.212279 0.367299 9.034952 2.666415 1.713720 -11.572458 6.075152 -76.136002 172.767517 19.337151 48.730206 -14.756140 1.267793 -11.018655 -43.656082 26.222200 0.182034 9.881881 -4.340911 75.292206 175.017349 -15.961772 -44.391479 -15.456115 0.907164 15.479062 -44.021164 -19.987114 13.298214 0.250341 
-274.231293 73.681732 1258.381592 0.000000 -51.243610 0.000000 89.409592 -6.400761 88.843903 169.861938 -1.177104 140.516800 -0.294520 2.132375 -70.666260 -6.281843 -3.274768 91.215576 0.000009 0.003097 21.468769 -169.833054 7.106711 156.417694 3.443597 -2.253183 -66.922241 6.298731 -2.140580 84.805634 -0.000011 -0.003108 21.465839 0.198857 -0.427784 7.077256 1.575536 0.840590 8.192694 0.618136 -0.109102 8.201010 -6.421798 0.592586 9.255003 2.607083 1.921587 -11.802046 7.105837 -76.094490 171.694794 18.964285 48.357510 -15.030631 1.184223 -11.171748 -43.209282 26.491894 0.146376 9.770002 -5.136083 75.054749 174.218491 -16.391474 -44.309845 -15.088037 1.116867 15.498335 -43.202648 -20.054600 13.361655 0.212874 
-275.951233 73.529800 1259.682495 0.000000 -51.358875 0.000000 89.602501 -6.185084 89.300766 170.101639 -1.186695 140.142990 0.014938 1.963962 -71.026749 -5.973764 -3.488472 91.247444 0.000009 0.003097 21.468761 -169.962097 7.333755 156.509125 3.602088 -2.096567 -66.804222 6.340353 -2.153436 84.901253 -0.000011 -0.003108 21.464863 0.176048 -0.434865 6.962591 1.708066 0.893496 8.263089 0.607946 -0.040615 8.139516 -6.624732 0.812677 9.440660 2.576884 2.155849 -11.854432 7.536117 -76.068535 171.242935 18.705139 48.318928 -15.102400 1.098518 -11.300918 -42.683121 26.808453 0.120123 9.768145 -5.525353 74.873093 173.796753 -16.809240 -44.190578 -14.795700 1.223616 15.544680 -42.577324 -20.096733 13.489639 0.195664 
-277.688324 73.373314 1260.982544 0.000000 -51.476624 0.000000 89.731819 -5.863548 89.845406 170.230759 -1.304729 140.240601 0.191619 1.843128 -71.362740 -5.643411 -3.745226 89.162308 0.000008 0.003097 21.468983 -170.133820 7.495284 156.702103 3.727993 -1.963117 -66.489212 6.235047 -2.146535 85.079887 -0.000011 -0.003108 21.463902 0.165921 -0.432932 6.892932 1.790161 0.935335 8.254288 0.608403 0.038803 8.135716 -6.670268 0.991239 9.626710 2.614602 2.374396 -11.769551 7.724431 -76.086952 171.035934 18.658468 48.573700 -14.856410 1.035537 -11.331222 -42.222427 27.237444 0.138585 9.861406 -5.424029 74.838882 173.847366 -17.173847 -43.992874 -14.453074 1.272939 15.601810 -42.202888 -20.178095 13.566511 0.237219 
-279.442657 73.219673 1262.271729 0.000000 -51.606918 0.000000 89.827667 -5.364104 90.454926 170.292465 -1.509779 140.757736 0.331954 1.786865 -71.830711 -5.693608 -3.895909 88.769501 0.000008 0.003097 21.469360 -170.227814 7.564981 157.070908 3.731619 -1.894145 -66.070946 5.966992 -2.174527 85.327599 -0.000011 -0.003108 21.463133 0.165461 -0.420081 6.833908 1.833433 0.933473 8.215187 0.668042 0.099799 8.134214 -6.527379 1.204198 9.728557 2.485114 2.506755 -11.718022 7.762768 -76.096214 170.987579 18.963493 49.139797 -14.100038 0.979142 -11.250494 -41.797729 27.464012 -0.004541 10.136416 -4.985181 74.861687 174.209824 -18.046671 -43.933533 -13.491358 1.278234 15.685961 -42.270336 -20.300419 13.529210 0.260997 
-281.227051 73.078224 1263.547607 0.000000 -51.753761 0.000000 89.882675 -4.800167 91.045921 170.276474 -1.800602 141.708679 0.386794 1.796429 -72.685120 -5.969261 -4.041207 88.071884 0.000008 0.003097 21.469624 -170.205185 7.480038 157.364258 3.553090 -1.915098 -65.292351 5.658604 -2.278454 85.539879 -0.000011 -0.003108 21.462221 0.144311 -0.394280 6.763790 1.873424 0.841783 8.170869 0.803108 0.138829 8.060337 -6.138447 1.417774 9.806071 2.385320 2.408520 -11.770075 8.161876 -76.128258 170.566071 19.293474 50.053688 -13.309546 0.971008 -11.040841 -41.620029 27.515316 -0.491901 10.512678 -4.443389 74.934753 174.642654 -19.257704 -44.062855 -12.070077 1.308264 15.784739 -42.595520 -20.261082 13.384645 0.345468 
-283.052460 72.956406 1264.806274 0.000000 -51.916462 0.000000 89.816467 -4.514067 91.687943 170.093124 -1.966361 143.197235 0.254123 2.007571 -73.887672 -6.532326 -3.879749 87.084023 0.000007 0.003097 21.470699 -170.215607 7.164696 157.318481 3.136222 -2.068551 -64.137421 5.537675 -2.395271 85.537857 -0.000011 -0.003108 21.462107 0.115002 -0.344361 6.725751 1.881387 0.636070 8.022977 0.926692 0.111859 8.101889 -5.248081 1.363889 10.269484 2.399997 2.147089 -12.023182 8.421145 -76.146782 170.261429 19.941151 50.779972 -12.242651 1.121410 -10.861519 -42.266670 27.265158 -1.459917 10.637284 -3.724125 75.144493 175.271103 -20.376434 -44.345161 -10.686934 1.224321 15.762271 -43.515133 -19.819967 13.134618 0.548975 
-284.926025 72.849648 1266.019409 0.000000 -52.102573 0.000000 89.687149 -4.777122 92.475967 169.333771 -2.003252 145.299606 -0.193536 2.357355 -75.669571 -7.306508 -3.334256 85.853767 0.000008 0.003098 21.472216 -170.246017 6.744233 156.365952 2.581405 -2.350808 -62.597675 5.903150 -2.470758 85.275993 -0.000011 -0.003108 21.462532 0.103595 -0.301019 6.763953 1.764532 0.323311 7.695121 1.009607 0.072205 8.299937 -3.854433 0.997087 11.305343 2.614539 1.940094 -12.290777 8.418962 -76.105797 170.211441 20.971674 51.283642 -10.926369 1.450183 -10.697589 -43.917950 26.577209 -2.874698 10.357350 -2.785444 75.541916 176.153610 -20.534468 -44.759769 -10.113931 0.863548 15.642157 -45.253593 -19.189571 12.916259 0.850095 
-286.835876 72.761147 1267.133423 0.000000 -52.317245 0.000000 89.567268 -5.046531 92.923950 168.615326 -1.644936 147.273346 -0.670007 2.737674 -77.611786 -8.049865 -2.650381 84.728828 0.000008 0.003098 21.473263 -170.147995 6.396201 155.266037 1.988666 -2.777916 -61.876572 6.191439 -2.466225 85.161728 -0.000011 -0.003107 21.462925 0.141849 -0.281661 6.879559 1.609841 0.059943 7.381493 1.071562 0.159371 8.421088 -2.561993 0.876650 11.958078 2.747836 1.645037 -12.505264 8.195932 -75.949921 170.460373 21.559855 51.759884 -9.587820 1.564656 -10.463521 -44.675194 25.540916 -4.290329 10.289358 -1.679075 75.906174 177.211563 -21.112293 -45.008453 -9.546390 0.596596 15.642864 -47.026264 -18.775263 12.807639 1.075893 
-288.779846 72.689156 1268.152466 0.000000 -52.529427 0.000000 89.481209 -5.005522 93.014969 168.465637 -1.619751 147.850494 -0.991764 3.089359 -79.878105 -8.554591 -2.165519 83.893471 0.000007 0.003098 21.473070 -169.916031 6.096566 155.390030 1.305348 -3.215788 -61.522392 6.097315 -2.501794 85.473793 -0.000011 -0.003107 21.464066 0.225346 -0.246738 7.000875 1.602105 -0.116615 7.312873 1.233323 0.275508 8.288409 -1.568423 0.833130 11.990300 2.631300 1.564789 -12.004065 6.792026 -75.883446 171.943192 21.638556 52.242474 -8.365792 1.491971 -10.130093 -44.409760 24.764702 -4.965731 10.617434 -0.249043 76.181580 178.595886 -21.555204 -44.534691 -9.477220 0.396802 15.756512 -48.892845 -18.551620 12.715481 1.267494 
-290.799255 72.627777 1269.140625 0.000000 -52.679794 0.000000 89.286926 -4.912892 93.118507 168.374741 -1.684613 148.530426 -1.319596 3.435243 -82.783340 -9.080667 -1.747949 83.241402 0.000007 0.003099 21.473181 -169.822296 5.638900 155.045044 0.742813 -3.626534 -61.428867 6.564852 -2.687083 85.587090 -0.000011 -0.003107 21.465059 0.291955 -0.244830 7.103740 1.605055 -0.340463 7.175807 1.143220 0.371140 8.310858 -0.670104 0.434378 12.238151 2.991074 1.887287 -11.123319 5.889570 -75.803360 172.902069 22.487055 52.845615 -6.848778 1.386285 -9.853891 -44.402882 23.848063 -5.408461 10.951004 0.972574 76.442711 179.787750 -21.211063 -43.852051 -9.994448 0.078798 15.589211 -50.972313 -18.033092 12.657330 1.458020 
-292.884888 72.575607 1270.122681 0.000000 -52.767365 0.000000 89.098778 -4.731362 93.181908 167.981384 -1.673227 149.488358 -2.831244 3.424240 -95.680763 -9.548016 -1.375061 82.756607 0.000006 0.003099 21.473845 -169.843735 5.355201 154.273834 0.463850 -3.935194 -61.287979 7.103501 -2.950619 85.434433 -0.000011 -0.003107 21.465105 0.336600 -0.286648 7.250700 1.583991 -0.561561 6.919197 0.993276 0.542633 8.413625 0.166977 -0.099876 12.592554 3.640105 2.393928 -10.125571 4.962872 -75.634789 173.878708 23.727978 53.368118 -5.684000 1.337464 -9.609429 -44.679726 22.671259 -5.381332 11.203520 2.054477 76.825539 -179.134750 -20.158285 -43.234219 -11.256833 -0.273009 15.225911 -52.799145 -17.277771 13.065548 1.776339 
-295.044861 72.529160 1271.094238 0.000000 -52.815704 0.000000 89.157349 -4.948900 93.335129 167.465149 -1.675170 149.817123 -3.049815 3.436635 -95.771400 -9.563052 -1.121487 82.559982 0.000006 0.003099 21.474756 -169.627945 5.529829 154.114441 0.491990 -4.099324 -61.537262 7.347227 -3.062154 85.449310 -0.000012 -0.003106 21.465702 0.366386 -0.272610 7.337183 1.554095 -0.578985 6.704496 1.038785 0.714065 8.475654 0.583848 -0.506004 12.759987 4.001302 2.637806 -9.771522 3.779693 -75.571533 175.121567 24.346226 53.827671 -5.271513 1.395340 -9.270182 -44.591152 22.234457 -5.070147 11.317833 2.711958 77.097885 -178.472183 -19.166101 -43.045074 -12.181859 -0.610338 15.065272 -53.590221 -16.816645 13.242266 1.812332 
-297.224274 72.487732 1272.019531 0.000000 -52.863903 0.000000 89.333946 -5.042047 93.576851 167.255219 -1.884714 149.154022 -3.045374 3.379779 -95.212975 -9.389133 -1.015470 82.948631 0.000006 0.003099 21.476017 -169.273560 5.922510 154.578094 0.624153 -4.179131 -62.145504 7.296859 -3.024348 85.811821 -0.000012 -0.003106 21.466993 0.407954 -0.189642 7.334281 1.471851 -0.447806 6.599794 1.154724 0.826313 8.460224 0.373237 -0.778900 12.738890 4.019882 2.619665 -10.085279 2.911119 -75.644958 176.045105 24.606800 54.050575 -4.907991 1.477251 -9.056030 -44.321297 22.172197 -4.607574 11.401376 2.982877 77.238632 -178.198868 -18.552441 -42.924252 -12.525440 -0.934841 15.141362 -53.787331 -16.909575 13.321173 1.709569 
-299.373627 72.436623 1272.873291 0.000000 -52.916840 0.000000 89.483932 -4.696623 93.681557 167.557465 -2.250196 148.050430 -2.036086 3.514176 -85.050171 -9.139500 -1.074408 83.447487 0.000005 0.003098 21.477022 -169.153946 6.181956 155.309402 0.758484 -4.199992 -62.778587 6.934812 -3.046908 86.441513 -0.000012 -0.003106 21.468676 0.466561 -0.100761 7.304217 1.347537 -0.322138 6.589688 1.291867 0.928779 8.366997 0.164269 -0.982875 12.758183 3.806190 2.570511 -10.319632 2.154675 -75.717476 176.852280 24.853222 54.359505 -3.992040 1.533165 -8.912250 -44.167896 22.287455 -4.291142 11.414416 3.353233 77.342995 -177.816681 -17.827848 -42.638699 -13.489115 -1.293552 15.294330 -54.179394 -17.298103 13.425823 1.702536 
-301.510223 72.374603 1273.702637 0.000000 -52.954571 0.000000 89.610542 -4.074396 93.535652 168.039825 -2.551012 146.828354 -1.721266 3.424394 -84.680656 -8.768266 -1.229224 83.898239 0.000005 0.003098 21.477491 -169.060791 6.313732 156.454193 0.750864 -4.137310 -63.671566 6.498163 -3.064492 87.203033 -0.000012 -0.003106 21.470589 0.510020 -0.016335 7.255732 1.247073 -0.182455 6.708964 1.376109 1.045800 8.149468 0.034511 -1.218886 12.629190 3.309286 2.643569 -10.176952 1.333696 -75.701454 177.715881 25.276808 54.578972 -2.835951 1.474970 -8.732225 -43.745586 22.477367 -3.836765 11.547259 3.964937 77.439735 -177.195358 -17.316242 -42.159817 -14.476041 -1.564587 15.380902 -54.747257 -17.699728 13.518167 1.806323 
-303.637482 72.294823 1274.544434 0.000000 -52.968506 0.000000 89.833527 -3.287259 93.235176 168.504654 -2.667234 145.497604 -1.358210 3.386622 -84.655525 -8.284638 -1.497528 84.396942 0.000004 0.003098 21.477856 -168.732071 6.639500 157.881683 0.694025 -3.979890 -64.510353 6.161011 -2.956209 87.799492 -0.000012 -0.003106 21.472343 0.537190 0.067775 7.188348 1.215684 -0.005238 6.924640 1.452408 1.082544 7.887676 -0.060433 -1.505487 12.397326 2.732599 2.887449 -10.087047 0.894612 -75.624161 178.191299 25.541943 54.727173 -1.827011 1.339575 -8.541425 -43.102276 22.551500 -3.098863 11.638003 4.944243 77.565247 -176.227585 -17.461245 -41.725861 -14.831277 -1.709349 15.533719 -55.272385 -18.024809 13.470599 1.825526 
-305.752533 72.203873 1275.417114 0.000000 -52.957886 0.000000 89.998245 -2.375161 92.849113 168.980270 -2.680749 144.315536 -1.073343 3.365933 -84.846725 -7.821912 -1.765633 84.750061 0.000004 0.003097 21.478115 -168.266693 6.979138 159.232437 0.673609 -3.785878 -65.162643 5.972041 -2.744916 88.223808 -0.000012 -0.003106 21.473387 0.550119 0.135352 7.122663 1.232884 0.148181 7.073932 1.531362 1.070998 7.604134 -0.198225 -1.865632 12.126025 2.262187 3.274201 -10.211040 0.545650 -75.618484 178.565796 25.519030 54.672581 -1.128170 1.193647 -8.367686 -42.465786 22.496397 -2.282337 11.796622 6.203062 77.661285 -174.991913 -18.025166 -41.506142 -14.434373 -1.845934 15.798029 -55.649593 -18.284391 13.280130 1.807653 
-307.872406 72.099617 1276.335571 0.000000 -52.916431 0.000000 90.119011 -1.605448 92.507133 169.346283 -2.708418 143.507248 -0.889291 3.297036 -85.065414 -7.334946 -1.959419 84.905670 0.000003 0.003097 21.478518 -167.774216 7.215345 160.097351 0.696825 -3.606120 -65.558495 5.890528 -2.588858 88.639839 -0.000012 -0.003106 21.474068 0.540362 0.182462 7.039640 1.284322 0.218816 7.156152 1.580382 1.049213 7.381832 -0.380529 -2.186084 11.925664 1.588002 3.632923 -10.382383 0.274419 -75.647903 178.849548 25.598944 54.578037 -0.545207 1.058439 -8.181560 -41.910042 22.271431 -1.415913 11.934360 7.500221 77.683212 -173.717346 -18.568876 -41.408768 -13.975016 -1.973437 16.047621 -55.921200 -18.476074 12.940228 1.778952 
-310.026367 71.978256 1277.321777 0.000000 -52.829441 0.000000 90.183533 -0.919497 92.070320 169.608047 -2.690096 143.051727 -0.869305 3.260629 -85.013329 -6.924984 -2.175241 84.840370 0.000003 0.003097 21.478647 -167.291443 7.374799 160.708511 0.743874 -3.461001 -66.096169 5.793320 -2.493357 88.893051 -0.000012 -0.003106 21.474569 0.515041 0.210038 6.931419 1.390181 0.274785 7.252262 1.603873 1.040625 7.200636 -0.728204 -2.414185 11.656960 1.144949 3.969587 -10.449248 0.261123 -75.698967 178.853561 25.702271 54.495350 -0.127403 0.919412 -7.995700 -41.346985 21.949623 -0.462184 12.132718 9.048904 77.662689 -172.199554 -19.139555 -41.570621 -13.514593 -2.123337 16.224501 -56.179577 -18.748337 12.400318 1.724170 
-312.226898 71.840706 1278.386230 0.000000 -52.702305 0.000000 90.227043 1.697098 89.544991 169.761826 -2.608849 142.625824 -0.979892 3.199119 -85.022926 -6.652036 -2.394092 84.858360 0.000002 0.003097 21.478491 -166.895721 7.312262 161.152847 0.858908 -3.299872 -66.948700 5.666040 -2.324732 89.065048 -0.000012 -0.003106 21.474688 0.488976 0.216744 6.821718 1.515147 0.355726 7.347324 1.591816 1.019110 7.070934 -1.167464 -2.541166 11.188574 0.852421 4.265956 -10.654348 0.586851 -75.791603 178.507889 25.409361 54.532833 -0.231678 0.782113 -7.868272 -40.837204 21.547384 0.520362 12.305881 10.217750 77.625710 -171.074692 -19.694387 -41.875263 -13.146662 -2.193149 16.445171 -56.161564 -19.049530 11.792192 1.558784 
-314.472473 71.688072 1279.530273 0.000000 -52.541225 0.000000 90.250496 2.137676 89.127998 169.795151 -2.365655 142.406494 -1.148225 3.071794 -84.791847 -6.448533 -2.517323 85.103394 0.000002 0.003098 21.478233 -166.530045 7.278826 161.415344 1.024472 -3.090224 -67.421227 5.677353 -2.088692 89.265892 -0.000012 -0.003106 21.474434 0.472685 0.217575 6.723863 1.627351 0.487229 7.476050 1.518430 0.989402 6.953259 -1.550012 -2.520541 10.613047 0.567776 4.245646 -11.207500 1.161372 -75.857704 177.909027 24.792816 54.701092 -0.842325 0.647415 -7.847210 -40.424877 21.189703 1.473442 12.416804 10.690988 77.535530 -170.643143 -20.150620 -42.228966 -12.770471 -2.184268 16.708334 -55.748543 -19.317787 11.210711 1.380523 
-316.736969 71.522247 1280.732666 0.000000 -52.354446 0.000000 90.287758 2.403791 88.788544 169.932816 -2.052911 142.592957 -1.491492 2.938742 -84.125252 -6.331497 -2.558444 85.597969 0.000003 0.003098 21.478048 -166.339493 7.126785 161.517731 1.258537 -2.865407 -67.385963 5.695386 -1.869480 89.607224 -0.000011 -0.003106 21.474224 0.459242 0.211101 6.643163 1.702302 0.620891 7.606178 1.410515 0.943905 6.819571 -1.908300 -2.434469 9.821718 0.440948 3.930401 -11.778598 1.180836 -75.888290 177.888107 23.910902 54.865078 -1.875349 0.554755 -7.879663 -40.131870 20.883715 2.175576 12.433813 10.861305 77.382874 -170.502716 -20.578108 -42.474224 -12.535008 -2.149711 16.842609 -55.250008 -19.492514 10.649149 1.152798 
-318.980743 71.344513 1281.978882 0.000000 -52.147690 0.000000 90.428574 2.270102 88.314789 170.189362 -1.822387 143.207794 -1.720030 2.857714 -82.148064 -6.410269 -2.476238 86.304321 0.000003 0.003098 21.477911 -166.304596 6.817791 161.487823 1.501106 -2.687508 -67.035713 5.671073 -1.613794 90.028427 -0.000011 -0.003106 21.474043 0.434727 0.183389 6.641012 1.758519 0.766165 7.695888 1.286256 0.884837 6.713810 -2.059768 -2.324835 8.695280 0.580323 3.349931 -12.398686 0.288861 -75.989838 178.809647 23.157688 55.024197 -3.000504 0.512358 -7.921101 -39.899246 20.502932 2.312243 12.336762 11.315797 77.271767 -170.070938 -21.290968 -42.595261 -12.035810 -2.024271 16.921642 -54.844536 -19.730167 10.255944 0.899308 
-321.167236 71.155907 1283.243896 0.000000 -51.945541 0.000000 90.543190 1.555772 87.920654 170.593781 -1.501301 144.316208 -1.976985 2.880601 -79.202690 -6.850884 -2.101238 86.952774 0.000004 0.003098 21.477991 -166.498413 6.464561 160.429886 1.714841 -2.526951 -66.729568 6.026761 -1.362380 90.257370 -0.000011 -0.003106 21.473970 0.423617 0.111158 6.727519 1.789718 0.856105 7.635273 1.115597 0.772239 6.724891 -1.873509 -2.215726 7.657290 1.181210 2.762485 -12.924659 -0.834895 -76.102921 179.983673 21.957367 54.903557 -4.783608 0.556345 -8.003670 -40.058952 20.053551 2.231487 12.023269 11.458377 77.101341 -169.942932 -21.129894 -42.628799 -12.184643 -1.922096 16.790791 -54.894524 -19.773973 10.217373 0.554794 
-323.243774 70.956688 1284.496338 0.000000 -51.784279 0.000000 90.604958 0.210188 87.499886 170.904724 -0.825214 146.056702 -2.299544 3.019634 -75.474388 -7.480362 -1.505275 87.575859 0.000005 0.003098 21.479141 -166.919815 6.047144 158.229355 2.033420 -2.454606 -66.279625 6.718011 -0.977944 90.474960 -0.000012 -0.003106 21.473906 0.480535 0.000731 6.891526 1.821707 0.805861 7.459726 0.888339 0.519980 6.913409 -1.339696 -2.342442 6.905362 2.437726 2.279633 -13.285385 -1.707793 -76.271011 -179.096573 20.804083 54.390247 -6.683465 0.728939 -8.295077 -40.857204 19.284124 2.063181 11.713038 10.333218 77.067070 -171.063721 -20.056122 -42.690674 -13.322792 -2.015633 16.403196 -55.721363 -19.634239 10.420968 0.196526 
-325.184906 70.745438 1285.722778 0.000000 -51.691650 0.000000 90.543472 -2.989983 88.881111 170.995544 -0.065026 147.149704 -2.799474 3.165412 -72.825081 -7.956426 -1.304827 88.583168 0.000006 0.003098 21.480022 -167.107407 6.100100 156.775848 2.473008 -2.469329 -66.501999 7.417192 -0.531118 90.407936 -0.000012 -0.003106 21.473206 0.503700 -0.113862 7.026626 1.793569 0.790041 7.244528 0.688033 0.242420 7.178658 -1.150260 -2.714717 6.531582 3.661951 1.965993 -13.899461 -2.459328 -76.378883 -178.361969 19.573692 53.847301 -9.176187 0.876718 -8.654446 -41.642330 18.546217 1.998230 11.624190 8.697604 77.243195 -172.652954 -19.548513 -43.029049 -13.761196 -2.181513 16.067753 -56.638466 -19.506676 10.358585 -0.140940 
-327.034027 70.506195 1286.937866 0.000000 -51.705090 0.000000 89.279327 -3.389977 86.698502 171.162628 0.186020 146.997375 -2.901738 3.136882 -71.215149 -8.249865 -1.365075 91.116966 0.000007 0.003098 21.479971 -167.071411 6.412447 156.388702 2.740468 -2.397868 -67.614616 7.675508 -0.285429 90.504402 -0.000013 -0.003106 21.473492 0.510187 -0.186252 7.036283 1.799010 0.826188 7.157710 0.464487 0.041708 7.308141 -1.542079 -2.806814 6.137468 3.775365 1.852598 -14.541700 -2.910946 -76.446808 -177.963837 18.755693 53.221752 -11.095548 0.894549 -9.006822 -41.965088 18.262550 1.958200 11.491780 7.582727 77.403923 -173.695023 -19.245539 -43.000961 -14.097820 -2.313835 16.037586 -56.957134 -19.681175 10.179158 -0.348340 
-328.842468 70.257957 1288.201904 0.000000 -51.758331 0.000000 89.480125 -3.288547 86.229706 171.600677 0.100519 146.095505 -2.701890 2.975533 -69.679604 -8.004405 -1.734966 91.812408 0.000008 0.003098 21.478867 -166.854324 6.606350 156.987350 2.828602 -2.238548 -68.189583 7.552771 -0.125594 90.842491 -0.000013 -0.003106 21.474007 0.499598 -0.217261 6.989280 1.850297 0.928230 7.190458 0.297729 -0.053015 7.363206 -2.297570 -2.327280 5.449537 3.395330 1.949319 -15.481576 -2.549201 -76.449333 -178.385468 17.797106 52.307491 -12.956045 0.866576 -9.411140 -42.023674 18.393269 1.799983 11.094548 6.067568 77.363251 -175.175812 -18.730055 -42.377617 -14.770742 -2.087471 16.209917 -56.033112 -20.285646 10.070448 -0.383631 
-330.568542 70.014206 1289.508423 0.000000 -51.748398 0.000000 89.601601 -3.305936 86.025757 171.977737 0.389070 145.597229 -2.562731 2.869584 -68.342896 -7.657730 -2.041264 92.425468 0.000008 0.003098 21.477974 -166.863586 6.702418 156.932098 3.143892 -2.160726 -68.643776 7.432425 0.131011 90.839622 -0.000013 -0.003106 21.474432 0.493443 -0.257839 6.951262 1.852795 0.994983 7.241044 0.166874 -0.064997 7.476682 -2.928338 -1.617993 5.025208 3.501601 1.829097 -16.433081 -1.193824 -76.445305 -179.829422 17.172464 51.586483 -14.484042 0.823092 -9.910830 -42.307285 18.748447 1.385862 10.769410 3.771783 77.116402 -177.460251 -18.151981 -42.426895 -15.371625 -1.584333 16.166826 -54.540478 -20.925106 10.020779 -0.347943 
-332.200897 69.770493 1290.818359 0.000000 -51.694225 0.000000 89.764641 -3.492180 86.500748 172.136703 0.895194 147.184982 -2.548121 2.947712 -67.595383 -7.886365 -1.883598 93.559555 0.000009 0.003098 21.478233 -167.388947 6.293399 155.049835 3.704686 -2.106237 -68.158440 7.823103 0.406008 89.135750 -0.000013 -0.003105 21.474081 0.507744 -0.366405 6.898261 1.830659 0.899101 7.322545 -0.122028 -0.170612 7.622602 -2.851650 -1.566471 5.722192 4.561681 1.877658 -16.643398 1.340513 -76.469208 177.499481 17.386175 51.236870 -15.575805 0.866174 -10.296200 -43.288395 18.484686 0.677964 10.500626 1.275436 76.928772 -179.942596 -18.056578 -43.700157 -14.889198 -1.595769 15.738290 -54.660088 -21.004944 9.683590 -0.274703 
-333.824951 69.529030 1292.102905 0.000000 -51.697895 0.000000 89.877846 -3.557585 86.860641 172.012451 1.263658 149.206116 -2.549319 3.068582 -67.659340 -8.109948 -1.676083 94.830574 0.000009 0.003099 21.478605 -167.850967 5.825384 152.896439 4.417029 -2.112839 -68.033997 8.087573 0.568591 88.031219 -0.000014 -0.003105 21.473391 0.528972 -0.465266 6.836997 1.776608 0.763970 7.295867 -0.407729 -0.274474 7.664097 -2.712810 -1.704631 6.353794 5.569200 2.001850 -16.678453 3.277390 -76.407051 175.424805 17.722115 50.818321 -16.085728 0.861116 -10.653293 -44.142330 17.855196 0.049889 10.462305 -0.586981 76.986176 178.218307 -17.970268 -45.194645 -14.324996 -1.749739 15.220572 -54.908958 -20.606600 9.507668 -0.215811 
-335.484222 69.289215 1293.352173 0.000000 -51.771122 0.000000 89.839058 -3.862822 86.580292 172.325317 0.757584 148.118698 -1.960560 2.994029 -67.274979 -7.622086 -1.886278 95.233551 0.000009 0.003099 21.478313 -167.713943 6.173485 152.850098 4.740488 -2.161455 -68.642845 7.521748 0.608085 88.460190 -0.000014 -0.003105 21.474745 0.510542 -0.456741 6.770773 1.844404 0.827429 7.450891 -0.526463 -0.184171 7.675179 -3.364308 -1.363079 6.058557 5.439637 1.739363 -17.282022 4.344591 -76.403427 174.266632 17.240025 49.255421 -16.496075 0.637253 -11.101377 -43.680332 18.692942 0.192343 10.302845 -2.114762 76.962280 176.711029 -18.527338 -45.130882 -13.877691 -1.568521 15.081569 -53.958294 -20.977262 9.868076 -0.224816 
-337.134521 69.044411 1294.617554 0.000000 -51.809643 0.000000 89.813919 -4.067313 86.064835 172.712570 0.345553 146.314728 -1.266383 2.880977 -66.573334 -6.932022 -2.316214 95.383949 0.000008 0.003098 21.477427 -167.511780 6.727831 153.238312 4.944712 -2.268707 -70.030930 6.708521 0.545667 88.999535 -0.000014 -0.003105 21.476282 0.471797 -0.414904 6.760031 1.860901 0.990753 7.635707 -0.576242 -0.029623 7.670982 -4.308371 -0.914026 5.288423 4.980682 1.867499 -17.827940 4.686521 -76.335785 173.835770 17.127298 47.519012 -16.468378 0.284521 -11.579632 -42.698257 19.888237 0.564652 10.004037 -3.362049 77.004356 175.505463 -19.189861 -44.484909 -13.455029 -1.414779 15.153824 -52.819122 -21.329449 10.374940 -0.198742 
-338.757477 68.790398 1295.911011 0.000000 -51.761860 0.000000 89.879265 -3.963599 86.096832 172.883224 0.158789 145.835724 -0.865551 2.895273 -66.492790 -6.686880 -2.522133 95.763847 0.000008 0.003099 21.477144 -167.627594 6.726028 152.679138 5.183551 -2.275697 -70.326431 6.459625 0.510856 88.626289 -0.000014 -0.003105 21.476400 0.445629 -0.442836 6.723418 1.850276 0.978094 7.737257 -0.708445 0.019977 7.694216 -4.674436 -0.930494 5.103940 5.099352 2.311513 -17.991022 5.256912 -76.151108 173.184143 17.531507 46.481705 -16.350971 0.158416 -11.922228 -42.665508 20.224714 0.615063 9.706153 -4.622281 77.056519 174.304794 -19.733894 -45.045120 -12.616979 -1.508810 15.011252 -52.582394 -21.192822 10.701952 -0.202819 
-340.387695 68.536957 1297.200684 0.000000 -51.692776 0.000000 89.901154 -3.566557 86.171082 172.772202 -0.007758 146.156540 -0.714762 2.912190 -66.621811 -6.588010 -2.701542 96.006187 0.000008 0.003099 21.477127 -167.642059 6.633520 152.124390 5.461968 -2.239689 -70.386559 6.427741 0.570906 88.220497 -0.000014 -0.003106 21.475489 0.431687 -0.466341 6.690640 1.843726 0.899320 7.721598 -0.835681 0.034374 7.754759 -4.925490 -0.937440 4.868374 5.277989 2.578425 -18.168993 5.975590 -75.987946 172.416107 17.969755 45.891945 -16.208599 0.135604 -12.169785 -42.673405 20.274485 0.707782 9.510386 -5.285573 77.055283 173.676315 -20.424011 -45.821682 -11.442226 -1.533901 14.883139 -52.403625 -21.077427 10.913193 -0.158851 
-342.041229 68.286438 1298.477905 0.000000 -51.628956 0.000000 89.718811 -3.055557 86.005531 172.651031 -0.012445 146.622208 -0.570098 2.814569 -66.118355 -6.123292 -3.001292 95.859467 0.000008 0.003099 21.477007 -167.530136 6.605862 152.487823 5.622388 -2.150656 -70.911057 6.194159 0.689400 88.168907 -0.000013 -0.003106 21.474306 0.407294 -0.434376 6.679029 1.836179 0.882797 7.680503 -0.905124 0.122298 7.733808 -5.338955 -0.856409 4.489165 5.449926 2.895683 -18.650560 6.314577 -75.930031 172.073837 18.378426 45.568733 -15.612681 0.004498 -12.327439 -41.991180 20.408710 0.948434 9.395967 -5.006036 76.990189 173.952469 -20.966171 -45.932415 -10.709018 -1.292462 14.919800 -51.459511 -21.437880 11.130551 -0.176572 
-343.692902 68.034668 1299.728149 0.000000 -51.564816 0.000000 89.440529 -2.514542 86.040268 172.568390 0.100787 147.156921 -0.538898 2.698413 -65.430138 -5.711777 -3.299875 95.670387 0.000007 0.003099 21.477570 -167.541245 6.526921 152.995361 5.733856 -2.037335 -71.231575 5.888984 0.708862 88.315063 -0.000013 -0.003106 21.473719 0.390585 -0.390425 6.707232 1.795739 0.899132 7.549798 -0.925770 0.229317 7.709417 -5.466254 -0.817371 4.431997 5.392161 3.214496 -18.860250 5.890339 -75.994537 172.523483 19.020563 46.135887 -14.568383 -0.011890 -12.368308 -41.576057 20.442732 1.144683 9.425528 -4.481137 77.004257 174.453629 -21.316418 -45.842247 -10.343380 -1.056270 15.042188 -50.637127 -21.763407 11.339213 -0.058210 
-345.353485 67.790619 1300.949219 0.000000 -51.499256 0.000000 89.214554 -1.838386 86.154053 172.470062 0.259999 147.533295 -0.718290 2.641427 -65.069946 -5.527034 -3.553508 95.373032 0.000006 0.003099 21.478594 -167.478104 6.463740 153.317551 5.830083 -1.926287 -71.077744 5.578739 0.655115 88.697029 -0.000013 -0.003106 21.474001 0.375404 -0.330931 6.762107 1.751398 0.924452 7.317011 -0.867877 0.287218 7.648850 -5.377186 -0.817581 4.802892 5.051156 3.477607 -18.867241 5.302061 -76.132675 173.155884 19.912638 47.173840 -13.088239 0.075294 -12.272884 -41.586441 20.330969 1.019623 9.469782 -3.575109 77.187477 175.320160 -21.491001 -45.661453 -10.312987 -0.949138 15.204588 -50.016041 -21.846340 11.555205 0.206339 
-347.048309 67.563210 1302.165283 0.000000 -51.429321 0.000000 88.961617 -1.081674 85.942139 172.605347 0.313031 147.964386 -0.785427 2.606546 -65.358429 -5.412779 -3.671788 94.797798 0.000006 0.003099 21.479748 -167.496262 6.362705 153.966110 5.794919 -1.890506 -71.049255 5.173238 0.639148 89.466904 -0.000012 -0.003106 21.474874 0.332659 -0.217615 6.827366 1.670732 0.909276 7.128810 -0.723837 0.314223 7.555677 -5.349442 -0.656953 5.449153 4.526936 3.284911 -18.896425 5.527946 -76.336952 172.951630 20.870510 48.617287 -11.494905 0.040599 -12.096625 -41.479286 20.360241 0.387290 9.467774 -1.947646 77.418808 176.883438 -22.140867 -45.431053 -10.021079 -0.934598 15.456059 -49.798092 -21.763861 11.792479 0.449395 
-348.780548 67.368553 1303.419800 0.000000 -51.324039 0.000000 88.874619 -0.615139 85.844521 172.775314 -0.055771 148.448395 -0.772815 2.655182 -66.204788 -5.642293 -3.603435 94.052147 0.000005 0.003099 21.481478 -167.370209 6.252589 154.384399 5.507611 -1.954320 -70.639084 5.054415 0.607797 90.478592 -0.000011 -0.003106 21.476307 0.269442 -0.068368 6.935023 1.538925 0.835460 6.906889 -0.521121 0.323054 7.464877 -5.127052 -0.573486 6.346065 3.805661 2.819764 -18.544256 6.265171 -76.601456 172.279800 21.878191 50.098660 -9.788453 0.010541 -11.969345 -41.960712 20.122499 -0.542493 9.342432 0.512141 77.611244 179.251587 -22.490929 -45.526855 -10.124498 -0.920127 15.479226 -49.849339 -21.311605 12.096071 0.720371 
-350.553497 67.220375 1304.710815 0.000000 -51.179218 0.000000 89.081360 -0.243944 86.334770 172.779739 -0.402791 149.131760 -1.140263 2.905913 -67.596924 -6.259910 -3.064742 93.410851 0.000005 0.003100 21.484228 -167.639496 5.964650 153.549622 5.160559 -2.075371 -69.008331 5.486751 0.619276 90.794922 -0.000011 -0.003106 21.478031 0.215579 0.033293 7.107244 1.310880 0.584400 6.635297 -0.398481 0.307410 7.409282 -4.305438 -0.904796 7.579284 3.250402 2.347386 -17.822205 6.483794 -76.830772 172.088623 23.039946 51.140171 -8.069591 0.225728 -11.862941 -43.397804 19.399920 -1.708951 9.083766 3.039233 77.955719 -178.234695 -22.354202 -46.699055 -10.688951 -1.170609 14.997223 -51.228275 -19.633890 11.981221 1.241497 
-352.421936 67.109207 1306.031372 0.000000 -51.073555 0.000000 89.290482 0.019493 87.042130 172.544434 -0.773480 149.438553 -1.846653 3.275352 -69.827766 -6.869727 -2.401393 92.377678 0.000004 0.003100 21.486591 -168.125961 5.597204 151.954865 4.787107 -2.331695 -66.611000 6.130344 0.598851 91.239594 -0.000012 -0.003106 21.478909 0.232811 0.063591 7.315856 1.124697 0.294605 6.398360 -0.386100 0.408627 7.389045 -3.047908 -1.493284 8.760526 3.016194 2.187042 -17.293474 5.605301 -76.889099 173.028824 24.620184 51.760983 -5.961516 0.403924 -11.866792 -44.902592 18.395611 -2.714052 8.752074 5.612094 78.509247 -175.633987 -21.781462 -48.306774 -11.387114 -1.707217 14.633448 -53.928284 -17.554182 11.459965 1.516398 
-354.423187 67.016251 1307.396362 0.000000 -51.019825 0.000000 89.424309 -0.162740 87.458870 172.276138 -0.960176 149.045120 -2.299299 3.579294 -72.707504 -7.614504 -2.062595 91.607704 0.000004 0.003101 21.487993 -168.348267 5.283983 150.880966 4.556688 -2.625834 -65.282326 6.214818 0.464554 91.724304 -0.000013 -0.003106 21.480631 0.274839 0.124512 7.545356 1.072795 0.135805 6.084434 -0.342952 0.547887 7.364008 -2.410574 -1.796215 9.562634 2.356468 2.150406 -16.264318 4.168520 -76.981224 174.527924 26.786224 52.295921 -3.243438 0.379556 -11.943355 -45.437912 17.952181 -2.834738 8.681904 8.502564 78.890091 -172.741592 -20.228426 -48.836510 -12.950186 -2.181169 14.560168 -56.112076 -16.936878 11.316547 1.612267 
-356.513489 66.919418 1308.806274 0.000000 -50.990524 0.000000 89.513702 -0.777422 87.920425 172.264160 -0.911094 148.755997 -2.554099 3.831439 -74.715210 -7.985411 -1.980891 88.667946 0.000003 0.003102 21.488630 -168.510071 4.777604 149.883179 4.570240 -2.872775 -64.336441 6.147837 0.253970 92.128372 -0.000013 -0.003106 21.482710 0.284193 0.189055 7.731436 1.027378 -0.031801 5.804986 -0.286166 0.609691 7.416619 -2.074420 -2.079189 10.044380 1.729159 2.515343 -15.210695 2.123692 -77.090141 176.638977 28.571136 52.777134 -1.004624 0.426834 -12.088971 -45.810455 17.696190 -2.828553 8.751189 10.758350 79.421967 -170.496216 -18.024740 -48.533951 -14.862117 -2.818241 14.556380 -58.697052 -16.446482 11.486686 1.698644 
-358.671295 66.818520 1310.250488 0.000000 -50.978916 0.000000 89.700668 -1.299748 88.379303 171.870819 -0.611375 148.847855 -2.933635 3.992509 -75.824577 -8.244963 -1.824633 88.433922 0.000003 0.003103 21.488743 -168.315918 4.481650 148.350693 4.593233 -3.040316 -63.610947 6.277686 0.040643 92.243469 -0.000014 -0.003107 21.484558 0.274638 0.217769 7.865779 0.966135 -0.258471 5.578242 -0.283952 0.639125 7.495821 -1.928723 -2.411290 10.746117 1.559867 3.009378 -13.999060 -0.334329 -77.302826 179.138901 29.967171 52.915955 0.430098 0.660437 -12.325001 -46.664230 17.166973 -2.970646 8.860195 13.265315 79.826042 -168.008713 -16.105871 -48.084534 -16.566076 -3.552065 14.496992 -61.192310 -15.686519 11.676608 1.663753 
-360.889893 66.709702 1311.728516 0.000000 -50.977085 0.000000 89.910370 -1.586873 88.545013 171.426361 -0.222216 149.096924 -3.342262 4.039575 -76.059792 -8.477084 -1.999275 88.399384 0.000002 0.003103 21.488699 -167.902618 4.417865 147.237228 4.687018 -3.048724 -62.897816 6.327032 -0.093197 91.909683 -0.000014 -0.003107 21.486095 0.268466 0.225435 7.928166 0.940424 -0.400536 5.409749 -0.338213 0.676463 7.385997 -1.922854 -2.843852 11.378074 1.484485 3.782848 -13.018184 -2.826735 -77.498383 -178.354935 31.085350 53.005859 1.640771 0.932774 -12.244592 -46.972702 16.949236 -2.887569 8.882560 16.268459 80.091698 -165.027451 -14.600293 -47.940392 -18.017107 -4.181440 14.444623 -62.904209 -15.132035 11.845426 1.612646 
-363.141571 66.596817 1313.229126 0.000000 -50.986343 0.000000 90.024261 -1.457405 88.391747 171.142914 -0.164118 148.636887 -3.281622 3.978722 -75.753586 -8.441513 -2.325508 88.533150 0.000002 0.003104 21.488972 -167.554611 4.516149 146.952820 4.760676 -2.977519 -62.975338 6.151651 -0.040419 91.772163 -0.000014 -0.003107 21.487690 0.282934 0.256261 7.953618 0.914969 -0.385310 5.408649 -0.285882 0.748153 7.258153 -1.991797 -3.397466 11.533875 1.113882 4.372923 -12.798885 -4.232736 -77.586220 -176.933411 31.410618 52.851608 2.182870 0.976566 -12.107933 -46.534550 17.234034 -2.577412 8.783107 18.638977 80.262611 -162.661957 -13.684719 -47.701721 -19.129269 -4.770462 14.579822 -63.725525 -14.932147 11.986327 1.748213 
-365.426727 66.486740 1314.753296 0.000000 -50.997131 0.000000 89.984154 -0.880642 87.973030 171.334854 -0.456967 147.399963 -2.585358 3.866694 -74.520638 -8.154830 -2.750860 88.299576 0.000002 0.003104 21.488827 -167.315598 4.413013 147.954407 4.993605 -2.982846 -63.990509 5.530303 0.137698 91.891083 -0.000013 -0.003107 21.489271 0.341168 0.345545 7.941630 0.942326 -0.262785 5.670981 -0.137334 0.899735 7.150046 -2.384035 -3.764437 11.261518 0.203819 4.543223 -13.131680 -4.171195 -77.474174 -176.956955 31.538427 52.385830 2.819789 0.745409 -11.959743 -45.324940 17.996231 -2.101467 8.525782 20.997284 80.322319 -160.306961 -13.094024 -47.131531 -20.086643 -5.294032 14.939030 -63.749340 -14.905746 12.125806 1.986584 
-367.713348 66.377892 1316.282227 0.000000 -50.954365 0.000000 89.843811 0.031571 87.459702 171.508942 -0.555778 146.525665 -1.909810 3.702638 -73.566902 -7.589467 -3.268446 88.216072 0.000002 0.003104 21.487349 -167.363266 4.046556 149.211136 5.275696 -2.998461 -65.054916 5.121123 0.347056 91.973579 -0.000012 -0.003107 21.489899 0.400680 0.432974 7.888376 0.914880 -0.072722 6.057948 0.032450 1.008969 6.994389 -2.811620 -3.857628 11.223667 -0.718048 4.251510 -13.502542 -2.873604 -77.347916 -178.273331 31.505688 52.341457 3.270971 0.350395 -12.033016 -44.157642 18.790903 -1.482437 8.420129 22.757845 80.236557 -158.543228 -13.633837 -46.569946 -19.862793 -5.511456 15.435821 -63.176617 -14.623716 12.057434 2.293894 
-369.969208 66.273354 1317.808105 0.000000 -50.816360 0.000000 89.898674 3.062770 89.265762 171.532822 -0.349281 146.443192 -1.742210 3.642161 -73.525253 -7.228796 -3.636421 88.256531 0.000001 0.003104 21.486326 -167.468887 3.619774 149.785782 5.417583 -2.956192 -65.828857 4.889937 0.550367 91.502449 -0.000012 -0.003107 21.490211 0.430817 0.478963 7.844593 0.893409 -0.032460 6.221039 0.096752 1.103232 6.822902 -2.998120 -3.900274 11.481733 -0.857559 4.182146 -13.285761 -1.989453 -77.244026 -179.193436 31.484873 52.645485 3.557037 0.184522 -12.079271 -43.660130 19.174292 -0.915705 8.312792 23.611670 80.105835 -157.700531 -13.415075 -46.257565 -20.071247 -5.670091 15.845029 -63.008396 -14.638657 11.918123 2.659647 
-372.195099 66.173370 1319.335449 0.000000 -50.581078 0.000000 89.829132 3.749655 89.086235 171.366440 -0.068006 146.734818 -1.773885 3.587177 -73.324409 -6.951238 -3.926408 88.280518 0.000001 0.003104 21.486250 -167.638336 3.256935 149.906784 5.407887 -2.847397 -65.892723 4.801795 0.800935 90.914345 -0.000011 -0.003107 21.490562 0.439846 0.479593 7.783384 0.951914 -0.002295 6.398847 0.138562 1.197697 6.618125 -2.941027 -3.953649 11.568126 -0.697081 3.938552 -12.847363 -0.945591 -77.326164 179.716690 31.458637 53.340611 3.659760 0.047814 -12.080600 -43.379330 19.390314 -0.448123 8.102088 24.475342 79.887238 -156.853485 -12.959214 -46.306988 -20.280832 -5.730002 16.163586 -62.711830 -14.898529 11.599753 2.988218 
-374.390015 66.090714 1320.858521 0.000000 -50.259125 0.000000 89.798378 4.089745 88.567070 171.406372 -0.071716 146.987595 -1.940502 3.522549 -72.653122 -6.832672 -4.238518 88.237564 0.000002 0.003104 21.486252 -167.698425 2.887614 150.530884 5.002889 -2.748321 -65.740425 4.707691 0.979803 90.595924 -0.000011 -0.003107 21.490782 0.482058 0.492569 7.724823 1.121761 0.148528 6.714398 0.189133 1.291485 6.356842 -2.991719 -3.966890 11.241403 -0.369445 3.258287 -12.636393 0.950647 -77.629395 177.787537 30.578606 54.234344 3.025072 -0.148024 -12.007065 -42.911449 19.659279 -0.036129 7.836958 25.404699 79.500259 -155.933228 -12.889296 -46.403732 -20.310406 -5.636784 16.579754 -62.078884 -15.429524 11.159017 3.065105 
-376.536133 66.021797 1322.360352 0.000000 -49.847694 0.000000 89.677460 2.074513 85.258049 171.923294 -0.441836 147.014633 -1.962831 3.459723 -71.638687 -6.652382 -4.407878 88.360558 0.000002 0.003103 21.485592 -167.486160 2.935745 151.834457 4.098371 -2.728424 -65.951180 4.517778 1.133572 90.778969 -0.000010 -0.003106 21.491020 0.552065 0.528274 7.679371 1.324251 0.384736 7.026770 0.243585 1.341234 6.125802 -3.303336 -3.914979 10.437593 -0.115086 2.369215 -13.170435 4.180498 -77.938629 174.514130 29.633730 54.580330 2.204984 -0.410973 -11.923086 -42.191719 19.561758 0.647804 7.317514 25.023058 79.039581 -156.331253 -13.101771 -46.111149 -20.254845 -5.313489 16.864817 -60.545300 -16.277370 10.567773 2.730031 
-378.554688 65.942146 1323.797852 0.000000 -49.331238 0.000000 89.703636 2.085189 84.510101 172.812363 -1.081107 147.262634 -1.463472 3.405036 -69.743698 -6.435123 -4.577385 88.808815 0.000003 0.003103 21.484863 -167.194336 3.452000 152.648041 2.800509 -2.728271 -66.427650 4.103776 1.163569 91.411667 -0.000010 -0.003106 21.491301 0.609048 0.572178 7.610125 1.500522 0.644410 7.385256 0.178758 1.225844 5.955835 -3.592075 -3.915462 9.183260 0.590242 1.664223 -13.988632 7.163787 -78.206467 171.498169 28.930836 54.048393 1.355519 -0.610079 -11.828840 -41.347252 18.584766 0.895219 6.925316 23.403067 78.491135 -157.940292 -13.392385 -45.148434 -20.209661 -4.857953 16.811844 -58.716816 -17.544704 10.300210 1.804810 
-380.406097 65.829041 1325.172241 0.000000 -48.786964 0.000000 89.850731 0.938541 84.180351 173.281845 -1.588912 148.252121 -1.067852 3.420288 -67.298454 -6.850538 -4.511178 89.279915 0.000004 0.003103 21.484957 -166.944061 4.211718 152.014755 2.151288 -2.800903 -66.063553 3.739702 1.189568 91.445930 -0.000010 -0.003105 21.491272 0.628899 0.480153 7.606444 1.580656 0.829564 7.668196 -0.058181 1.015667 5.906803 -3.584139 -4.185172 8.003499 1.916910 1.260975 -15.096061 7.635781 -78.731201 171.046066 27.540983 52.811890 0.039754 -0.489641 -11.883971 -41.283295 17.688007 0.790999 6.421317 21.104811 78.372589 -160.202103 -13.327401 -44.232712 -20.204468 -4.640770 16.202648 -57.850018 -18.450516 10.078541 0.651942 
-382.129883 65.693260 1326.515991 0.000000 -48.341827 0.000000 90.192200 -1.112293 84.731873 173.317795 -1.658738 149.998093 -1.522301 3.461870 -65.266685 -7.876523 -3.816552 91.440857 0.000005 0.003103 21.486038 -167.151260 5.347886 150.995987 2.135518 -2.933061 -65.548660 3.396028 1.228639 91.222832 -0.000011 -0.003105 21.490286 0.638693 0.361727 7.720205 1.564078 0.881085 7.762888 -0.405990 0.618020 5.960752 -2.922220 -4.522441 6.894684 3.773113 0.836154 -16.068842 6.254189 -79.349380 172.415680 26.454599 51.671120 -1.445064 -0.049581 -11.809588 -42.130898 17.090967 1.122383 5.970647 17.527716 78.622360 -163.760101 -12.184884 -43.737049 -20.644617 -4.764882 15.582544 -58.180729 -18.871431 9.268139 -0.522692 
-383.811737 65.537674 1327.841553 0.000000 -48.082626 0.000000 90.431343 -2.062826 85.834381 173.523346 -1.602329 151.202164 -1.688674 3.390376 -63.755653 -8.406016 -3.184821 92.039314 0.000005 0.003104 21.487747 -166.665527 5.887154 150.288773 2.540956 -2.779825 -65.702156 3.603962 1.438337 90.744820 -0.000011 -0.003105 21.488211 0.680238 0.304242 7.835009 1.529502 0.767970 7.587214 -0.704706 0.308667 6.052224 -2.714600 -4.512023 5.815731 4.083267 0.717526 -16.887209 6.409038 -79.741646 172.237228 27.213482 50.811729 -1.335680 0.314222 -11.813610 -42.475754 16.460838 0.975319 5.453955 14.668429 78.436966 -166.626099 -12.233157 -43.685150 -19.652075 -4.526610 15.133084 -57.833229 -19.800621 9.193694 -0.974339 
-385.401611 65.346687 1329.119873 0.000000 -47.925289 0.000000 90.427475 -2.875832 87.052216 173.410995 -1.097958 152.638290 -1.459329 3.320890 -62.989594 -9.192881 -2.820659 92.980339 0.000006 0.003104 21.488737 -166.692917 6.250530 149.327560 3.396714 -2.703400 -65.606064 3.692190 1.707828 88.463715 -0.000012 -0.003105 21.484468 0.691578 0.223805 7.860726 1.587041 0.666381 7.516199 -0.991362 0.106588 6.193170 -2.546791 -4.454190 4.840163 4.523566 0.689449 -17.897238 6.921876 -80.118431 171.625198 28.547117 50.174397 -1.106835 0.579790 -11.839799 -42.949646 16.015299 0.829550 5.281873 12.970340 78.115646 -168.351013 -12.728895 -44.318363 -17.857103 -4.325335 14.733323 -57.704193 -20.089184 8.833630 -1.224018 
-386.954620 65.122414 1330.331055 0.000000 -47.873917 0.000000 90.434998 -3.569840 88.018768 172.733444 -0.603985 154.431595 -1.435676 3.235743 -62.585602 -10.221067 -2.389083 94.819771 0.000006 0.003105 21.489889 -166.397568 6.409091 147.204193 4.161626 -2.671053 -65.626289 3.835550 1.851464 87.479607 -0.000012 -0.003105 21.479940 0.686205 0.143966 7.881247 1.704709 0.300254 7.566033 -1.324303 -0.114003 6.224328 -2.529816 -4.958736 4.340002 5.625454 1.396575 -18.512657 7.587049 -80.491508 170.817642 30.362410 49.247463 -0.421369 0.926745 -11.967106 -44.024872 15.695912 0.155013 5.350870 11.583739 77.921135 -169.794250 -14.434496 -46.909538 -14.998350 -4.336795 13.971420 -58.678280 -19.976858 8.624330 -1.426058 
-388.535706 64.894623 1331.475220 0.000000 -48.041412 0.000000 90.488274 -3.638236 87.973251 171.959137 -0.838756 154.773560 -1.066925 3.119674 -62.147465 -10.714993 -2.149130 96.296341 0.000007 0.003105 21.490110 -166.220108 6.694164 145.970184 4.557798 -2.732099 -65.462128 3.791220 1.936541 87.089134 -0.000012 -0.003105 21.476507 0.706209 0.096165 7.847497 1.846323 -0.003107 7.780591 -1.632129 -0.265325 6.439816 -3.013646 -4.919940 4.061099 6.143186 1.755285 -19.105412 9.736098 -80.397141 168.530090 31.601641 48.172005 -0.004564 0.897765 -12.057863 -44.192413 15.436346 -0.200450 5.048765 11.286527 77.801537 -170.104553 -16.042938 -48.419830 -12.177283 -4.256120 13.297258 -59.025845 -20.341190 8.627152 -1.717891 
-390.060822 64.665459 1332.520996 0.000000 -48.347691 0.000000 90.419830 -3.519507 87.389656 172.233673 -1.313653 152.792450 -0.045121 3.117911 -61.290359 -10.185725 -2.587065 96.291496 0.000006 0.003105 21.488659 -166.496796 7.068226 146.951050 4.567611 -2.894862 -66.458107 3.282413 1.827779 87.282097 -0.000012 -0.003104 21.476982 0.753640 0.139854 7.781189 1.828853 0.097981 8.077366 -1.654746 -0.201913 6.643401 -3.760912 -4.185073 3.605630 5.674023 1.242613 -19.480204 12.823653 -80.225090 165.354660 30.824543 46.847706 -0.869412 0.312062 -12.042512 -42.702000 15.631665 0.308026 4.691305 12.013800 77.731094 -169.295654 -16.442265 -47.650421 -11.632257 -3.926491 13.272364 -57.260880 -21.116571 8.922163 -2.031803 
-391.414062 64.435074 1333.435791 0.000000 -48.598824 0.000000 90.158211 -3.469546 86.817596 172.478638 -1.474983 150.214951 0.809908 3.100789 -60.240074 -9.167142 -3.048198 95.967346 0.000006 0.003104 21.486753 -166.545731 7.439205 148.467178 4.471504 -2.965560 -68.076286 2.866189 1.337526 87.472755 -0.000011 -0.003104 21.478222 0.758400 0.177368 7.722077 1.639444 0.290902 8.314934 -1.681156 -0.068681 6.744796 -4.363459 -3.301859 3.153206 5.097035 0.677470 -19.757872 13.642335 -79.948166 164.494080 29.662394 45.501183 -1.708341 -0.385770 -12.034958 -41.007828 16.255875 1.038693 4.176808 11.710918 77.880188 -169.488724 -16.273556 -46.560505 -11.858032 -3.452029 13.351404 -54.618256 -21.889221 9.373269 -2.071352 
-392.568298 64.202782 1334.175659 0.000000 -48.737480 0.000000 89.782478 -3.348208 86.790024 172.186554 -1.599685 149.452652 1.303901 3.025553 -59.464977 -8.296869 -3.055446 95.743706 0.000005 0.003104 21.486193 -166.119141 7.304834 149.681686 4.223023 -2.885503 -68.445335 2.720811 1.111645 87.291016 -0.000011 -0.003104 21.478685 0.725334 0.187198 7.699591 1.450252 0.348418 8.245949 -1.743973 0.019942 6.682869 -4.136896 -2.846828 3.073001 4.905161 0.635401 -20.182175 13.753371 -79.781685 164.321976 29.204409 45.195400 -2.013444 -0.743097 -12.021566 -40.176292 16.059826 1.070771 3.586751 11.337430 78.095680 -169.811432 -16.176702 -46.390373 -11.443703 -3.140955 13.311646 -52.863331 -22.491739 9.949026 -1.881889 
-393.586609 63.961227 1334.773560 0.000000 -48.838310 0.000000 89.265167 -2.650910 86.750359 172.135742 -1.569841 149.038254 1.742840 2.952295 -58.858395 -7.490072 -2.958416 95.126678 0.000005 0.003103 21.486380 -165.635574 6.833294 151.284546 3.504776 -2.767826 -67.955765 2.678981 0.938343 87.222450 -0.000010 -0.003104 21.478935 0.672102 0.214208 7.718105 1.195666 0.419153 8.027842 -1.649217 0.081419 6.571387 -3.536990 -2.567112 3.157916 4.773720 0.792618 -20.500629 15.028147 -79.565826 163.000961 29.203125 45.800724 -1.695683 -1.002117 -11.939413 -39.529369 15.433899 0.896161 3.141943 12.066188 78.301773 -169.049072 -15.901794 -46.357880 -11.138218 -2.837456 13.236620 -51.635029 -22.821360 10.432291 -1.691367 
-394.559082 63.719112 1335.306885 0.000000 -48.913128 0.000000 88.592934 -1.781887 86.684372 172.132538 -1.381851 149.273209 1.974842 2.799847 -57.658775 -6.328073 -2.718831 94.313774 0.000005 0.003103 21.487358 -165.430618 6.046889 152.698257 2.342867 -2.548678 -67.600868 2.789272 0.708008 87.345840 -0.000010 -0.003103 21.479361 0.609409 0.223290 7.801065 0.842923 0.487610 7.846060 -1.375372 0.090387 6.378768 -2.592128 -2.260387 3.604715 5.128801 1.210281 -20.234818 15.654127 -79.427032 162.400543 29.067005 45.808079 -1.090467 -1.062624 -11.870904 -39.752953 14.531466 0.315171 3.137569 11.500916 78.403793 -169.592712 -14.731517 -46.114788 -11.366774 -2.477679 13.044946 -50.822693 -23.126818 10.765717 -1.258955 
-395.539185 63.492115 1335.857910 0.000000 -48.928562 0.000000 88.736572 3.384686 91.347160 172.046600 -1.492973 149.020325 1.889007 2.829506 -56.977440 -6.037780 -2.554294 94.184937 0.000004 0.003103 21.486940 -165.106140 5.727412 153.045151 1.771870 -2.549114 -66.891350 2.865571 0.428377 87.828018 -0.000010 -0.003104 21.478914 0.574965 0.263499 7.872200 0.704135 0.428106 7.747125 -1.205411 0.101369 6.473857 -1.992695 -2.084783 3.959477 4.966974 1.264753 -19.343042 15.336199 -79.296516 162.785309 29.214100 46.467434 -1.059273 -0.838310 -12.049947 -40.525360 14.372008 -0.500516 2.918201 12.413999 78.437767 -168.618652 -15.226810 -45.952194 -11.136549 -2.709654 13.133780 -51.562691 -22.442348 10.881208 -0.856785 
-396.549622 63.308887 1336.445557 0.000000 -48.890575 0.000000 89.104065 3.309218 91.356331 171.910690 -1.731597 148.477875 1.772003 2.962425 -56.977665 -6.136687 -2.319707 94.257545 0.000005 0.003104 21.486263 -164.897156 5.515876 152.638092 1.521924 -2.659208 -65.786072 2.318176 0.242810 88.277069 -0.000010 -0.003104 21.478178 0.505707 0.295253 7.983125 0.654251 0.171864 7.724758 -1.110676 0.047012 6.738131 -1.586891 -1.905155 4.120923 4.661989 0.946640 -18.284185 13.050093 -79.148422 165.140717 30.427227 46.925270 -0.816069 -0.481105 -12.532548 -41.854767 14.722470 -1.452835 2.746086 14.084035 78.453384 -166.866165 -15.606981 -46.222343 -11.309153 -3.182274 13.282652 -53.529572 -21.822531 10.921533 -0.311342 
-397.593231 63.177525 1337.066895 0.000000 -48.876633 0.000000 89.558266 2.594856 91.724548 171.954071 -1.702694 148.915833 1.507716 3.184510 -58.549355 -6.737830 -1.987616 94.316086 0.000005 0.003105 21.485373 -164.720032 5.235555 151.962601 1.951553 -2.832398 -64.730400 1.487870 0.186955 88.852020 -0.000011 -0.003104 21.476713 0.449266 0.314984 8.114675 0.645067 -0.262206 7.622248 -1.129002 -0.139580 6.938193 -1.108218 -1.795322 4.146796 4.136259 0.568485 -17.152355 9.716871 -78.923485 168.503967 32.447765 46.839474 0.073629 0.194986 -13.138558 -43.830677 15.008265 -1.980766 2.664214 16.150785 78.557686 -164.737259 -15.886110 -46.663685 -11.630239 -3.723045 13.142104 -56.045227 -21.359838 10.768823 -0.008690 
-398.701599 63.064396 1337.706055 0.000000 -48.906029 0.000000 89.895149 1.520843 92.474564 171.767502 -1.662541 150.666962 1.260460 3.335996 -60.539104 -7.844316 -1.617216 94.976349 0.000006 0.003105 21.485979 -163.891663 4.984816 151.589081 2.465435 -2.930975 -63.671402 0.726304 -0.034289 89.078354 -0.000011 -0.003105 21.475176 0.403978 0.331008 8.192928 0.624881 -0.714914 7.454648 -1.171816 -0.556730 6.938813 -0.255596 -2.023604 4.089085 3.747662 0.217867 -16.307487 6.434701 -78.826073 171.747787 34.585766 46.528042 1.152707 0.990837 -13.528547 -46.185009 14.733705 -2.347698 2.538108 18.800144 78.912910 -162.162094 -16.174519 -47.887882 -11.381556 -4.037662 12.843648 -58.609058 -21.245285 10.598328 -0.132011 
-399.868469 62.926548 1338.315186 0.000000 -49.058163 0.000000 90.070045 0.607017 93.692108 171.468262 -1.250509 153.308121 1.049888 3.451966 -62.531410 -9.197962 -1.143886 95.820587 0.000006 0.003106 21.486643 -162.821487 4.978010 150.830078 3.023315 -3.030900 -62.171295 0.388603 -0.426392 88.758224 -0.000012 -0.003105 21.473145 0.387778 0.271941 8.233463 0.625147 -1.076440 7.250352 -1.285239 -1.031327 6.828763 1.113773 -2.571045 3.974943 4.104048 0.182119 -15.592428 3.951456 -78.745720 174.170120 35.380810 46.039616 1.228446 2.156466 -14.083220 -49.852692 14.258756 -3.124134 2.431578 20.856752 79.324265 -160.289627 -16.370541 -49.522697 -11.665464 -4.226468 12.487221 -61.165005 -21.587313 10.155533 -0.446059 
-401.104309 62.766232 1338.863037 0.000000 -49.385643 0.000000 90.261642 0.434058 94.111443 171.322586 -0.886770 154.728149 0.965483 3.514645 -63.457100 -9.774008 -0.841179 96.128197 0.000005 0.003106 21.485689 -162.211273 4.810212 150.934677 3.717898 -3.031903 -61.405994 0.367931 -0.714646 89.005417 -0.000012 -0.003105 21.471481 0.352131 0.206227 8.279036 0.595765 -1.296740 7.117620 -1.404022 -1.216978 6.779684 1.724531 -2.504876 4.078301 4.757524 -0.160373 -15.080314 2.680108 -78.652397 175.454224 36.304935 46.350780 1.348005 3.295712 -14.681750 -52.754452 14.001325 -3.452850 2.555188 20.881868 79.441055 -160.347748 -15.928646 -49.724087 -12.778527 -4.311612 12.401140 -62.254704 -21.977470 9.937487 -0.500258 
-402.333893 62.600517 1339.383911 0.000000 -49.787922 0.000000 90.288208 0.449018 93.909142 171.340805 -0.942989 154.262848 1.056570 3.532835 -62.390381 -9.712676 -0.760836 96.022552 0.000005 0.003106 21.484756 -161.861649 4.531075 151.720505 3.822859 -3.019418 -60.561104 0.461688 -0.967369 91.071884 -0.000012 -0.003105 21.471949 0.344688 0.169534 8.311764 0.536849 -1.273328 7.257339 -1.431457 -1.161252 6.838247 1.672763 -2.151824 4.291582 5.042777 -0.621432 -14.659380 2.936568 -78.679169 175.230988 36.827374 46.863949 1.111372 3.673309 -14.806594 -53.448524 14.122175 -3.554905 2.811124 19.188534 79.359459 -162.058319 -15.869997 -49.230839 -13.185452 -4.220539 12.400826 -61.381191 -22.266809 9.926832 -0.334541 
-403.496155 62.452168 1339.906128 0.000000 -50.178307 0.000000 90.266998 0.677567 93.580788 171.389465 -1.108833 153.176270 1.033367 3.589229 -60.678692 -9.409719 -0.947025 95.568306 0.000005 0.003106 21.484089 -161.745148 4.053637 152.362518 3.616084 -2.992765 -59.751026 0.644956 -1.075412 91.472420 -0.000012 -0.003104 21.473047 0.371238 0.155926 8.337169 0.498964 -1.157856 7.371751 -1.342355 -1.029341 6.824319 1.650260 -1.812889 4.421995 5.180928 -0.904371 -14.289982 3.429212 -78.684334 174.797150 37.171597 47.317142 1.117551 3.654116 -14.541808 -53.185204 14.319791 -3.682616 2.979410 17.471485 79.246429 -163.756226 -15.893087 -48.515549 -13.134266 -3.987720 12.479523 -59.765007 -22.600161 10.225988 -0.306974 
-404.576172 62.320286 1340.434692 0.000000 -50.524956 0.000000 90.230713 1.496171 93.304230 170.976028 -1.579286 151.936203 1.096562 3.776844 -58.903500 -9.095499 -1.250307 95.039818 0.000004 0.003106 21.483707 -161.631561 3.359746 152.661804 3.263117 -2.978964 -59.295998 0.860461 -0.950084 91.793663 -0.000011 -0.003104 21.474306 0.399065 0.157714 8.391430 0.421218 -1.147013 7.211143 -1.280402 -0.831794 6.694066 1.816892 -1.282908 4.792960 5.073734 -1.079450 -14.078407 3.987209 -78.421181 174.340561 37.385044 48.299538 1.672978 3.397511 -14.369071 -52.465004 14.881724 -4.320636 3.066494 15.890553 79.134933 -165.321167 -16.146955 -47.752750 -12.530434 -3.982836 12.872869 -58.916702 -22.855782 10.526539 -0.148696 
-405.547089 62.192692 1340.967041 0.000000 -50.762711 0.000000 90.211655 2.523978 92.956245 170.444656 -2.197531 149.718948 1.539689 4.016179 -57.048389 -8.693452 -1.373380 94.138847 0.000004 0.003106 21.483109 -161.618958 2.920583 152.846924 2.900850 -3.032200 -58.766376 0.835995 -0.584457 91.997543 -0.000012 -0.003104 21.475445 0.433425 0.118906 8.451027 0.317950 -1.191554 6.995018 -1.331611 -0.619190 6.526285 1.818278 -0.348586 5.155859 4.753086 -1.289013 -13.764853 4.690376 -77.917686 173.708572 36.722641 49.531452 1.551334 3.289305 -14.415705 -52.149200 15.970913 -4.936226 3.216744 13.445029 79.022171 -167.767609 -16.683468 -46.249481 -11.476189 -4.278915 13.587926 -58.921021 -22.890577 10.575191 0.408108 
-406.375031 62.047829 1341.518921 0.000000 -50.826851 0.000000 90.116158 2.990436 92.484444 170.675858 -2.261676 147.058426 1.443298 4.071443 -56.048119 -8.229375 -1.479361 93.277130 0.000004 0.003106 21.481260 -162.024872 2.825201 153.299850 2.748437 -3.181006 -58.308884 0.714849 -0.347742 92.231224 -0.000012 -0.003104 21.475752 0.430260 0.079375 8.477665 0.288433 -1.041621 7.181145 -1.326420 -0.413187 6.577027 1.442519 0.422993 5.119229 4.569722 -1.463778 -13.813284 5.125863 -77.603401 173.300201 36.204597 49.609962 0.869211 3.446427 -14.412958 -52.589409 16.711542 -4.256965 3.501425 11.857432 78.720024 -169.292953 -16.748545 -45.244465 -11.708481 -4.270926 13.821021 -58.330166 -23.264513 10.755976 0.663307 
-407.113464 61.905460 1342.084351 0.000000 -50.781689 0.000000 90.021896 3.552259 92.028114 171.144089 -2.167860 144.513168 1.278311 4.110090 -55.331360 -7.778629 -1.763934 92.208817 0.000004 0.003105 21.479593 -162.608704 2.694792 154.035004 2.754821 -3.342484 -58.206806 0.689863 -0.115840 92.248383 -0.000011 -0.003104 21.476004 0.433703 0.054369 8.477755 0.323512 -0.846972 7.354782 -1.336265 -0.192839 6.684236 1.229463 0.861037 5.158841 4.383700 -1.580144 -14.052344 6.174014 -77.423424 172.242599 35.683697 49.318493 0.430789 3.494914 -14.395113 -52.595089 17.382944 -3.550862 3.776089 11.039213 78.460045 -170.040222 -16.481375 -44.463600 -11.994219 -4.133576 13.942208 -57.710976 -23.465769 10.862200 0.780694 
-407.774963 61.750389 1342.679443 0.000000 -50.607361 0.000000 89.974518 3.899282 91.785858 171.569183 -2.134456 143.119736 1.040812 4.117717 -54.911633 -7.502203 -2.043417 91.529457 0.000004 0.003105 21.478247 -163.047073 2.631722 154.524490 2.899650 -3.462156 -57.906902 0.910976 -0.027426 92.132423 -0.000011 -0.003104 21.476097 0.459261 0.026212 8.478179 0.365365 -0.685356 7.403276 -1.317397 -0.065831 6.743819 1.219904 0.989980 5.367142 4.366576 -1.571601 -14.118542 7.108586 -77.392494 171.288925 35.459911 49.091545 0.207882 3.522023 -14.280448 -52.651505 17.887257 -3.062627 3.997901 10.541225 78.320549 -170.515366 -15.889516 -44.066830 -12.455425 -3.990818 14.043906 -57.408016 -23.476776 10.930562 0.790104 
-408.387329 61.579659 1343.295532 0.000000 -50.330112 0.000000 89.967926 3.895551 91.819221 171.761200 -2.116717 142.701050 0.854127 4.137841 -54.847584 -7.515270 -2.146636 91.311295 0.000003 0.003105 21.477627 -163.289154 2.611483 154.756729 3.013780 -3.532394 -57.526966 1.126202 -0.034108 91.891586 -0.000011 -0.003103 21.476147 0.490990 -0.004605 8.478232 0.429510 -0.614624 7.370416 -1.253747 -0.028954 6.711995 1.499192 1.014779 5.491110 4.498945 -1.460328 -13.975681 7.347284 -77.407646 171.045273 35.094574 49.058403 -0.175392 3.608017 -14.103155 -53.031776 18.129740 -2.808779 4.153431 10.053103 78.291161 -171.018768 -15.616643 -44.118813 -12.724291 -3.927941 14.088117 -57.407074 -23.375757 10.896792 0.812394 
-408.985046 61.405460 1343.934570 0.000000 -50.003765 0.000000 89.973663 3.696253 92.034164 171.830475 -2.126735 142.976746 0.704967 4.138360 -55.061108 -7.668272 -2.127258 91.326134 0.000003 0.003104 21.477253 -163.433167 2.638248 154.870590 3.120785 -3.588381 -56.955433 1.321830 -0.101175 91.582466 -0.000011 -0.003103 21.476225 0.527964 -0.028564 8.486459 0.504197 -0.593906 7.269443 -1.162899 -0.006352 6.664776 1.790023 0.983199 5.585342 4.600283 -1.281962 -13.759375 7.329231 -77.413582 171.066177 34.751755 48.963581 -0.506260 3.709876 -13.844541 -53.424873 18.271946 -2.597522 4.305932 9.489507 78.271240 -171.615952 -15.359064 -44.253365 -12.998731 -3.935081 14.126904 -57.646290 -23.259336 10.806160 0.734556 
-409.591400 61.230862 1344.597046 0.000000 -49.652626 0.000000 89.971634 3.495018 92.224571 171.862381 -2.244936 143.493286 0.447420 4.101058 -55.434231 -7.876941 -2.064281 91.438919 0.000003 0.003104 21.476973 -163.604141 2.701927 155.016190 3.123201 -3.634557 -56.326538 1.564882 -0.252826 91.236816 -0.000011 -0.003103 21.476301 0.582672 -0.044033 8.494561 0.592585 -0.561501 7.126104 -1.061550 0.024679 6.678547 2.088968 0.884306 5.675057 4.833709 -1.222381 -13.726997 7.183238 -77.425552 171.235718 34.285435 48.863407 -0.951312 3.786483 -13.543493 -53.591175 18.313997 -2.355816 4.433203 9.084721 78.263298 -172.047134 -14.915197 -44.298325 -13.396442 -4.005665 14.201427 -58.032192 -23.139883 10.858755 0.571070 
-410.204834 61.058132 1345.284180 0.000000 -49.262943 0.000000 89.964264 3.209343 92.401077 171.831329 -2.318848 144.175613 0.139929 4.044373 -55.899059 -8.070951 -2.013247 91.614426 0.000003 0.003104 21.476583 -163.802795 2.735900 155.190643 2.995889 -3.684202 -55.847336 1.814899 -0.469556 90.923973 -0.000011 -0.003103 21.476164 0.638011 -0.059860 8.507538 0.669610 -0.503853 6.984808 -0.965558 0.072388 6.746699 2.362293 0.824102 5.782817 5.154815 -1.206787 -13.690077 7.032262 -77.420700 171.417435 33.649380 48.797321 -1.603892 3.827058 -13.232328 -53.607967 18.360949 -2.111900 4.554241 8.475775 78.272423 -172.690475 -14.385790 -44.283905 -13.858922 -4.076920 14.235827 -58.443897 -22.945564 10.959809 0.372448 
-410.826691 60.890377 1345.991089 0.000000 -48.829941 0.000000 90.014977 2.909616 92.553436 171.833038 -2.420789 145.058212 -0.120108 3.991659 -56.559578 -8.273193 -1.980051 91.905876 0.000003 0.003104 21.476238 -163.920837 2.756344 155.296631 2.871496 -3.730394 -55.315144 2.044113 -0.716813 90.594368 -0.000011 -0.003103 21.475920 0.692818 -0.072719 8.511539 0.708518 -0.427557 6.866545 -0.862431 0.101560 6.827935 2.617214 0.776626 5.858973 5.498580 -1.142024 -13.652916 6.715106 -77.419441 171.762543 33.170715 48.743008 -2.122160 3.842801 -12.955683 -53.600994 18.415987 -1.864964 4.742076 7.703377 78.289703 -173.491196 -13.710479 -44.371887 -14.344863 -4.164851 14.185906 -58.783226 -22.781635 11.064013 0.145792 
-411.461914 60.726131 1346.713013 0.000000 -48.356075 0.000000 90.133179 2.629077 92.657288 171.900406 -2.557108 146.111206 -0.344545 3.948742 -57.330269 -8.506978 -1.955228 92.218231 0.000003 0.003104 21.475956 -164.077332 2.814705 155.420319 2.685801 -3.760506 -54.744026 2.315951 -0.939515 89.440628 -0.000011 -0.003103 21.475769 0.745375 -0.082746 8.519873 0.744407 -0.338563 6.785223 -0.739233 0.092131 6.898588 2.936941 0.756358 5.857491 5.972678 -1.085501 -13.579224 6.025632 -77.424263 172.481384 32.866440 48.872784 -2.514320 3.901184 -12.691614 -53.723770 18.399826 -1.660302 4.927464 7.076500 78.338036 -174.150787 -13.163166 -44.431995 -14.883813 -4.218128 14.115637 -59.059570 -22.732924 11.198050 -0.111307 
-412.125000 60.565250 1347.454102 0.000000 -47.860218 0.000000 90.294128 2.426212 92.592041 171.930328 -2.631699 146.910599 -0.487556 3.933262 -58.178341 -8.669982 -1.945324 92.499847 0.000003 0.003103 21.475687 -164.285431 2.796356 155.646210 2.524174 -3.807375 -54.279232 2.573870 -1.126912 89.281883 -0.000011 -0.003103 21.475660 0.788854 -0.084324 8.538457 0.760266 -0.258161 6.741272 -0.621780 0.057328 6.934201 3.210790 0.722917 5.847107 6.365348 -1.035254 -13.537234 5.145852 -77.489937 173.385361 32.618450 48.999447 -2.754669 3.926971 -12.426920 -53.804623 18.526735 -1.480364 5.087959 6.751338 78.406097 -174.511490 -12.847918 -44.464642 -15.200452 -4.250172 14.082292 -59.277431 -22.786745 11.373952 -0.343222 
-412.814514 60.404335 1348.210205 0.000000 -47.341183 0.000000 90.435631 2.405801 92.281181 171.947479 -2.627580 146.950012 -0.565382 3.927927 -58.935764 -8.651061 -1.957655 92.623306 0.000003 0.003103 21.475269 -164.475693 2.851177 155.962616 2.414083 -3.874124 -53.833511 2.820345 -1.227218 89.202644 -0.000011 -0.003102 21.475641 0.812289 -0.082302 8.556808 0.765595 -0.182132 6.759261 -0.526397 0.022950 6.956041 3.374356 0.667149 5.732708 6.474802 -1.027670 -13.648313 4.471703 -77.553772 174.066208 32.413330 49.057793 -2.784471 3.856781 -12.220856 -53.638420 18.850039 -1.275902 5.249423 6.917842 78.439667 -174.354523 -12.864564 -44.370045 -15.297106 -4.210532 14.116872 -59.176338 -22.884771 11.539949 -0.489020 
-413.503326 60.233982 1348.972168 0.000000 -46.772686 0.000000 90.538536 2.367838 91.864235 171.973846 -2.642735 146.374741 -0.646514 3.903778 -59.625984 -8.466150 -1.989683 92.499161 0.000003 0.003103 21.474844 -164.694809 2.988440 156.343903 2.261299 -3.917000 -53.437927 3.082038 -1.304684 89.174728 -0.000011 -0.003103 21.475731 0.821230 -0.085099 8.567492 0.781448 -0.109990 6.828667 -0.417716 0.011385 6.970014 3.377931 0.639110 5.592208 6.450827 -0.963535 -13.827027 4.074945 -77.615883 174.466354 32.186478 49.092613 -2.847536 3.718665 -12.019506 -53.145725 19.175444 -0.966054 5.433486 7.149790 78.445351 -174.113174 -13.217511 -44.134098 -15.221426 -4.103134 14.194796 -58.840027 -23.006948 11.725744 -0.571063 
-414.177429 60.053761 1349.744263 0.000000 -46.144737 0.000000 90.595306 2.155699 91.496010 172.019821 -2.725379 145.674057 -0.833458 3.845084 -60.248974 -8.266861 -2.026249 92.379089 0.000003 0.003102 21.474333 -164.983017 3.214705 156.695953 2.051146 -3.928220 -53.144524 3.292377 -1.417976 89.208687 -0.000011 -0.003103 21.475784 0.826020 -0.096346 8.554183 0.839619 -0.038499 6.884499 -0.300741 0.030268 6.986727 3.259337 0.614232 5.519149 6.413647 -0.788326 -14.026590 3.645018 -77.691444 174.895020 31.931999 48.965218 -2.847620 3.532540 -11.819976 -52.465832 19.520203 -0.712055 5.628773 6.900238 78.441193 -174.343826 -13.470411 -43.862774 -15.145278 -4.030849 14.281292 -58.623749 -23.181087 11.960771 -0.602426 
-414.831177 59.857567 1350.517944 0.000000 -45.460968 0.000000 90.605446 1.953343 91.157166 172.108353 -2.779361 144.870804 -1.057681 3.809190 -60.851189 -8.071290 -2.061832 92.263115 0.000003 0.003102 21.473753 -165.315109 3.427228 157.119797 1.859538 -3.927571 -52.951057 3.490875 -1.526624 89.225189 -0.000011 -0.003103 21.475691 0.827587 -0.111846 8.533853 0.914532 0.038014 6.928451 -0.176771 0.057985 6.991945 3.093330 0.597239 5.477128 6.395167 -0.594708 -14.155092 3.133677 -77.795235 175.405380 31.791634 48.764927 -2.564141 3.360584 -11.587502 -51.839806 19.873926 -0.551035 5.910400 6.750957 78.449585 -174.476013 -13.795197 -43.604076 -15.097393 -3.960376 14.342340 -58.462620 -23.309546 12.266315 -0.577239 
-415.473602 59.645264 1351.296143 0.000000 -44.720592 0.000000 90.532448 -0.920992 88.008774 172.240570 -2.809248 144.020065 -1.333268 3.810512 -61.469555 -7.929187 -2.111714 92.242645 0.000003 0.003102 21.473104 -165.630493 3.671685 157.655777 1.732431 -3.920230 -52.849373 3.717706 -1.614022 89.280716 -0.000010 -0.003103 21.475475 0.823820 -0.128193 8.511618 0.985278 0.104994 6.973286 -0.040332 0.092874 6.999305 2.881009 0.605922 5.401062 6.256546 -0.355318 -14.297380 2.599482 -77.905640 175.940887 31.660162 48.538738 -2.087853 3.199713 -11.381603 -51.290741 20.167200 -0.511005 6.187176 6.864933 78.450211 -174.346695 -14.174899 -43.399460 -15.038182 -3.824558 14.419358 -58.201698 -23.325001 12.581455 -0.523733 
-416.108521 59.417259 1352.083008 0.000000 -43.928288 0.000000 90.509697 -1.025085 87.789009 172.323746 -2.897879 143.285553 -1.554932 3.802276 -61.992863 -7.767880 -2.182332 92.234070 0.000003 0.003101 21.472515 -165.986618 3.976542 158.143799 1.629810 -3.887323 -52.936924 4.046867 -1.686653 89.379410 -0.000010 -0.003103 21.475040 0.809596 -0.155608 8.468503 1.078253 0.176565 7.036300 0.107950 0.116735 6.988424 2.633128 0.661100 5.330312 6.197576 -0.199255 -14.531528 2.338985 -77.997925 176.184494 31.439547 48.294338 -1.794729 3.017745 -11.140568 -50.745106 20.465424 -0.524540 6.450103 6.905613 78.385437 -174.298096 -14.485615 -43.254799 -14.947093 -3.677360 14.536677 -57.910717 -23.272905 12.871487 -0.445209 
-416.739563 59.175228 1352.888428 0.000000 -43.095528 0.000000 90.472855 -1.316785 87.607582 172.359741 -3.009115 142.701096 -1.784809 3.768262 -62.045143 -7.545583 -2.248638 92.306503 0.000003 0.003101 21.472033 -166.314163 4.335136 158.549927 1.538481 -3.853761 -53.301140 4.342298 -1.754091 89.496742 -0.000010 -0.003103 21.474464 0.790558 -0.197790 8.411404 1.202984 0.243251 7.125541 0.273183 0.137584 6.965922 2.432629 0.754062 5.401326 6.212459 -0.115074 -14.716065 1.945846 -78.085518 176.556824 30.981361 48.150841 -1.843277 2.804481 -10.857523 -50.142815 20.741488 -0.542906 6.725530 6.921355 78.279793 -174.271790 -14.561264 -43.175964 -14.825686 -3.538673 14.662436 -57.531822 -23.220209 13.211390 -0.376471 
-417.377747 58.917271 1353.722412 0.000000 -42.241966 0.000000 90.394875 -1.560112 87.402733 172.368179 -3.178873 142.114105 -1.958312 3.712404 -61.604683 -7.334680 -2.265439 92.466515 0.000003 0.003101 21.471760 -166.570267 4.861337 158.907501 1.417426 -3.817104 -53.960075 4.646752 -1.796738 89.529884 -0.000010 -0.003103 21.473797 0.754387 -0.252920 8.314506 1.343839 0.332531 7.265354 0.484241 0.154887 6.950458 2.372134 0.890167 5.478778 6.353053 0.024922 -14.858058 1.454204 -78.186279 177.056915 30.337473 48.205441 -2.125526 2.637045 -10.611522 -49.770622 20.935150 -0.758945 6.941297 7.000782 78.215881 -174.181351 -14.631306 -42.930153 -14.649949 -3.434598 14.869642 -57.083462 -23.129843 13.519758 -0.331001 
-418.022858 58.651344 1354.610718 0.000000 -41.381386 0.000000 90.311005 -1.749970 87.169273 172.404312 -3.339584 141.570343 -2.088300 3.651449 -61.005123 -7.118702 -2.222765 92.639778 0.000003 0.003100 21.471645 -166.746597 5.330638 159.138901 1.245269 -3.769559 -54.777248 5.004559 -1.914742 89.478500 -0.000010 -0.003104 21.473358 0.728209 -0.306321 8.219797 1.478640 0.474407 7.442582 0.726610 0.164949 6.942719 2.332303 1.058279 5.347469 6.624701 0.167627 -14.887805 1.073629 -78.339577 177.467972 29.492390 48.408241 -2.572658 2.475507 -10.383658 -49.393044 21.172451 -1.026051 7.128428 6.906964 78.154625 -174.269989 -14.679018 -42.705952 -14.490705 -3.261616 15.121355 -56.427593 -23.190985 13.754227 -0.338328 
-418.666992 58.386211 1355.565430 0.000000 -40.536671 0.000000 90.218369 -1.794779 86.975418 172.443604 -3.410501 141.011887 -2.129850 3.605513 -60.533356 -6.830615 -2.173035 92.903465 0.000004 0.003100 21.471510 -166.949356 5.767478 159.361893 1.088732 -3.719000 -55.696247 5.416206 -1.987475 89.415825 -0.000010 -0.003104 21.472878 0.714350 -0.371656 8.149111 1.583779 0.641940 7.625494 0.935307 0.171059 6.931408 2.335842 1.285988 5.267220 6.893356 0.256725 -14.929237 1.147769 -78.487473 177.403305 28.453737 48.843227 -3.254527 2.332847 -10.189352 -49.052979 21.506340 -1.352933 7.261209 6.681397 78.100761 -174.511642 -14.428018 -42.473351 -14.509629 -3.001518 15.257677 -55.489388 -23.273275 13.948684 -0.305743 
-419.294373 58.125271 1356.573242 0.000000 -39.731098 0.000000 90.099709 -1.720809 86.787628 172.456131 -3.418123 140.466309 -2.116378 3.567868 -60.206661 -6.515233 -2.091633 93.058220 0.000004 0.003100 21.471388 -167.083496 6.170572 159.595383 1.075370 -3.707164 -56.798786 5.722683 -2.004035 89.224380 -0.000009 -0.003104 21.472479 0.713441 -0.438867 8.076322 1.684210 0.814383 7.779535 1.149921 0.186771 6.920683 2.380039 1.589557 5.270210 7.132274 0.368712 -14.987449 1.246431 -78.636711 177.317795 27.437559 49.364594 -4.120098 2.240117 -10.060015 -48.735817 21.907858 -1.515793 7.358775 6.456138 77.990623 -174.744370 -13.835207 -42.284988 -14.911287 -2.726288 15.358697 -54.408272 -23.424311 14.165037 -0.266096 
-419.896881 57.872898 1357.611450 0.000000 -38.961750 0.000000 89.959915 -1.727106 86.655952 172.371140 -3.412399 140.314758 -2.177456 3.534408 -60.004314 -6.261572 -1.988101 93.279770 0.000004 0.003100 21.471292 -167.143631 6.403000 159.656006 1.172267 -3.687956 -57.872272 5.948959 -2.039551 89.164375 -0.000009 -0.003104 21.471834 0.715507 -0.507729 8.016618 1.787620 0.949282 7.882894 1.337747 0.240253 6.902338 2.409455 1.890375 5.462355 7.524893 0.450171 -15.003268 1.593612 -78.689072 176.962723 26.523697 49.878124 -5.078959 2.221641 -9.976973 -48.453068 22.188242 -1.503189 7.360436 6.052892 77.845886 -175.164703 -13.392197 -42.232655 -15.341144 -2.545856 15.450507 -53.612167 -23.449448 14.314691 -0.173980 
-420.477386 57.634960 1358.682983 0.000000 -38.239079 0.000000 89.920555 -2.056306 86.641045 172.258469 -3.379017 140.840286 -2.200698 3.483316 -59.852589 -5.977650 -1.776580 93.351471 0.000004 0.003100 21.471487 -167.239777 6.424126 159.521179 1.254838 -3.661319 -58.216419 6.063251 -2.093563 88.941772 -0.000009 -0.003104 21.471327 0.732624 -0.556821 7.967973 1.819101 1.025526 7.880842 1.471614 0.289742 6.924949 2.556626 2.129246 5.872061 7.944200 0.539514 -15.060911 2.135429 -78.580818 176.401291 25.904009 50.194183 -6.085237 2.265371 -9.906881 -48.394978 22.381382 -1.369231 7.238001 5.718446 77.735687 -175.520996 -13.114550 -42.388161 -15.720374 -2.501637 15.498177 -53.263084 -23.162348 14.350828 -0.102379 
-421.062042 57.416199 1359.786743 0.000000 -37.571751 0.000000 89.992722 -2.524083 86.873962 172.102341 -3.462909 141.885376 -2.174547 3.417168 -59.766254 -5.794881 -1.546240 93.241920 0.000004 0.003099 21.471998 -167.452423 6.339550 159.126099 1.399409 -3.654134 -58.062588 6.152272 -2.146089 88.529839 -0.000009 -0.003104 21.470699 0.753647 -0.589275 7.992365 1.770283 1.070050 7.728000 1.553542 0.297608 7.013106 2.841910 2.292446 6.358838 8.128843 0.746691 -15.066054 2.139312 -78.393738 176.380478 25.373348 50.204479 -7.063271 2.361133 -9.857243 -48.714886 22.553429 -1.255968 7.047521 5.533660 77.678169 -175.745346 -12.555048 -42.642017 -16.520332 -2.559732 15.458806 -53.248375 -22.635805 14.450033 -0.006293 
-421.668732 57.220715 1360.899536 0.000000 -36.962330 0.000000 90.017609 -2.883711 87.153519 171.693039 -3.554748 142.473267 -2.302351 3.403505 -59.937550 -5.850340 -1.345746 93.178558 0.000005 0.003099 21.472260 -167.684052 6.314016 158.542786 1.589252 -3.578568 -57.716625 6.164505 -2.191588 88.278587 -0.000009 -0.003104 21.470156 0.751610 -0.611220 8.034825 1.678481 1.094482 7.556778 1.592623 0.294381 7.115626 2.929615 2.437349 6.807053 7.877483 1.110869 -15.106617 1.891820 -78.175293 176.612595 24.691679 50.080624 -8.189932 2.411106 -9.756339 -49.067383 22.674557 -1.004629 6.969117 4.946272 77.605507 -176.328613 -11.945430 -42.770241 -17.560171 -2.657355 15.429583 -53.012749 -22.284781 14.558698 0.172633 
-422.294342 57.044762 1361.985840 0.000000 -36.401657 0.000000 89.957893 -3.295812 87.321449 171.344940 -3.478145 142.092255 -2.511834 3.364558 -60.581501 -6.057882 -1.237843 93.434692 0.000005 0.003099 21.471405 -168.044952 6.205815 158.176224 1.913550 -3.412373 -57.321404 5.954497 -2.295875 88.102386 -0.000009 -0.003104 21.469692 0.730090 -0.626140 8.056568 1.570298 1.091838 7.409439 1.570063 0.295810 7.217525 2.663675 2.681411 7.164775 7.332530 1.228750 -15.135279 1.639311 -77.988213 176.846588 24.063251 49.889969 -9.080142 2.395837 -9.672018 -49.282253 22.849598 -0.692861 6.882384 3.114162 77.504341 -178.106018 -11.488711 -42.701496 -18.439619 -2.691042 15.299125 -52.340115 -22.084906 14.603289 0.431313 
-422.937347 56.882870 1363.057617 0.000000 -35.848949 0.000000 89.880081 -3.565618 87.480652 171.239487 -3.320072 141.634750 -2.484191 3.301100 -60.913536 -6.237125 -1.230100 93.670906 0.000005 0.003099 21.470720 -168.399094 6.244482 157.943024 2.075107 -3.267486 -57.252827 5.734018 -2.357462 87.811272 -0.000010 -0.003105 21.469522 0.719885 -0.664018 8.027633 1.558313 1.105231 7.379426 1.507770 0.321419 7.248451 2.240036 2.799758 7.505004 6.966017 1.174661 -15.190072 2.098809 -77.805588 176.362793 23.379473 49.376705 -9.919814 2.339792 -9.708265 -49.090225 22.887159 -0.303180 6.933944 1.621154 77.356819 -179.540817 -10.893864 -42.636421 -19.306812 -2.514817 15.165374 -51.323048 -21.843546 14.594013 0.694439 
-423.586426 56.723206 1364.144531 0.000000 -35.283104 0.000000 89.884750 -3.684956 87.658752 171.144470 -3.144120 141.287201 -2.306700 3.227027 -61.060173 -6.204516 -1.312464 93.987411 0.000005 0.003099 21.470350 -168.765289 6.345165 157.538727 2.153893 -3.111902 -57.483601 5.632606 -2.292558 87.535484 -0.000010 -0.003105 21.469419 0.696465 -0.712555 7.954409 1.594325 1.164906 7.418900 1.438538 0.323122 7.245684 1.674142 2.815372 7.937373 6.789416 1.161519 -15.178060 3.373386 -77.702934 175.061417 22.823723 48.840130 -10.657164 2.281662 -9.749275 -48.706627 23.051628 -0.057203 6.962666 0.621517 77.192688 179.511673 -10.421581 -42.729496 -19.745007 -2.238303 15.075207 -50.236721 -21.678982 14.487493 0.887410 
-424.244110 56.560028 1365.260010 0.000000 -34.715557 0.000000 89.985641 -3.681130 87.913536 170.999207 -3.072088 140.919708 -2.016092 3.167260 -61.258419 -6.052895 -1.465412 94.283798 0.000005 0.003099 21.470028 -169.361755 6.432118 157.116043 2.271341 -2.958355 -57.808514 5.686481 -2.179729 87.324440 -0.000010 -0.003106 21.469286 0.680170 -0.757360 7.869917 1.662789 1.246469 7.532071 1.358394 0.328323 7.248228 0.946528 2.820012 8.386700 6.712255 1.227234 -15.235858 4.863370 -77.570290 173.548874 22.465336 48.404259 -11.094687 2.173099 -9.843282 -48.252808 23.387533 0.005351 6.957088 -0.019610 77.005157 178.926773 -10.093258 -42.874065 -19.845779 -1.954979 15.037600 -49.247234 -21.653097 14.446428 0.969158 
-424.908875 56.395103 1366.405151 0.000000 -34.156387 0.000000 90.095726 -3.672214 88.133347 170.961807 -3.123314 140.358231 -1.745916 3.101259 -61.497490 -5.888873 -1.660266 94.517593 0.000005 0.003099 21.469736 -170.085724 6.542039 156.716354 2.459977 -2.796879 -58.125507 5.788548 -2.116802 87.100777 -0.000010 -0.003106 21.469061 0.662848 -0.798470 7.789983 1.745668 1.322561 7.676622 1.277434 0.363823 7.260900 0.109458 2.914132 8.800976 6.605212 1.320284 -15.286854 6.227495 -77.385437 172.161636 22.149721 48.038555 -11.381238 2.092677 -10.002953 -47.986362 23.787762 -0.037152 6.945337 -0.836179 76.789177 178.161972 -9.721483 -42.943817 -20.019348 -1.621679 15.031192 -48.191765 -21.671743 14.643288 1.089639 
-425.569000 56.230442 1367.582642 0.000000 -33.609138 0.000000 90.113808 -3.635334 88.229332 170.911530 -3.296732 139.575424 -1.581354 3.003373 -62.047359 -5.760738 -1.874051 94.711769 0.000006 0.003098 21.469347 -170.739258 6.657277 156.351761 2.722547 -2.637240 -58.637424 5.793704 -2.109222 86.872864 -0.000010 -0.003107 21.468679 0.641921 -0.845282 7.718365 1.825944 1.353657 7.847934 1.169605 0.410278 7.276258 -0.623409 3.057125 9.255595 6.488485 1.326397 -15.321033 7.209301 -77.195488 171.157654 22.243233 47.861279 -11.232647 2.071528 -10.150395 -48.076817 24.228191 -0.051612 6.975006 -1.654680 76.509750 177.406387 -9.675981 -43.010250 -20.023092 -1.307210 15.100895 -47.233929 -21.582098 14.861611 1.304837 
-426.216736 56.068283 1368.786133 0.000000 -33.086746 0.000000 90.082771 -3.522881 88.344910 170.987869 -3.429111 138.828201 -1.479788 2.899594 -62.644196 -5.684274 -2.123363 94.818314 0.000006 0.003098 21.469110 -171.263535 6.842844 156.233124 3.005776 -2.477386 -59.422417 5.760510 -2.160429 86.683746 -0.000010 -0.003108 21.468193 0.605323 -0.899081 7.644653 1.875029 1.361987 8.040003 1.063254 0.464800 7.291962 -1.311793 3.186794 9.721139 6.376153 1.343227 -15.257643 8.030890 -77.034653 170.322449 22.587795 47.868816 -10.786612 2.098444 -10.297098 -48.381989 24.767403 -0.082250 7.125319 -2.304268 76.218742 176.811569 -9.616915 -43.082748 -20.001896 -1.031213 15.240788 -46.517921 -21.575493 14.955081 1.529141 
-426.860229 55.911835 1370.023682 0.000000 -32.602211 0.000000 90.020988 -3.321258 88.595421 171.143967 -3.445320 138.401428 -1.443572 2.794965 -63.391216 -5.614895 -2.404760 94.832428 0.000006 0.003098 21.468990 -171.660278 6.973273 156.268112 3.233796 -2.356250 -60.365623 5.756199 -2.237106 86.620461 -0.000010 -0.003108 21.467569 0.567492 -0.956229 7.564722 1.913462 1.345097 8.225029 0.984550 0.500807 7.298896 -1.869508 3.371761 10.178015 6.254730 1.453358 -15.083823 8.460121 -76.863792 169.889740 22.926540 48.130619 -10.335267 2.092081 -10.479098 -48.613110 25.427050 -0.157155 7.433244 -2.737803 75.930565 176.418274 -9.661067 -43.252789 -19.821556 -0.784865 15.452698 -46.115906 -21.466291 14.991800 1.726181 
-427.498291 55.768341 1371.294189 0.000000 -32.159286 0.000000 89.982094 -3.139782 89.073456 171.276154 -3.452658 138.288559 -1.430543 2.712288 -64.220284 -5.667752 -2.627973 94.613663 0.000006 0.003098 21.469154 -171.895660 7.080110 156.202698 3.414306 -2.300951 -61.115929 5.658558 -2.309826 86.669106 -0.000010 -0.003109 21.467031 0.527603 -0.981513 7.496482 1.922536 1.288043 8.344731 0.965929 0.514075 7.357491 -2.218434 3.553879 10.650735 6.041600 1.727552 -14.769870 8.839248 -76.722183 169.512802 23.246696 48.396313 -9.640676 2.104490 -10.653179 -48.737736 25.902220 -0.299730 7.835369 -2.942803 75.788155 176.217331 -10.072447 -43.480885 -19.272741 -0.542193 15.719830 -46.063049 -21.092321 15.101862 1.917817 
-428.147400 55.642712 1372.616333 0.000000 -31.771654 0.000000 89.797653 -3.136372 89.622215 171.410309 -3.510585 138.571533 -1.454629 2.694231 -65.088203 -5.987502 -2.780035 94.090683 0.000006 0.003098 21.469679 -172.038666 7.199252 156.258514 3.439823 -2.349002 -61.489326 5.373497 -2.366532 86.873863 -0.000010 -0.003109 21.466713 0.482988 -0.973662 7.452338 1.926753 1.206719 8.402525 1.014379 0.526220 7.401674 -2.349982 3.641902 11.045839 5.748000 2.007555 -14.397058 8.915629 -76.635513 169.442688 23.767681 48.710442 -8.523290 2.074466 -10.750648 -48.647430 26.252460 -0.598149 8.259291 -2.621891 75.751823 176.504654 -10.801621 -43.727394 -18.405716 -0.381780 15.913100 -46.449917 -20.658281 15.207515 2.156358 
-428.823944 55.534088 1373.991211 0.000000 -31.445055 0.000000 89.617134 -3.147121 90.194679 171.373138 -3.791986 139.014618 -1.476667 2.772389 -66.171303 -6.575873 -2.869275 93.054497 0.000005 0.003098 21.470026 -171.965042 7.299850 156.591324 3.176857 -2.481465 -61.383705 4.954816 -2.330986 87.224831 -0.000010 -0.003109 21.466936 0.417250 -0.894525 7.402757 1.892888 1.110842 8.361181 1.162441 0.508542 7.386535 -2.394672 3.582919 11.355824 5.059306 2.095811 -13.879419 8.400646 -76.727051 169.996384 24.286814 49.054394 -7.216922 1.997551 -10.685140 -48.081196 26.380196 -1.120333 8.653238 -1.940344 75.887100 177.128815 -12.096025 -44.117325 -16.866909 -0.276102 16.031788 -47.138622 -20.113413 15.200445 2.386627 
-429.554321 55.439323 1375.443115 0.000000 -31.175167 0.000000 89.468117 -3.206199 90.592911 171.091965 -3.953952 139.982559 -1.514802 2.962953 -67.629753 -7.208379 -2.729079 91.735199 0.000005 0.003098 21.470449 -171.762924 7.338427 156.872498 2.717914 -2.739576 -60.790653 4.607758 -2.320626 87.463524 -0.000009 -0.003108 21.467579 0.345759 -0.778167 7.383183 1.861097 0.916844 8.263198 1.313597 0.517176 7.352760 -2.030820 3.322589 11.767070 4.137371 1.889076 -13.433575 7.241588 -76.867081 171.204498 25.155075 49.426327 -5.914473 1.997873 -10.541166 -47.742458 26.255964 -1.987426 8.766051 -0.834490 76.138885 178.173660 -13.248842 -44.754612 -15.520421 -0.218204 15.876022 -47.805904 -19.503002 15.134457 2.578666 
-430.342163 55.359959 1376.955322 0.000000 -30.936934 0.000000 89.417938 -3.365945 90.650833 170.396729 -3.835623 141.977097 -1.660366 3.247145 -69.566917 -7.767118 -2.460738 88.258865 0.000006 0.003098 21.470978 -171.431885 7.080765 157.063904 1.985262 -3.094035 -59.835369 4.539064 -2.342749 87.362350 -0.000009 -0.003107 21.468472 0.361230 -0.638956 7.469465 1.819357 0.583951 8.072081 1.317424 0.507092 7.481894 -0.810369 2.774528 12.231956 3.203944 1.833649 -13.170392 6.173658 -76.894363 172.290085 25.984539 49.984905 -5.345100 2.223359 -10.319119 -47.934353 25.810831 -3.259534 8.686287 0.744825 76.483925 179.668945 -12.872538 -45.648010 -16.287521 -0.284452 15.630546 -48.690411 -18.715027 15.112783 2.643479 
-431.189148 55.304379 1378.496094 0.000000 -30.715385 0.000000 89.511002 -3.638183 90.778114 169.284241 -3.380233 144.887833 -2.064903 3.511206 -72.383514 -8.404402 -2.166525 85.738159 0.000007 0.003098 21.470987 -171.232635 6.191996 156.325562 1.022566 -3.512696 -58.744686 5.099130 -2.455184 87.163002 -0.000009 -0.003107 21.468870 0.468979 -0.594113 7.635704 1.681654 0.188954 7.629852 1.248934 0.477008 7.668299 0.425508 2.363856 12.282588 3.269402 2.460545 -12.497875 5.968367 -76.712990 172.508957 26.430521 51.080467 -5.324751 2.447184 -10.361116 -48.582497 25.028904 -4.205663 8.907404 2.171356 76.778633 -179.038651 -12.257804 -46.209667 -17.534668 -0.650068 15.102914 -49.627457 -18.024004 15.009596 2.861989 
-432.093903 55.289555 1379.989990 0.000000 -30.489689 0.000000 89.465019 -3.962708 90.994690 168.370987 -2.700336 146.919846 -2.504948 3.697676 -75.622795 -8.935559 -1.952045 83.582527 0.000007 0.003098 21.471004 -171.288239 5.079422 155.307129 0.374992 -3.952150 -57.899544 5.552839 -2.588004 87.170509 -0.000009 -0.003106 21.468742 0.513742 -0.565154 7.798219 1.663423 -0.118640 7.103096 1.122230 0.491801 7.779613 1.255299 2.016380 12.299418 3.730805 3.114594 -11.665652 6.018451 -76.777496 172.490891 26.603951 51.938622 -5.222670 2.506352 -10.318460 -48.419453 23.869589 -4.608029 9.247580 4.319744 77.015930 -176.943665 -12.544057 -46.712151 -17.318644 -0.854318 14.579426 -50.467178 -17.707321 14.967705 2.982988 
-433.077728 55.315773 1381.485962 0.000000 -30.241354 0.000000 89.372307 -4.448837 91.449196 167.917969 -2.452845 147.961044 -2.566351 3.812258 -78.268929 -9.216551 -1.996609 82.142303 0.000006 0.003098 21.472151 -171.148636 4.408856 155.509613 0.131840 -4.256104 -57.445072 5.733836 -2.582142 87.127502 -0.000010 -0.003106 21.468357 0.472799 -0.503837 7.811738 1.716249 -0.230230 6.781301 1.071949 0.576807 7.893774 1.527285 1.620790 12.588480 4.216149 3.723304 -10.715549 5.673259 -76.858665 172.890869 26.887234 52.386730 -4.559307 2.476728 -10.163687 -47.596813 23.073099 -4.632072 9.299170 6.307984 77.104210 -174.992599 -13.427301 -46.435947 -16.198231 -0.836221 14.347303 -51.152950 -17.304922 14.832247 2.837560 
-434.121033 55.368740 1383.008423 0.000000 -29.968809 0.000000 89.360985 -5.289330 91.970680 167.888153 -2.167736 148.230850 -2.364102 3.900993 -80.092155 -9.024901 -2.071429 81.377083 0.000006 0.003099 21.474072 -171.035309 4.133914 156.784912 0.163096 -4.450728 -57.584911 5.661495 -2.436092 87.065247 -0.000009 -0.003106 21.468060 0.453321 -0.415448 7.749887 1.750193 -0.176589 6.696421 1.138027 0.713391 7.888104 1.221042 1.394462 12.915342 4.479911 4.391542 -10.315837 5.372948 -76.983948 173.269318 27.321222 52.250248 -4.168793 2.344115 -9.922140 -46.461422 23.053738 -4.538751 9.218944 8.359013 77.221107 -173.001495 -14.692831 -45.607079 -14.601625 -0.898829 14.346703 -51.722137 -17.087177 14.736887 2.639477 
-435.203064 55.437447 1384.559570 0.000000 -29.736197 0.000000 89.294998 -5.842096 92.291077 167.821045 -2.105933 148.116867 -2.406306 3.947805 -81.540665 -8.615083 -2.085908 80.949112 0.000005 0.003099 21.475300 -170.768097 4.022117 157.765320 0.211576 -4.561669 -57.949631 5.543302 -2.388230 87.228180 -0.000009 -0.003106 21.468052 0.464586 -0.307010 7.721837 1.689018 -0.078482 6.666357 1.153445 0.892081 7.871063 0.905390 1.304749 13.180653 4.646348 4.761137 -10.221037 4.558463 -77.210503 174.184662 27.946827 52.323467 -3.760147 2.273844 -9.714939 -45.718872 22.941833 -4.490221 9.139076 9.544025 77.333328 -171.850632 -15.208746 -45.006866 -14.031771 -0.921354 14.318612 -51.645687 -17.160360 14.901999 2.509682 
-436.304718 55.504829 1386.107666 0.000000 -29.568686 0.000000 89.186935 -5.913913 92.513542 167.834534 -2.247609 147.600082 -2.462218 3.968002 -82.390663 -8.218807 -2.110767 80.636147 0.000005 0.003098 21.476044 -170.521469 4.015427 158.420609 0.319068 -4.616157 -58.406097 5.532592 -2.366000 87.616287 -0.000009 -0.003106 21.468311 0.465604 -0.205659 7.735549 1.574395 0.039982 6.668032 1.153479 1.071939 7.905413 0.836140 1.127461 13.180798 4.602929 4.931755 -10.186310 3.258653 -77.259857 175.583054 28.282486 52.677128 -3.461424 2.252256 -9.565814 -45.326435 22.728951 -4.637562 9.146627 9.456117 77.486542 -171.938644 -14.240890 -44.529007 -15.360203 -0.954274 14.307525 -51.683594 -17.140799 15.159952 2.590757 
-437.395081 55.572891 1387.622314 0.000000 -29.453201 0.000000 89.083191 -5.535904 92.653473 167.986710 -2.704686 146.048889 -2.218590 4.005235 -82.545471 -7.794744 -2.215710 80.794952 0.000005 0.003098 21.476917 -170.349060 4.286732 159.553741 0.479433 -4.576582 -58.791348 5.272653 -2.245986 88.206024 -0.000009 -0.003107 21.468929 0.439741 -0.068162 7.674982 1.466305 0.200755 6.811636 1.272668 1.217608 7.849888 0.636667 0.873219 12.817919 4.186289 5.138387 -10.060871 2.058990 -77.288460 176.896057 28.126245 53.010864 -3.291834 2.166793 -9.425521 -44.523296 22.771692 -4.726838 9.115526 9.053597 77.649086 -172.307358 -13.469354 -43.938641 -16.905025 -0.980706 14.652864 -52.000683 -17.067396 15.181247 2.666502 
-438.448730 55.633408 1389.107178 0.000000 -29.374258 0.000000 88.997826 -4.807669 92.772423 168.109741 -3.304687 144.491074 -1.717675 4.058921 -82.341408 -7.399421 -2.336368 81.257133 0.000004 0.003097 21.477694 -170.332214 4.549371 160.875458 0.612144 -4.475731 -59.195171 4.857139 -2.131095 88.862442 -0.000009 -0.003107 21.469872 0.399851 0.057005 7.568522 1.384199 0.409595 7.061049 1.476513 1.315352 7.702683 0.247276 0.572687 12.495049 3.561007 5.392956 -9.862721 1.155340 -77.276718 177.908920 27.682688 53.084549 -3.171578 2.031721 -9.278655 -43.539059 23.009838 -4.603807 8.988400 8.669623 77.825371 -172.664719 -13.476810 -43.582287 -17.402588 -1.024200 15.149765 -52.445423 -17.133284 15.086265 2.640465 
-439.482971 55.672039 1390.593018 0.000000 -29.308952 0.000000 88.931755 -4.230836 92.694656 168.257019 -3.853336 143.329437 -1.353273 4.114063 -82.372528 -7.092986 -2.495269 81.643723 0.000004 0.003097 21.478390 -170.329056 4.839113 161.863022 0.695200 -4.429708 -59.937386 4.476680 -2.085292 89.356339 -0.000009 -0.003107 21.470474 0.367637 0.158757 7.480344 1.308384 0.575139 7.317185 1.634097 1.396822 7.591050 -0.200332 0.212649 12.161878 3.017047 5.725750 -9.507248 -0.036249 -77.194824 179.207245 27.658861 52.991810 -2.693808 1.916857 -9.109925 -42.734539 23.066305 -4.390672 8.836971 9.023783 78.008972 -172.298599 -13.379088 -43.141621 -17.720154 -1.145319 15.592575 -53.039803 -17.264723 15.125907 2.500570 
-440.529968 55.690540 1392.092407 0.000000 -29.263145 0.000000 88.869072 -3.800667 92.432968 168.101913 -4.186980 142.586563 -1.006255 4.111581 -82.302986 -6.631939 -2.706624 81.916695 0.000004 0.003097 21.479002 -170.230469 5.130596 162.407257 0.752006 -4.405646 -60.914555 4.195403 -2.101596 90.558235 -0.000009 -0.003107 21.470816 0.351677 0.240056 7.390991 1.266711 0.699164 7.578848 1.755226 1.420984 7.512776 -0.822024 -0.056116 11.736964 2.514763 6.073317 -9.153355 -1.012963 -77.189217 -179.741531 27.408394 52.929436 -2.499548 1.792362 -8.881745 -42.149487 23.054213 -4.061857 8.832237 9.822579 78.106392 -171.507523 -13.404578 -42.811874 -17.713133 -1.259961 16.010397 -53.524948 -17.593067 15.104655 2.359007 
-441.601562 55.688866 1393.617676 0.000000 -29.243053 0.000000 88.816879 -3.407469 92.080765 167.893936 -4.388288 141.926025 -0.711483 4.040993 -82.198853 -6.051676 -2.953345 82.352707 0.000003 0.003097 21.479509 -170.034454 5.437710 162.974838 0.798047 -4.321293 -62.049595 3.971756 -2.143608 91.147583 -0.000009 -0.003107 21.471037 0.311011 0.292918 7.272331 1.261143 0.797450 7.846728 1.862291 1.396503 7.407834 -1.556810 -0.280946 11.494222 1.880996 6.310002 -8.836186 -1.602715 -77.203506 -179.106293 27.171473 52.779633 -2.264847 1.655843 -8.626493 -41.616325 23.042210 -3.740376 8.939240 10.886540 78.097160 -170.438660 -13.901885 -42.613522 -17.238499 -1.359718 16.401617 -53.842125 -18.020834 14.949754 2.180918 
-442.693481 55.668304 1395.179932 0.000000 -29.243553 0.000000 88.783958 -3.192740 91.659729 167.679474 -4.253342 141.634933 -0.663403 3.961301 -82.973236 -5.570934 -3.161401 82.779465 0.000003 0.003097 21.479801 -169.737350 5.466393 163.386765 0.873599 -4.216932 -62.980057 3.838717 -2.179760 91.549713 -0.000009 -0.003107 21.471027 0.256042 0.285527 7.145107 1.312234 0.846879 8.103432 1.940527 1.350040 7.334552 -2.225279 -0.579699 11.246520 1.313613 6.477584 -8.648796 -1.867401 -77.217621 -178.816589 26.886240 52.811054 -2.083077 1.493102 -8.433816 -41.221291 23.091396 -3.151124 8.941290 12.094180 77.971817 -169.241455 -14.339123 -42.349396 -16.665524 -1.459707 16.659456 -53.928242 -18.521656 14.778927 1.973405 
-443.799072 55.635166 1396.792725 0.000000 -29.247589 0.000000 88.770248 -2.921941 91.259331 167.373245 -3.937304 141.639374 -2.081737 3.714587 -96.508591 -5.132912 -3.315734 83.052567 0.000003 0.003097 21.480022 -169.383301 5.375086 163.372955 1.033994 -4.095509 -63.856461 3.769106 -2.157894 91.742050 -0.000009 -0.003107 21.470554 0.194285 0.252399 7.021276 1.404723 0.904666 8.299810 1.971327 1.331767 7.234678 -2.773485 -0.816981 11.003565 1.049354 6.711574 -8.517256 -1.611977 -77.222885 -179.067490 26.419275 53.002144 -2.221842 1.390446 -8.287421 -41.075958 23.228510 -2.247921 8.980350 13.235047 77.695580 -168.133743 -14.594139 -42.199951 -16.243404 -1.556879 16.791664 -53.793098 -18.964949 14.372415 1.736711 
-444.910583 55.598450 1398.460938 0.000000 -29.259180 0.000000 88.677063 -2.585515 90.909637 166.996582 -3.618144 141.771225 -2.444801 3.601370 -97.761848 -4.800553 -3.412543 83.224907 0.000003 0.003097 21.480181 -169.003677 5.290822 163.541031 1.198605 -3.924796 -64.487030 3.886856 -2.025852 91.638321 -0.000008 -0.003107 21.469971 0.136977 0.222710 6.916159 1.504524 0.964382 8.424788 1.939932 1.336516 7.105207 -3.262708 -0.912971 10.761399 0.977835 6.896683 -8.548218 -0.884933 -77.161621 -179.811813 25.755199 53.050686 -2.924805 1.342441 -8.197027 -40.979679 23.447172 -1.432008 8.984304 13.967548 77.353889 -167.426941 -14.716919 -42.171341 -16.019491 -1.610690 16.883570 -53.507565 -19.349792 13.840657 1.557180 
-446.010651 55.558838 1400.157593 0.000000 -29.281115 0.000000 88.580338 -2.400428 90.607803 166.856262 -3.433681 141.962952 -2.855765 3.498449 -98.188728 -4.689923 -3.438777 83.469261 0.000003 0.003097 21.480206 -168.666473 5.119613 163.959305 1.382123 -3.790065 -64.745178 3.970016 -1.873219 91.407303 -0.000008 -0.003107 21.469233 0.097205 0.186185 6.835907 1.589588 1.010684 8.520136 1.892003 1.312330 6.948545 -3.695413 -0.910647 10.404092 0.975249 7.006664 -8.644001 -0.166624 -77.123985 179.446655 25.028631 53.097862 -3.910647 1.336343 -8.119377 -40.799973 23.663813 -0.719389 9.005017 14.521338 77.004669 -166.905273 -14.844493 -42.166149 -15.894305 -1.632386 16.930477 -53.141548 -19.679789 13.395856 1.411042 
-447.083710 55.516495 1401.867920 0.000000 -29.323572 0.000000 88.550751 -2.528381 90.182526 166.924362 -3.257936 142.489670 -3.259565 3.426740 -97.659653 -4.912839 -3.333457 83.652054 0.000004 0.003097 21.480120 -168.407013 4.964472 164.178467 1.396554 -3.705821 -64.601822 4.005843 -1.827848 91.265518 -0.000008 -0.003107 21.469009 0.075029 0.132610 6.805948 1.659582 1.026759 8.673299 1.814498 1.212741 6.807606 -4.088984 -0.983633 9.924429 1.169181 6.787870 -8.595191 -0.264532 -77.040474 179.529266 24.505836 53.365959 -4.890201 1.393062 -7.999932 -40.706142 23.973242 -0.307396 9.125164 14.835184 76.699402 -166.612381 -15.103357 -42.293873 -15.677502 -1.722635 16.834610 -52.932285 -19.906736 13.192120 1.349415 
-448.113342 55.472290 1403.566162 0.000000 -29.402843 0.000000 88.515839 -2.989005 89.654709 167.241470 -3.016857 142.866562 -2.309879 3.818440 -81.704842 -5.373279 -3.021518 83.942459 0.000004 0.003097 21.480677 -168.457031 4.699079 163.991776 1.488595 -3.631254 -64.453674 4.115002 -1.829400 91.144478 -0.000008 -0.003107 21.469322 0.069263 0.071204 6.883258 1.671232 1.058220 8.758835 1.674140 1.078242 6.686786 -4.517454 -1.012712 9.368894 1.724374 6.431175 -8.333482 -1.397710 -76.968941 -179.333572 24.488569 53.592121 -5.697283 1.458109 -7.970865 -40.762520 24.245832 -0.253391 9.119888 14.985506 76.546127 -166.452698 -15.123098 -42.515045 -15.617477 -1.670079 16.719481 -52.528347 -20.078108 13.201866 1.246033 
-449.088440 55.421532 1405.245728 0.000000 -29.539255 0.000000 88.428871 -3.743773 88.789658 167.435547 -2.707221 143.487930 -2.687711 3.930816 -79.156227 -6.042277 -2.491496 84.234886 0.000005 0.003097 21.481806 -169.040222 4.463359 163.583557 1.666169 -3.607251 -64.553101 4.410673 -1.738349 90.591331 -0.000009 -0.003106 21.469580 0.093752 -0.008526 7.088408 1.638233 1.039491 8.695172 1.414010 0.951969 6.658883 -4.850326 -0.983917 9.149455 2.741896 5.979641 -7.943162 -2.795048 -76.911674 -177.953720 25.134756 53.393112 -6.455388 1.567912 -8.112967 -41.003735 24.265211 -0.338225 8.762144 14.953266 76.557045 -166.458176 -14.614884 -42.941116 -15.922748 -1.576279 16.460649 -51.996105 -20.212177 13.441036 1.260383 
-450.007690 55.362415 1406.891235 0.000000 -29.740162 0.000000 88.342010 -4.374673 87.751839 167.371994 -2.293440 144.215149 -3.264162 4.033655 -76.734825 -6.850947 -2.018430 84.329262 0.000006 0.003098 21.482382 -169.573792 4.489108 162.916763 1.834062 -3.617379 -64.715515 4.827892 -1.500069 88.623024 -0.000009 -0.003106 21.469980 0.130037 -0.143498 7.315373 1.563112 0.977406 8.479854 1.040031 0.841522 6.834533 -5.039737 -1.170074 9.188225 3.586374 5.860738 -7.347569 -3.577013 -76.863914 -177.211639 26.020470 53.254150 -7.245663 1.673396 -8.265104 -41.722385 24.048424 -0.002975 8.309248 14.383334 76.746048 -166.942307 -13.605066 -43.475861 -16.508301 -1.682490 16.078943 -51.861423 -20.251657 13.684295 1.239313 
-450.889221 55.302410 1408.495605 0.000000 -29.995098 0.000000 88.276802 -4.603490 86.892731 167.047806 -2.059446 144.952927 -4.028090 4.082662 -75.166519 -7.366466 -1.837803 84.663437 0.000007 0.003098 21.482281 -170.056137 4.682295 162.152023 2.036625 -3.567492 -64.817566 4.981791 -1.415817 87.971024 -0.000009 -0.003106 21.469679 0.138145 -0.257615 7.448903 1.540261 0.973188 8.214915 0.761338 0.780163 6.932837 -5.414675 -1.495203 9.260156 4.001500 6.033007 -6.846008 -3.544512 -76.886452 -177.283554 26.625187 53.021648 -7.626621 1.713627 -8.384596 -42.418419 23.976274 0.325611 7.945823 13.945651 76.917709 -167.297379 -12.874650 -43.905289 -17.185881 -2.002820 15.937899 -52.064194 -20.308577 13.714801 1.157141 
-451.749908 55.235840 1410.095703 0.000000 -30.297417 0.000000 88.284569 -4.432616 86.438553 167.272949 -2.017698 144.669785 -4.126226 3.984274 -73.500610 -7.455790 -1.991046 85.371063 0.000008 0.003098 21.481771 -170.165451 4.793498 162.433487 2.238484 -3.395500 -65.499924 4.899924 -1.541904 88.000381 -0.000009 -0.003106 21.468967 0.119929 -0.340474 7.497732 1.536820 1.015210 8.089568 0.678052 0.668425 6.935949 -6.112789 -1.504400 9.017266 3.687646 5.586708 -6.659153 -3.642592 -76.851273 -177.141418 26.714993 52.776089 -8.041780 1.700339 -8.486002 -42.375664 23.913326 0.470041 7.966511 13.246349 76.955544 -167.911423 -12.312719 -44.304134 -18.022394 -1.965486 15.996278 -51.640026 -20.594292 13.565895 1.017936 
-452.599823 55.145351 1411.739868 0.000000 -30.567213 0.000000 88.334213 -4.112651 86.312416 167.994370 -1.827077 144.227005 -3.843276 3.788008 -71.945999 -7.283360 -2.227621 86.093666 0.000009 0.003098 21.480795 -170.312836 4.807476 163.185196 2.559629 -3.214373 -66.113663 4.820372 -1.636414 88.189377 -0.000009 -0.003106 21.468229 0.125204 -0.388763 7.508242 1.527093 1.116218 8.031370 0.663165 0.538713 6.978178 -6.996235 -1.076404 8.675612 3.239426 5.045986 -6.594847 -3.420485 -76.801224 -177.292801 26.514914 52.412777 -8.564547 1.668686 -8.658968 -41.975178 23.995737 0.387788 8.093163 12.058995 76.838890 -169.054413 -11.983618 -44.742840 -18.492363 -1.548411 15.999734 -50.236641 -20.817282 13.172252 0.870989 
-453.436859 55.029320 1413.442383 0.000000 -30.748755 0.000000 88.207169 -4.567183 86.181152 167.764221 -1.282486 145.285660 -3.977348 3.792982 -70.662819 -7.314845 -2.251140 86.213753 0.000009 0.003098 21.480934 -170.650467 4.444557 162.378525 2.873325 -3.116772 -65.596077 4.828675 -1.536024 87.219193 -0.000010 -0.003106 21.467583 0.092465 -0.460809 7.531661 1.573100 1.089562 7.859975 0.376717 0.522022 7.069210 -7.144261 -1.143364 9.118384 3.859814 5.345206 -6.631800 -1.911468 -76.913620 -178.869980 26.664188 52.414036 -8.891623 1.689453 -8.931019 -42.872997 24.233227 0.307668 7.618063 10.281852 76.655563 -170.831680 -11.705812 -45.626263 -18.280243 -1.345022 15.619614 -49.190437 -20.733774 13.035041 0.978539 
-454.277557 54.919880 1415.150879 0.000000 -30.944706 0.000000 88.018394 -5.268134 85.740852 166.671051 -0.965004 147.124817 -4.467037 3.781470 -70.689278 -7.446433 -2.149782 86.384521 0.000010 0.003098 21.481104 -170.733963 4.196162 160.387283 3.227618 -3.044558 -64.359360 4.957284 -1.392299 86.104462 -0.000010 -0.003106 21.466833 0.063207 -0.519251 7.523372 1.620395 0.948963 7.663460 -0.051323 0.548534 7.229748 -6.990090 -1.607533 9.801798 4.930690 6.025983 -6.755819 -0.370609 -76.911926 179.486603 26.416685 52.517529 -9.749700 1.723182 -9.248484 -44.531128 24.136553 0.102182 6.889635 7.885000 76.519836 -173.209183 -11.595405 -46.358841 -17.899754 -1.424426 15.033070 -48.654617 -20.818672 13.182294 1.225886 
-455.131622 54.842396 1416.829956 0.000000 -31.244471 0.000000 87.923737 -5.405843 85.753242 166.769104 -1.341185 146.976105 -4.090251 3.611506 -70.689056 -7.219551 -2.263604 86.874245 0.000009 0.003098 21.480997 -170.536743 4.330011 160.347641 3.567301 -2.988721 -64.425690 4.813482 -1.474746 86.224541 -0.000010 -0.003106 21.467047 0.025628 -0.505744 7.423403 1.604433 1.044173 7.644140 -0.176072 0.561124 7.330709 -7.552466 -1.483654 9.734826 4.812487 5.678165 -6.914983 0.389927 -76.896660 178.710007 25.511721 51.865215 -10.868585 1.617630 -9.616520 -44.592720 24.265545 0.037521 6.873401 6.365758 76.575142 -174.698624 -12.122549 -46.704788 -17.248642 -1.243626 14.803500 -47.738647 -21.024693 13.335556 1.271622 
-456.024231 54.746784 1418.558594 0.000000 -31.548706 0.000000 88.057953 -5.314453 86.116280 167.665436 -1.787921 145.388580 -3.129584 3.366057 -70.048424 -6.603344 -2.566060 87.691833 0.000009 0.003098 21.480040 -170.273605 4.702193 161.498627 3.852739 -2.934504 -65.181488 4.509145 -1.658429 87.239395 -0.000010 -0.003106 21.467392 -0.014615 -0.463249 7.342784 1.467132 1.230563 7.851368 -0.081324 0.593174 7.351538 -8.469082 -0.895488 9.303723 3.911961 5.006884 -7.131463 0.381509 -76.855919 178.772293 24.234941 50.942410 -11.828119 1.469514 -9.915734 -43.844223 24.800028 0.130422 7.004002 5.722824 76.653130 -175.291870 -13.549802 -46.830532 -16.160429 -0.778920 14.723725 -46.496620 -21.342421 13.394607 1.132947 
-456.954773 54.610992 1420.396973 0.000000 -31.794153 0.000000 88.084229 -5.266091 86.204208 167.870148 -1.936758 144.730804 -2.664556 3.219559 -69.804970 -6.069164 -2.809114 88.303734 0.000009 0.003098 21.479124 -170.263824 4.882911 161.728760 4.167209 -2.913599 -65.286613 4.300554 -1.766899 87.622490 -0.000010 -0.003106 21.467167 -0.065028 -0.448978 7.266955 1.386996 1.246939 7.977295 -0.097639 0.647623 7.386879 -9.000051 -0.762228 9.210886 3.428100 4.940141 -7.269671 1.067837 -76.792572 178.105087 23.490074 50.228928 -12.540009 1.367212 -10.188359 -43.635025 25.366323 0.015924 6.919792 4.953076 76.629662 -176.001434 -14.572162 -47.250824 -15.278499 -0.619244 14.596549 -45.870914 -21.380119 13.474094 1.020116 
-457.908112 54.462452 1422.290771 0.000000 -32.015850 0.000000 88.019562 -5.306106 86.175621 167.731781 -2.010626 144.682648 -2.447974 3.163391 -69.872368 -5.657262 -2.972308 88.520485 0.000009 0.003098 21.478701 -170.431458 4.991428 161.226852 4.481853 -2.907451 -64.740059 4.253653 -1.792681 87.478722 -0.000010 -0.003106 21.466772 -0.110743 -0.439333 7.197170 1.322666 1.211734 7.992006 -0.205155 0.674557 7.442495 -9.241351 -0.779249 9.445483 3.232121 5.163568 -7.574595 1.912040 -76.738373 177.245163 23.087738 49.805687 -13.016700 1.331250 -10.393012 -43.752583 25.838526 -0.080495 6.679708 4.075268 76.583549 -176.834381 -15.523005 -47.675194 -14.224041 -0.587676 14.375132 -45.350056 -21.195528 13.626517 0.993740 
-458.890808 54.313042 1424.205933 0.000000 -32.244717 0.000000 88.007645 -5.164457 86.272415 167.823227 -1.961285 144.603912 -2.105961 3.069943 -69.784325 -5.135935 -3.186956 88.837936 0.000008 0.003098 21.478010 -170.578583 5.119992 161.046371 4.784097 -2.889705 -64.299652 4.129393 -1.828795 87.588242 -0.000010 -0.003106 21.466379 -0.136502 -0.423806 7.146749 1.243773 1.211156 7.998724 -0.234450 0.708992 7.507291 -9.549029 -0.611089 9.433923 2.774673 5.226826 -7.701533 2.595070 -76.668716 176.575119 22.748636 49.500183 -13.352442 1.244787 -10.561107 -43.502148 26.334543 -0.125347 6.528297 3.657287 76.573540 -177.220963 -16.478025 -47.799084 -13.314484 -0.462847 14.207336 -44.690178 -21.067759 13.700230 1.006177 
-459.894043 54.154854 1426.141357 0.000000 -32.460983 0.000000 88.038666 -4.846765 86.449974 168.185944 -1.750341 144.494522 -1.694391 2.960063 -69.780289 -4.727437 -3.317560 91.571892 0.000008 0.003098 21.477173 -170.682480 5.244626 161.179642 5.068131 -2.837105 -64.001556 3.924217 -1.853324 87.835739 -0.000010 -0.003107 21.465879 -0.167549 -0.409050 7.084031 1.191660 1.231699 8.051140 -0.232828 0.748831 7.569646 -9.974218 -0.251259 9.285054 2.223285 5.272756 -7.822935 3.285810 -76.584595 175.910980 22.480768 49.222046 -13.596900 1.117349 -10.690140 -43.021614 26.825024 -0.101465 6.450407 3.461786 76.549767 -177.402008 -17.372185 -47.809223 -12.432231 -0.285528 14.046115 -43.883911 -21.026201 13.809452 1.036317 
-460.919556 53.986328 1428.102783 0.000000 -32.659092 0.000000 88.113167 -4.551876 86.716805 168.540680 -1.483593 144.502319 -1.297760 2.852546 -69.838333 -4.218635 -3.547682 91.807175 0.000008 0.003098 21.476665 -170.714066 5.354342 161.307526 5.359724 -2.780743 -63.633125 3.673153 -1.910916 88.104347 -0.000010 -0.003107 21.465212 -0.215343 -0.403169 7.006608 1.183850 1.237790 8.098579 -0.258864 0.801532 7.652316 -10.415932 0.169053 9.176670 1.622002 5.410528 -8.119792 4.038172 -76.499367 175.171371 22.427608 48.992523 -13.632282 1.013886 -10.810757 -42.610043 27.288855 -0.069792 6.438962 3.521928 76.459633 -177.338196 -18.334034 -47.793659 -11.423494 -0.116967 13.917242 -43.074474 -21.063904 13.961098 1.074609 
-461.980682 53.808517 1430.094116 0.000000 -32.839024 0.000000 88.175926 -4.290007 87.084755 168.773895 -1.311461 144.777496 -1.043010 2.752512 -69.850327 -3.817025 -3.711872 91.857368 0.000008 0.003097 21.476515 -170.762604 5.426695 161.393616 5.587742 -2.745880 -63.189896 3.478467 -1.960196 88.357109 -0.000010 -0.003107 21.464697 -0.259657 -0.394984 6.945199 1.194199 1.232737 8.127499 -0.276282 0.874930 7.741824 -10.731858 0.491247 9.221397 1.080101 5.640419 -8.396886 4.369809 -76.456512 174.845245 22.738811 49.017185 -13.275634 0.977701 -10.852221 -42.385002 27.811892 -0.202082 6.427528 3.792259 76.369331 -177.075409 -19.350657 -47.723000 -10.451822 -0.015014 13.859832 -42.517750 -21.105501 14.176193 1.122448 
-463.071106 53.627522 1432.090820 0.000000 -33.006134 0.000000 88.228165 -4.057579 87.469864 168.898788 -1.275613 145.365692 -0.879745 2.702174 -69.650833 -3.635084 -3.795926 91.770798 0.000007 0.003097 21.476717 -170.857849 5.501429 161.433609 5.710744 -2.730141 -62.675034 3.296097 -2.014947 88.692169 -0.000010 -0.003107 21.464556 -0.278604 -0.391600 6.918673 1.207832 1.202715 8.138367 -0.259990 0.926476 7.820900 -10.849021 0.712506 9.320855 0.686192 5.845972 -8.481673 4.392449 -76.486717 174.820801 23.262701 49.297955 -12.641000 1.015833 -10.799012 -42.456261 28.341354 -0.604849 6.365567 4.337239 76.360649 -176.551987 -20.348644 -47.610420 -9.614958 0.056888 13.852649 -42.277088 -21.199095 14.547018 1.221240 
-464.182678 53.451252 1434.073853 0.000000 -33.178371 0.000000 88.277222 -3.891976 87.829041 168.779266 -1.418135 145.905380 -0.770055 2.712700 -69.512344 -3.832704 -3.766967 91.447708 0.000007 0.003097 21.477352 -170.928085 5.542393 161.619263 5.708083 -2.757049 -62.191170 3.132802 -2.092548 89.173141 -0.000010 -0.003107 21.464769 -0.284751 -0.386395 6.937101 1.182658 1.134623 8.146297 -0.212559 0.950719 7.880815 -10.775846 0.936464 9.569905 0.243527 5.932958 -8.495636 4.279882 -76.615479 174.920990 23.835295 49.680389 -11.906338 1.057915 -10.697437 -42.741398 28.758831 -1.183063 6.225677 5.331872 76.411247 -175.599655 -21.467983 -47.449368 -8.707148 0.079207 13.833516 -42.346443 -21.411949 14.938832 1.369766 
-465.316711 53.283394 1436.047974 0.000000 -33.376926 0.000000 88.316284 -3.584045 88.123009 168.484222 -1.623680 146.454575 -0.691281 2.826741 -69.411751 -4.171764 -3.748065 88.543869 0.000007 0.003097 21.478331 -170.873230 5.483078 161.866776 5.465915 -2.830889 -61.429142 3.075690 -2.157128 89.606056 -0.000010 -0.003107 21.465546 -0.288728 -0.350788 7.005723 1.131621 0.987103 8.197858 -0.115172 0.944121 7.860507 -10.508142 1.136550 10.033967 -0.360161 5.788688 -8.483506 4.318487 -76.808411 174.849640 24.401255 50.393002 -11.106792 1.105384 -10.497415 -43.035950 29.261242 -2.086226 6.065831 6.706012 76.477249 -174.257568 -22.914165 -47.575817 -7.410476 0.025468 13.715822 -42.859829 -21.418766 15.296492 1.445253 
-466.476257 53.141682 1438.017212 0.000000 -33.610859 0.000000 88.257301 -3.106946 88.375160 168.006729 -1.756406 147.310852 -0.626592 3.038494 -69.733139 -4.944495 -3.455336 87.494896 0.000007 0.003097 21.479420 -170.841614 5.147354 162.135742 5.092598 -2.934339 -60.357277 3.063448 -2.213839 90.423370 -0.000009 -0.003107 21.466501 -0.265709 -0.293255 7.093825 1.062174 0.786867 8.222429 -0.017965 0.943435 7.753788 -9.739763 1.199770 10.354315 -1.108683 5.351853 -8.296100 3.981502 -76.989311 175.152145 25.086027 51.229252 -9.817348 1.195987 -10.257401 -43.411812 29.327755 -3.348449 5.906415 7.914290 76.541458 -173.067673 -24.333931 -47.862583 -6.071112 -0.090580 13.566745 -43.861168 -21.065561 15.447816 1.598561 
-467.666107 53.035671 1439.967285 0.000000 -33.876602 0.000000 88.067139 -2.814697 88.573303 167.321381 -1.901845 148.697311 -0.501730 3.307909 -70.359261 -5.653617 -2.895103 85.924126 0.000007 0.003097 21.480762 -170.953110 4.649227 161.705948 4.678004 -3.082300 -58.700424 3.487795 -2.209204 89.173912 -0.000009 -0.003106 21.467785 -0.222924 -0.268526 7.208545 0.987991 0.556042 8.173607 -0.009044 0.912064 7.654785 -8.464852 0.814464 10.745097 -1.736874 5.041353 -7.992692 3.976821 -77.131218 175.125351 26.006191 52.016781 -8.337667 1.349533 -10.098289 -44.304375 28.673006 -4.774538 5.616412 8.750953 76.638748 -172.252228 -24.450504 -48.113979 -6.020849 -0.287459 13.212969 -45.060547 -20.589602 15.608156 1.716891 
-468.867493 52.974678 1441.867432 0.000000 -34.204868 0.000000 87.808014 -2.745383 88.698242 166.355972 -1.992987 150.658157 -0.859977 3.573585 -71.422852 -6.296122 -2.246259 84.070175 0.000007 0.003098 21.480497 -171.088928 4.176772 160.062134 4.329966 -3.325933 -55.705242 4.082468 -2.155104 88.333366 -0.000010 -0.003106 21.468529 -0.188653 -0.326327 7.335243 1.001824 0.373627 7.907391 -0.174278 0.932397 7.782228 -6.778439 0.206673 11.345342 -1.329443 5.053156 -7.539604 3.866290 -77.294380 175.198456 26.850052 52.057953 -7.199963 1.608485 -9.975925 -45.405827 27.216784 -6.052085 5.287842 9.535885 76.624672 -171.507446 -24.157061 -48.229382 -5.802523 -0.413059 12.769373 -45.962330 -19.839851 15.629576 1.569255 
-470.047821 52.974438 1443.616699 0.000000 -34.630825 0.000000 87.641556 -2.452797 88.869652 165.283371 -1.756352 151.783264 -1.095391 3.736400 -72.582535 -6.790638 -1.674110 82.199463 0.000007 0.003098 21.479837 -171.137177 3.943535 158.312271 4.104698 -3.482026 -53.034321 4.881805 -2.142773 88.012444 -0.000011 -0.003106 21.469084 -0.170758 -0.394010 7.478435 1.062013 0.224791 7.535600 -0.316097 1.008408 7.948181 -5.615907 -0.296440 12.025190 -0.465455 5.492971 -6.709375 3.373278 -77.307625 175.676178 27.177351 51.891983 -6.884552 1.836472 -9.866681 -46.422585 25.638655 -6.674293 5.262682 10.913322 76.687477 -170.122986 -23.564919 -47.838341 -5.580043 -0.322756 12.523087 -46.566349 -19.054380 15.916222 1.590971 
-471.212494 53.017704 1445.240356 0.000000 -35.075050 0.000000 87.596474 -2.336601 89.112144 164.605194 -1.366677 152.068649 -1.020330 3.819161 -73.987595 -7.129257 -1.396780 81.145828 0.000007 0.003098 21.479605 -171.045181 4.053309 157.223038 3.884535 -3.657357 -52.105816 5.343521 -1.942272 88.343361 -0.000011 -0.003106 21.469305 -0.169902 -0.402785 7.542043 1.109543 0.089920 7.447496 -0.328485 1.097801 8.030598 -5.130706 -0.707532 12.447124 -0.012003 6.096359 -6.177578 2.674189 -77.228676 176.384186 27.441841 51.832378 -6.280119 1.949539 -9.806709 -46.927227 24.283421 -7.236463 5.403197 12.492320 76.750771 -168.508575 -23.129837 -47.150887 -5.816699 -0.352122 12.500496 -47.867332 -18.729658 16.441805 1.671056 
-472.424835 53.076138 1446.868286 0.000000 -35.521542 0.000000 87.635223 -2.129146 89.346939 164.348953 -1.724906 151.504196 -0.721996 3.911547 -74.752342 -7.361790 -1.180001 80.574211 0.000006 0.003098 21.479673 -170.740875 4.086787 157.624710 3.598419 -3.726495 -52.328808 5.476563 -1.842704 88.983200 -0.000011 -0.003106 21.470715 -0.164872 -0.375443 7.559801 1.061001 0.007919 7.532722 -0.180084 1.212336 7.992187 -4.794940 -1.017717 12.458341 -0.490912 6.011537 -5.696385 1.308935 -77.164001 177.813171 27.720736 52.004284 -5.290787 1.955764 -9.592845 -46.667816 23.566458 -7.702340 5.471876 14.179417 76.993767 -166.817947 -22.722918 -46.647999 -6.607062 -0.488274 12.445858 -49.033382 -18.793909 16.772408 1.721443 
-473.683167 53.141808 1448.539307 0.000000 -35.963745 0.000000 87.737389 -1.915926 89.503967 164.413498 -2.057888 151.236557 -0.595802 3.975960 -74.993141 -7.517804 -0.971003 80.385696 0.000006 0.003098 21.479292 -170.516006 4.061727 158.143890 3.420923 -3.739965 -52.595257 5.667142 -1.860822 90.965202 -0.000011 -0.003106 21.472422 -0.142696 -0.349906 7.592994 0.978063 0.008638 7.620409 -0.000230 1.278201 7.898825 -4.569980 -1.314267 12.420193 -0.897716 5.736747 -5.321779 -0.277681 -77.198029 179.462418 27.976370 52.415298 -4.299004 1.963447 -9.438610 -46.315170 22.938362 -8.025695 5.584581 15.727336 77.314438 -165.308228 -21.938885 -46.263947 -7.501600 -0.601109 12.411321 -49.865349 -18.742653 16.947683 1.676611 
-474.964386 53.207500 1450.215942 0.000000 -36.411045 0.000000 87.832298 -2.356841 89.536087 164.055664 -1.263345 152.256287 -1.256816 4.027247 -75.424820 -7.783353 -0.573928 80.157776 0.000006 0.003098 21.478741 -170.618134 4.141561 156.285278 3.380393 -3.808400 -51.574116 6.336907 -1.635208 90.759270 -0.000011 -0.003106 21.473080 -0.134459 -0.352509 7.707639 0.953370 0.017102 7.485924 -0.114300 1.288734 7.961173 -4.227220 -1.721484 12.989375 0.328428 6.536631 -5.039183 -1.749868 -77.280022 -179.089645 28.144196 52.451534 -3.798207 2.088434 -9.378081 -47.068409 21.613260 -8.075133 5.609613 16.783754 77.442818 -164.270370 -20.290976 -45.739086 -8.713119 -0.821448 12.278765 -50.446724 -18.401833 17.629107 1.561476 
-476.263794 53.271114 1451.832520 0.000000 -36.872475 0.000000 87.880447 -2.739979 89.334831 163.810669 -0.301565 153.058380 -1.802878 4.145139 -75.715897 -7.938203 -0.281289 80.431572 0.000006 0.003098 21.478209 -170.953613 3.926691 154.249283 3.569816 -3.874935 -51.153530 6.818394 -1.235823 89.054237 -0.000012 -0.003106 21.473984 -0.153888 -0.370455 7.837543 0.873651 0.017499 7.291926 -0.204413 1.205247 7.923482 -4.042600 -2.125307 13.222861 1.485121 7.335208 -4.624727 -2.626915 -77.302765 -178.223816 27.953314 52.663612 -3.611134 2.239892 -9.341467 -48.206543 20.520899 -7.995401 5.484715 17.029709 77.607353 -164.106552 -18.313419 -45.216381 -9.796657 -1.116909 12.310821 -50.617386 -18.091972 18.257544 1.336943 
-477.545227 53.339680 1453.362793 0.000000 -37.357765 0.000000 87.948883 -2.689076 89.514709 164.402847 -0.561513 152.248535 -1.504983 4.150426 -75.090080 -7.658999 -0.285462 80.619827 0.000006 0.003099 21.477901 -171.026398 3.762855 155.309906 3.766176 -3.775800 -51.616379 6.855247 -1.375110 91.069572 -0.000012 -0.003106 21.475994 -0.114196 -0.347692 7.779261 0.677286 0.098794 7.397527 -0.080426 1.189490 7.862554 -3.949221 -2.226712 12.861862 0.594609 7.149955 -4.580957 -3.518420 -77.302780 -177.285690 28.372482 53.141773 -2.638946 2.202197 -9.204978 -47.894421 20.381361 -8.388169 5.532759 17.450657 77.851952 -163.740677 -17.021984 -44.964626 -11.265321 -1.149087 12.394063 -50.665089 -18.333189 18.323380 1.311462 
-478.820648 53.398479 1454.864502 0.000000 -37.837383 0.000000 87.991783 -2.116178 89.829079 164.972122 -1.542391 150.514008 -0.572067 4.090313 -73.683090 -6.968768 -0.371635 80.856499 0.000005 0.003098 21.478310 -170.895020 3.745552 157.935120 3.992136 -3.580930 -52.686138 6.648464 -1.631711 91.745995 -0.000011 -0.003106 21.478073 -0.058592 -0.285698 7.618510 0.521234 0.223130 7.774759 0.156112 1.187718 7.688570 -3.899765 -2.196897 11.986390 -1.255787 6.586934 -4.739358 -3.994755 -77.223328 -176.751114 28.413206 53.528564 -1.870593 2.198390 -9.046529 -47.450230 20.557270 -8.864045 5.729980 17.897779 78.152306 -163.298965 -16.579062 -44.662338 -12.552237 -1.119068 12.708899 -50.875553 -18.804825 17.755730 1.414645 
-480.116608 53.448250 1456.409668 0.000000 -38.300781 0.000000 87.954247 -1.385074 89.586128 165.304581 -2.028298 148.940369 0.144349 4.070286 -72.951927 -6.341967 -0.514632 80.924171 0.000005 0.003098 21.479029 -170.801834 3.610481 159.918503 4.253197 -3.548316 -54.082951 6.447737 -1.715740 92.099663 -0.000011 -0.003106 21.479313 -0.016133 -0.228743 7.500635 0.498314 0.295245 8.116452 0.406846 1.150850 7.505475 -4.137609 -2.259442 11.163672 -2.907867 6.576497 -4.985967 -3.461682 -77.090500 -177.262024 27.987852 53.312702 -1.706834 2.091260 -8.942737 -46.914806 20.597702 -8.820503 5.870048 19.255690 78.261536 -161.924255 -16.699312 -44.618282 -13.225760 -1.238190 13.155734 -51.263378 -18.914223 17.119539 1.278881 
-481.447357 53.479149 1458.021729 0.000000 -38.731861 0.000000 87.956116 -0.660847 89.201218 165.888977 -1.743170 147.767380 0.579576 4.037087 -72.753044 -5.700459 -0.767606 80.943146 0.000005 0.003098 21.479515 -170.758087 3.472271 161.162674 4.495770 -3.524653 -54.601482 6.397073 -1.683855 92.078270 -0.000011 -0.003106 21.480186 0.004065 -0.215599 7.402882 0.507122 0.335833 8.411700 0.560038 1.084381 7.370769 -4.428941 -2.320509 10.572613 -3.851707 6.879156 -5.384998 -2.857538 -77.039124 -177.876511 27.505003 53.127880 -1.678751 1.988599 -9.001012 -46.590569 20.669189 -8.600353 5.932575 20.678793 78.150696 -160.488388 -16.940184 -44.542374 -13.349513 -1.423364 13.474707 -51.539761 -19.038900 16.732975 1.141521 
-482.801392 53.487633 1459.684448 0.000000 -39.112236 0.000000 88.058281 -0.099856 88.990074 166.546036 -1.400633 147.025345 0.729272 3.934831 -72.745148 -5.194833 -1.018542 81.014061 0.000005 0.003099 21.479877 -170.721344 3.148022 162.215469 4.680508 -3.408473 -54.761101 6.442746 -1.642578 91.949074 -0.000011 -0.003106 21.480721 -0.007134 -0.234199 7.320631 0.519884 0.335123 8.598611 0.644554 0.991190 7.268293 -4.661930 -2.331424 10.223166 -4.585180 6.911407 -5.772320 -2.085675 -77.090683 -178.701187 27.817583 52.924236 -1.243499 1.889994 -8.992336 -46.259907 20.941837 -8.401589 6.077305 21.910650 77.950462 -159.227753 -16.785826 -44.400307 -13.689740 -1.556753 13.676083 -51.580006 -19.057287 16.465300 1.076571 
-484.182465 53.472687 1461.368896 0.000000 -39.420921 0.000000 88.205414 0.568745 88.863571 167.013763 -1.139574 146.558823 0.838029 3.813265 -72.846825 -4.743044 -1.348674 81.005180 0.000005 0.003099 21.480091 -170.565735 2.777345 163.437103 4.739483 -3.269696 -54.879528 6.356357 -1.632414 91.895691 -0.000011 -0.003106 21.481075 -0.019123 -0.265256 7.232405 0.600682 0.307043 8.774646 0.721441 0.875668 7.126281 -4.983517 -2.352124 9.769966 -5.442886 6.908295 -5.993851 -0.534747 -77.198044 179.671921 28.369823 52.728645 -0.546321 1.741606 -8.890521 -45.777134 21.491859 -8.203491 6.198001 23.307461 77.681335 -157.800247 -17.030960 -44.409248 -13.801400 -1.702847 13.765963 -51.545280 -19.173256 15.978938 0.992638 
-485.606232 53.436554 1463.089600 0.000000 -39.636299 0.000000 88.398659 -0.099603 89.954330 167.193893 -1.035385 146.429367 0.754936 3.720213 -73.031326 -4.462344 -1.677615 80.860153 0.000004 0.003099 21.479811 -170.094284 2.532040 164.490402 4.723656 -3.141325 -55.059929 6.180818 -1.637565 91.799858 -0.000011 -0.003106 21.481180 -0.017887 -0.305865 7.144616 0.762698 0.292482 8.958234 0.747065 0.730209 7.020226 -5.470142 -2.318058 9.380983 -6.300346 6.751236 -5.961069 1.111767 -77.251457 177.938080 28.558983 52.576874 -0.192603 1.531795 -8.661421 -45.046238 22.077364 -7.886886 6.483854 24.607382 77.359673 -156.470367 -17.680902 -44.649406 -13.579246 -1.753206 13.883190 -51.222675 -19.383339 15.290578 0.916909 
-487.060181 53.388470 1464.845703 0.000000 -39.759720 0.000000 88.530998 0.337857 89.437164 167.303589 -0.925733 146.631042 0.538816 3.635042 -72.701462 -4.473977 -1.886037 80.765717 0.000004 0.003099 21.479645 -169.513702 2.218689 165.111420 4.775992 -2.998809 -55.152817 6.148813 -1.636061 91.673225 -0.000010 -0.003106 21.481743 -0.021921 -0.362785 7.118932 0.875667 0.312671 9.069495 0.704378 0.572753 6.957831 -5.950712 -2.192486 9.212488 -6.888999 6.544117 -5.773691 2.335216 -77.328102 176.631210 28.475857 52.623245 -0.300662 1.397278 -8.335114 -44.546757 22.564373 -7.351520 6.809533 25.407505 77.011963 -155.655762 -17.922564 -44.963665 -13.614817 -1.833912 13.906843 -50.874390 -19.544933 14.663165 0.939398 
-488.529724 53.332882 1466.628540 0.000000 -39.818333 0.000000 88.651985 0.198197 88.978737 167.366959 -0.857466 147.216156 0.161703 3.616272 -71.678062 -4.689572 -1.968982 80.720589 0.000004 0.003099 21.479925 -168.891144 2.012434 165.424606 4.896098 -2.850623 -54.911018 6.224093 -1.582538 91.576019 -0.000010 -0.003106 21.482412 -0.038912 -0.423613 7.129034 0.930240 0.375173 9.089469 0.581807 0.437039 6.906981 -6.311572 -1.928473 8.714046 -7.085345 6.224655 -5.517438 2.777431 -77.462166 176.108597 27.934961 52.937038 -1.151626 1.303584 -8.022351 -44.219398 22.997217 -6.944505 7.041638 25.560898 76.639694 -155.511093 -17.739927 -45.378792 -13.996648 -1.835495 13.772619 -50.102219 -19.891912 14.153625 1.006334 
-489.998383 53.273670 1468.416260 0.000000 -39.849850 0.000000 88.755669 -0.501112 88.587196 167.621201 -0.802507 147.773071 -0.354899 3.608979 -69.752754 -4.938318 -1.923222 80.938904 0.000005 0.003099 21.480423 -168.345566 2.034017 165.493164 5.065178 -2.744070 -54.546314 6.314099 -1.575122 91.178185 -0.000010 -0.003105 21.482832 -0.072350 -0.471721 7.174557 0.897017 0.503141 9.020157 0.419742 0.435222 6.895628 -6.461313 -1.652233 7.834315 -6.843489 5.755629 -5.356921 2.185053 -77.494873 176.656174 27.190979 53.175713 -2.496430 1.330469 -7.687170 -44.216263 23.280375 -6.542817 7.104113 24.723177 76.364212 -156.398209 -17.486778 -45.773407 -13.961114 -1.806502 13.559288 -49.115685 -20.283361 13.848476 1.029917 
-491.443390 53.207119 1470.181885 0.000000 -39.864956 0.000000 88.814285 -1.661080 88.290939 167.863968 -0.833343 148.640747 -1.073322 3.595622 -66.672867 -5.269885 -1.724190 81.535484 0.000005 0.003099 21.480692 -168.146698 2.056382 165.119339 4.953128 -2.698965 -54.257038 6.255307 -1.547750 90.662987 -0.000010 -0.003105 21.483133 -0.101229 -0.497023 7.281107 0.891974 0.597496 8.912396 0.230331 0.514252 6.860928 -6.338239 -1.559264 7.268083 -6.236310 5.204640 -5.126596 0.404073 -77.470695 178.437378 26.744614 53.277229 -3.398730 1.390339 -7.465219 -44.159168 22.824348 -6.363090 7.098579 23.298166 76.385536 -157.883865 -17.838528 -46.174419 -13.028826 -1.667039 13.228593 -48.130604 -20.698610 13.755716 0.971434 
-492.831940 53.118282 1471.916748 0.000000 -39.871613 0.000000 88.828331 -3.181042 87.922462 168.251251 -0.977371 149.951065 -1.829012 3.630959 -63.187263 -5.909348 -1.531476 82.072624 0.000006 0.003100 21.480679 -167.962311 2.360590 164.315948 4.575035 -2.617310 -54.400715 6.346325 -1.516348 89.351906 -0.000010 -0.003105 21.483236 -0.114256 -0.546264 7.426044 0.958411 0.672860 8.634527 -0.038493 0.539926 6.891212 -6.406719 -1.740102 7.194430 -5.125784 4.961878 -4.587068 -1.880117 -77.582779 -179.257446 25.946316 53.306904 -4.409836 1.496811 -7.323964 -44.216091 22.160101 -6.414152 6.795506 22.123026 76.749985 -159.097046 -18.267088 -46.925003 -12.098881 -1.742121 12.642756 -47.865158 -21.246248 13.922447 0.578162 
-494.180481 53.008610 1473.671997 0.000000 -39.952179 0.000000 88.836174 -3.535871 85.938133 168.210861 -1.225026 151.624771 -2.415150 3.565766 -60.430599 -6.652472 -1.583918 82.883362 0.000007 0.003100 21.480387 -167.828903 2.711989 162.842087 4.594581 -2.526816 -54.694607 6.537129 -1.510681 88.484863 -0.000010 -0.003105 21.482643 -0.098421 -0.629324 7.590521 0.924617 0.774726 8.248688 -0.450406 0.456850 7.013787 -6.543310 -1.938075 7.639292 -3.552736 5.103071 -4.884803 -2.347927 -77.650246 -178.870407 25.417738 52.835014 -5.417260 1.676046 -7.162149 -44.926765 21.807074 -6.544928 6.063395 20.856802 77.264656 -160.378677 -18.334711 -47.601234 -11.267766 -1.925716 12.101924 -48.279526 -21.671032 13.876170 0.168327 
-495.485077 52.882969 1475.474121 0.000000 -40.150047 0.000000 88.721970 -4.695202 85.617950 168.177872 -1.318943 152.782501 -3.053687 3.411085 -58.615383 -7.339994 -1.682164 84.003922 0.000007 0.003101 21.479002 -168.062897 2.948398 160.939056 5.015060 -2.438025 -55.056286 6.851386 -1.417787 87.280739 -0.000010 -0.003105 21.482004 -0.135654 -0.719871 7.662426 0.861283 0.852878 7.868855 -0.855939 0.385327 7.132351 -6.826779 -1.978929 8.284257 -1.940672 5.435966 -5.492270 -2.243435 -77.651749 -179.086700 24.675817 52.039600 -6.638036 1.831559 -7.272942 -46.234280 21.935656 -6.435461 5.324437 18.937807 77.703629 -162.301590 -18.281586 -47.919315 -10.757236 -1.936465 11.841780 -48.371201 -22.123571 13.976239 0.054477 
-496.786865 52.747829 1477.311279 0.000000 -40.430244 0.000000 88.742607 -4.902720 85.710075 168.832397 -1.381484 152.319778 -3.463124 3.297199 -57.561867 -7.219949 -1.884951 84.843109 0.000007 0.003101 21.477823 -167.910019 2.999606 160.682404 5.482467 -2.364802 -55.600086 6.661696 -1.409378 86.871056 -0.000010 -0.003105 21.482031 -0.199135 -0.793128 7.679203 0.766502 1.092398 7.739778 -1.173470 0.347716 7.322726 -7.140326 -1.618508 8.103184 -2.047624 5.373442 -5.990633 -1.329045 -77.712234 179.926727 23.757982 51.171017 -7.798711 1.865161 -7.566564 -46.774845 22.165956 -6.199698 5.045114 17.094002 77.963463 -164.163895 -18.909735 -47.540775 -10.157572 -1.784818 11.708966 -47.924576 -22.522667 13.922865 0.054412 
-498.068573 52.604061 1479.130371 0.000000 -40.686340 0.000000 88.780952 -4.916536 85.956390 169.249695 -1.469553 151.506393 -3.776988 3.167412 -57.010921 -6.937368 -2.105284 85.376648 0.000007 0.003101 21.476574 -167.757004 3.125628 160.673157 6.112714 -2.266846 -56.046677 6.200048 -1.336177 86.781555 -0.000010 -0.003105 21.482315 -0.261628 -0.852207 7.702443 0.713527 1.316284 7.714964 -1.403270 0.410506 7.535430 -7.405075 -1.073761 7.798533 -2.595794 5.194653 -6.597762 0.151675 -77.690498 178.381805 23.190954 50.564018 -8.823780 1.770793 -7.853263 -46.896019 22.833973 -6.218113 4.868694 14.610838 77.927444 -166.693268 -19.282400 -47.181667 -10.057333 -1.565069 11.681797 -47.246201 -22.659811 13.944134 0.237550 
-499.325317 52.454800 1480.891235 0.000000 -40.909252 0.000000 88.618645 -4.815265 86.058464 169.287811 -1.346141 151.803162 -4.106538 3.134947 -56.600868 -7.111177 -2.112340 85.901016 0.000007 0.003102 21.475248 -168.275116 2.894330 158.842850 6.886459 -2.113522 -54.691006 6.507433 -1.087001 85.972061 -0.000010 -0.003106 21.482523 -0.363879 -0.879541 7.718468 0.713984 1.304704 7.588877 -1.604566 0.440762 7.556414 -7.486266 -1.051116 8.763780 -1.551346 5.455610 -6.992426 0.583360 -77.950432 177.897400 23.072676 50.505951 -9.096086 1.959183 -7.998939 -48.539330 22.463985 -6.604930 4.408385 12.432480 77.943497 -168.842667 -18.823900 -47.373486 -9.887746 -1.448060 11.566581 -47.419060 -22.147812 14.300739 0.466147 
-500.596436 52.336109 1482.590210 0.000000 -41.209324 0.000000 88.362251 -3.993330 86.166588 169.257111 -0.975426 152.203552 -4.444808 3.170921 -56.581596 -7.351403 -1.960031 86.686325 0.000007 0.003102 21.474773 -168.776276 2.476979 156.278168 7.479396 -1.909663 -53.534531 6.916842 -0.888533 84.969093 -0.000011 -0.003107 21.482561 -0.491329 -0.904059 7.733659 0.654296 1.161142 7.398993 -1.734020 0.384206 7.475813 -7.368337 -1.320915 9.879641 -0.816281 5.932673 -7.172791 1.267776 -78.307579 177.147537 23.331726 50.761055 -8.794048 2.289836 -8.302984 -51.002495 21.761477 -6.666530 4.438342 11.280096 77.833366 -169.941238 -18.306032 -48.181690 -9.461826 -1.200247 11.332436 -47.403137 -21.425253 14.727692 0.828571 
-501.893555 52.255016 1484.224976 0.000000 -41.639393 0.000000 88.457497 -4.164852 86.138496 169.560516 -1.216049 151.426254 -4.488232 3.096396 -56.373577 -7.036373 -2.128839 87.217422 0.000007 0.003102 21.474091 -168.703171 2.599879 156.251740 7.964335 -1.931916 -53.871117 6.559060 -0.944785 84.708954 -0.000011 -0.003107 21.483490 -0.552503 -0.915847 7.754980 0.592850 1.236119 7.409854 -1.822099 0.421460 7.681597 -7.670963 -1.042833 9.751695 -1.400616 5.727171 -7.555993 2.412343 -78.236031 175.981964 23.213837 50.012650 -8.854024 2.317595 -8.760001 -51.697506 22.550680 -6.811022 4.320784 10.070260 77.650963 -171.145416 -19.068720 -48.110535 -8.758596 -1.176767 11.174721 -47.405243 -21.153820 14.780895 0.821720 
-503.209351 52.172440 1485.843018 0.000000 -42.063423 0.000000 88.795166 -4.867592 86.100853 169.933411 -1.625025 149.839310 -4.351383 3.019764 -55.932201 -6.445522 -2.466370 87.723175 0.000007 0.003102 21.472832 -168.450562 2.902763 157.033096 8.272041 -2.008447 -54.529583 6.026120 -1.089058 84.973885 -0.000011 -0.003108 21.484751 -0.589493 -0.923557 7.797951 0.523753 1.407755 7.640309 -1.990523 0.470121 8.007672 -8.084889 -0.548939 9.265023 -2.449651 5.482814 -8.046375 3.928275 -77.934242 174.437759 23.029209 48.539154 -9.111209 2.211409 -9.199126 -51.479782 23.882765 -6.994872 4.171043 8.771274 77.415627 -172.418304 -20.318459 -47.397701 -8.044856 -1.269193 11.145845 -47.360577 -21.067499 14.682487 0.828609 
-504.533966 52.075195 1487.477661 0.000000 -42.442047 0.000000 88.998459 -5.013215 86.090332 169.958313 -1.664080 148.400787 -4.312410 2.996603 -55.837345 -6.094153 -2.758071 88.361542 0.000008 0.003102 21.471344 -168.612961 2.695888 156.711121 8.575233 -2.014031 -54.439125 5.927069 -1.152200 84.925308 -0.000011 -0.003108 21.484880 -0.658632 -0.951053 7.825374 0.467812 1.438795 7.808660 -2.146821 0.498035 8.146876 -8.462029 -0.211527 9.501545 -2.943959 5.798163 -8.222491 5.141133 -77.815285 173.188660 23.271202 47.525349 -8.903103 2.252692 -9.482882 -52.084702 24.610617 -7.099699 4.262672 7.718161 77.065300 -173.437119 -21.117054 -46.892879 -7.442894 -1.258273 11.247414 -47.393921 -20.906784 14.835018 0.872678 
-505.883423 51.976860 1489.116577 0.000000 -42.848911 0.000000 89.170372 -4.853300 86.213028 169.841156 -1.590361 147.389145 -4.210621 2.993459 -55.926517 -5.916688 -2.979482 88.856789 0.000008 0.003102 21.470135 -168.679688 2.298845 155.971268 8.922329 -1.966373 -53.932793 6.011081 -1.191161 84.719460 -0.000011 -0.003109 21.484737 -0.747130 -0.989608 7.856510 0.393005 1.436297 7.890313 -2.287182 0.491779 8.198890 -8.891855 0.020999 9.918680 -3.246138 6.232895 -8.432383 6.311029 -77.850723 171.987503 23.503515 46.994144 -8.542373 2.379753 -9.663654 -53.034252 24.888113 -7.169317 4.461691 6.828422 76.847824 -174.290207 -21.450993 -46.503597 -7.131351 -1.254597 11.300672 -47.654888 -20.844000 15.213416 0.987734 
-507.265198 51.887466 1490.739136 0.000000 -43.306175 0.000000 89.333916 -4.533177 86.414406 169.797012 -1.443310 146.877441 -4.042903 2.985099 -55.901672 -5.732957 -3.204837 89.143829 0.000007 0.003102 21.469357 -168.541992 1.922606 155.704529 9.220071 -1.881523 -53.173676 6.144827 -1.310926 84.769218 -0.000010 -0.003110 21.485033 -0.823088 -1.033252 7.896433 0.324497 1.417820 7.905366 -2.441357 0.493866 8.234180 -9.304556 0.201188 10.152707 -3.690285 6.502888 -8.499168 6.863408 -77.944611 171.428238 23.532608 46.758949 -8.138500 2.478351 -9.793974 -53.837029 25.139677 -7.212009 4.737306 6.303876 76.702744 -174.800934 -21.466021 -45.877205 -7.119614 -1.234786 11.363107 -47.844334 -20.848644 15.613692 1.280336 
-508.667908 51.805073 1492.336182 0.000000 -43.800903 0.000000 89.505905 -4.318023 86.593056 169.840637 -1.212698 146.810349 -3.830966 2.959759 -55.623505 -5.596890 -3.470469 89.114502 0.000007 0.003103 21.468758 -168.406036 1.339195 155.630951 9.433157 -1.797108 -52.422058 6.229271 -1.512297 85.168472 -0.000010 -0.003111 21.485640 -0.875328 -1.092255 7.926414 0.292212 1.366776 7.931204 -2.574137 0.502607 8.215925 -9.685362 0.435869 10.429034 -4.391383 6.633625 -8.247268 7.638034 -78.101677 170.657730 23.559874 46.790257 -7.760798 2.592299 -9.840326 -54.575253 25.548006 -7.149097 5.111521 6.057175 76.554199 -175.034805 -21.038897 -45.219917 -7.470343 -1.200444 11.491880 -47.958626 -20.984583 16.003521 1.574261 
-510.079773 51.733231 1493.909668 0.000000 -44.323971 0.000000 90.417694 -4.285432 87.509087 169.825577 -0.841181 147.012299 -3.630345 2.966281 -55.316269 -5.663687 -3.663078 89.027458 0.000007 0.003103 21.468222 -168.110199 0.721482 155.860382 9.599126 -1.736599 -51.839485 6.106969 -1.677525 85.919014 -0.000010 -0.003111 21.485779 -0.880125 -1.162157 7.966239 0.329084 1.297282 8.019418 -2.657023 0.511358 8.124599 -10.067870 0.700721 10.607213 -5.396561 6.583253 -7.791909 9.497038 -78.207359 168.763107 23.274502 47.197762 -7.924264 2.720248 -9.846264 -55.282814 25.769316 -7.054168 5.494400 6.055067 76.329918 -175.063156 -20.465858 -44.682404 -7.932570 -1.160655 11.475563 -47.720715 -21.285875 16.464844 1.931247 
-511.476624 51.673286 1495.462036 0.000000 -44.851891 0.000000 90.360527 -4.161880 87.143913 169.714096 -0.613885 147.521744 -3.619763 3.023520 -55.516750 -5.972591 -3.738177 88.677803 0.000007 0.003102 21.468412 -167.756409 0.123835 156.215698 9.577378 -1.687943 -51.064091 5.929593 -1.805415 86.723206 -0.000010 -0.003111 21.485886 -0.837431 -1.204800 8.009350 0.343610 1.234584 8.040563 -2.639483 0.478964 7.967805 -10.274755 1.024675 10.549986 -6.572770 6.262073 -7.531518 11.285275 -78.239159 166.932556 22.717142 48.185917 -8.385239 2.687633 -9.770112 -55.427448 25.782133 -7.178775 5.642419 6.179438 76.357674 -175.020767 -20.316397 -44.648994 -8.160408 -1.149541 11.437405 -47.655144 -21.509708 16.825258 2.231670 
-512.851318 51.623672 1497.004395 0.000000 -45.363529 0.000000 90.341599 -4.122230 86.714035 169.637344 -0.705259 148.720337 -3.673011 3.146504 -56.118591 -6.663982 -3.534961 88.331726 0.000006 0.003102 21.469391 -167.490524 -0.287705 156.192093 9.291419 -1.652765 -50.259369 5.736892 -1.775966 87.681946 -0.000009 -0.003111 21.486423 -0.771662 -1.217178 8.109415 0.321271 1.174537 7.976812 -2.502938 0.333687 7.791953 -10.311301 1.289986 10.381770 -7.663767 5.747056 -7.252639 12.537098 -78.289536 165.643738 22.053867 49.154636 -8.894728 2.588656 -9.621684 -55.271599 25.498949 -7.741311 5.611478 6.553122 76.655602 -174.734329 -20.555439 -45.019073 -8.031793 -1.174581 11.162474 -47.510551 -21.486698 16.990715 2.424722 
-514.187439 51.578159 1498.547363 0.000000 -45.875721 0.000000 90.383911 -3.996559 86.614136 169.360428 -1.042409 150.194382 -3.500654 3.336657 -56.915848 -7.527022 -3.141351 88.087296 0.000006 0.003102 21.470978 -167.257217 -0.447389 155.238571 8.970437 -1.685568 -49.324627 5.588786 -1.646947 88.719170 -0.000008 -0.003111 21.487087 -0.728981 -1.190887 8.228858 0.284728 1.020129 7.937303 -2.357648 0.114661 7.629331 -10.297135 1.721264 10.327950 -8.748825 5.340966 -7.124708 13.854761 -78.309135 164.277420 21.704475 49.945717 -8.877409 2.507588 -9.535069 -55.257530 25.055803 -8.815412 5.429970 6.947149 77.107491 -174.374130 -21.096062 -45.751808 -7.345771 -1.169625 10.601650 -47.230614 -21.097002 17.137457 2.611182 
-515.466675 51.537792 1500.085693 0.000000 -46.414536 0.000000 90.444061 -3.561075 87.187836 168.920944 -1.619934 151.503662 -3.137957 3.580353 -57.904537 -8.193428 -2.706065 87.404533 0.000005 0.003103 21.472574 -167.258011 -0.480776 153.426590 9.027452 -1.688837 -47.772621 5.502154 -1.388595 89.270363 -0.000008 -0.003111 21.487047 -0.742179 -1.111577 8.316141 0.236454 0.815482 7.873044 -2.168340 -0.063465 7.608274 -10.132720 1.723204 10.607003 -9.529927 5.098910 -7.003854 14.242151 -78.408905 163.839401 22.365496 50.493027 -7.958567 2.615045 -9.720732 -56.006149 24.348068 -10.281083 5.312872 8.400349 77.715675 -172.871094 -21.585276 -46.811935 -6.429777 -1.054149 10.133191 -46.934196 -20.320362 17.751877 2.884769 
-516.703735 51.506447 1501.593628 0.000000 -47.012035 0.000000 90.534531 -2.352572 88.279045 168.296585 -2.148530 152.735519 -2.862309 3.823109 -58.908787 -8.748852 -2.265412 86.409248 0.000005 0.003104 21.473480 -167.258408 -0.482319 151.080551 9.459327 -1.651272 -46.127403 5.568270 -1.232143 89.112022 -0.000009 -0.003111 21.486540 -0.788918 -0.997049 8.330315 0.301295 0.586406 7.602051 -1.972916 -0.219313 7.556341 -9.959574 1.374161 10.954133 -9.584684 4.988507 -6.567021 12.643860 -78.734222 165.397797 24.304726 51.042107 -5.705269 3.017231 -10.113503 -57.980038 23.087885 -12.075040 5.085656 9.597931 78.385307 -171.591248 -21.698273 -48.033859 -5.729394 -0.722417 9.985439 -46.445984 -19.632641 18.200441 3.047245 
-517.893677 51.480942 1503.042603 0.000000 -47.700043 0.000000 90.725960 -1.233214 89.414162 167.648361 -1.960860 153.197006 -2.937110 3.983022 -60.091721 -9.268643 -1.659439 86.012947 0.000005 0.003104 21.473959 -167.464859 -0.523659 148.837189 9.676775 -1.643850 -45.564751 5.530860 -0.986077 88.974510 -0.000010 -0.003112 21.486641 -0.800375 -0.913327 8.465709 0.442442 0.418770 7.392422 -1.787112 -0.258020 7.600875 -9.637411 1.130592 11.184011 -9.098635 5.143289 -6.437098 11.414262 -79.037354 166.579605 25.728863 51.320225 -4.210428 3.397707 -10.598234 -59.875267 22.078188 -12.871700 5.013127 11.570549 78.740067 -169.561554 -20.015614 -48.323715 -6.211900 -0.618002 10.078115 -46.383469 -18.995663 18.387941 2.976451 
-519.040039 51.442169 1504.402100 0.000000 -48.540684 0.000000 90.909203 -0.653392 90.071411 167.334717 -1.982700 153.977173 -2.919181 3.994766 -60.810394 -9.740886 -1.151401 85.872604 0.000004 0.003105 21.474318 -167.629807 -0.365145 147.262070 9.841619 -1.699424 -45.474728 5.378550 -0.734212 89.155373 -0.000010 -0.003112 21.486593 -0.757503 -0.848155 8.524477 0.494440 0.395095 7.288261 -1.661807 -0.359419 7.720388 -9.174336 0.762945 11.249370 -8.582760 5.220059 -6.589474 10.574477 -79.227211 167.405334 26.951181 51.724297 -3.189719 3.616645 -10.880180 -60.980362 20.908401 -13.152600 5.121068 13.244221 79.027962 -167.876266 -17.898771 -47.825397 -7.026217 -0.654857 9.952496 -46.393024 -18.433985 18.350832 2.839826 
-520.139771 51.397141 1505.673462 0.000000 -49.446613 0.000000 90.926064 0.050448 90.158051 167.335175 -2.299365 155.273956 -2.799747 3.885242 -60.970043 -10.095343 -0.831021 85.897324 0.000004 0.003105 21.474335 -167.654938 -0.294090 146.385040 9.744572 -1.681108 -45.927143 5.350898 -0.702006 90.556023 -0.000010 -0.003111 21.487146 -0.694753 -0.767998 8.558105 0.486616 0.436845 7.071700 -1.558513 -0.391923 7.724252 -9.165473 0.359202 11.176979 -8.918042 5.404106 -6.384227 9.362956 -79.543846 168.641190 27.367882 52.273602 -2.920772 3.485431 -11.037848 -60.675571 19.737896 -13.164034 4.905414 15.317412 79.518227 -165.798553 -16.601019 -47.246784 -8.386245 -0.671663 9.660609 -46.046505 -18.137106 18.512672 2.537585 
-521.163391 51.334595 1506.875854 0.000000 -50.412182 0.000000 90.954483 0.571288 90.024658 167.161057 -2.662279 156.913040 -2.779683 3.742704 -61.053337 -10.466152 -0.609838 85.875328 0.000004 0.003105 21.474302 -167.484192 -0.259095 146.003922 9.404314 -1.613422 -46.572254 5.633347 -0.602438 90.816490 -0.000011 -0.003111 21.487591 -0.628194 -0.673207 8.618526 0.479672 0.464281 6.820960 -1.443538 -0.418155 7.693958 -9.171044 -0.043707 11.168498 -9.398743 5.630272 -5.853691 7.079510 -79.965965 170.952911 27.459898 52.935287 -2.851074 3.156042 -10.901199 -59.423115 18.731171 -12.808707 4.511681 16.558975 79.985527 -164.578369 -15.490047 -47.140308 -10.029180 -0.751655 9.312998 -45.698769 -17.985790 18.958706 2.185737 
-522.112000 51.251228 1508.003174 0.000000 -51.467209 0.000000 90.984787 0.857468 89.970299 166.633438 -2.835770 157.979568 -2.881531 3.712369 -61.372620 -10.756277 -0.474616 85.762566 0.000004 0.003105 21.474895 -167.283463 -0.173669 144.734238 8.971328 -1.618695 -46.974365 5.941432 -0.330652 90.944069 -0.000011 -0.003110 21.487795 -0.604925 -0.576474 8.682124 0.477596 0.383765 6.561701 -1.376829 -0.531252 7.673829 -9.194213 -0.651487 10.873940 -9.230613 6.113009 -5.707851 4.449554 -80.219131 173.619247 27.645069 53.483585 -2.898305 3.028817 -10.766131 -58.902851 18.081207 -12.473007 4.035327 16.497839 80.044952 -164.668289 -14.077808 -46.895535 -11.349126 -0.866922 9.171204 -45.444401 -17.750166 19.259964 1.947271 
-523.007751 51.163387 1509.059448 0.000000 -52.619247 0.000000 90.958031 0.187071 89.128128 166.462677 -3.180497 157.892624 -2.806651 3.739405 -61.650471 -10.742099 -0.446123 85.559296 0.000004 0.003106 21.476089 -167.433609 -0.078525 143.782623 8.700771 -1.678935 -47.849125 6.021150 -0.181580 91.245552 -0.000012 -0.003110 21.487398 -0.564689 -0.499603 8.626075 0.382491 0.262222 6.331748 -1.268353 -0.697364 7.592494 -9.136332 -1.104744 9.969258 -9.365665 6.390435 -5.915147 3.565352 -80.206139 174.534622 27.847702 53.907291 -2.959617 2.807656 -10.712819 -58.406906 17.937092 -12.436988 3.703752 16.789423 79.771965 -164.386765 -13.054722 -46.704296 -12.210638 -1.024000 9.193654 -45.239101 -17.557117 19.244722 1.587752 
-523.869629 51.090996 1510.052368 0.000000 -53.802486 0.000000 90.789612 0.411690 89.167099 166.730133 -3.546876 157.369614 -2.304302 3.733814 -61.498882 -10.172661 -0.570837 85.687523 0.000004 0.003106 21.476385 -168.041016 0.024338 145.002121 8.837626 -1.742495 -49.535233 5.754158 -0.272273 91.652191 -0.000011 -0.003110 21.486441 -0.419660 -0.452192 8.493515 0.151564 0.301317 6.268878 -1.092671 -0.859942 7.578732 -9.203135 -1.030552 9.091726 -10.601946 6.355729 -6.453450 5.418050 -80.063965 172.702301 26.813908 54.275700 -4.155336 2.195986 -10.992655 -56.531704 18.119442 -12.402558 3.687619 18.488749 79.501953 -162.673340 -13.001705 -46.793327 -12.450463 -1.158075 9.275621 -45.316624 -17.481632 18.906384 1.253671 
-524.673035 51.023365 1511.006592 0.000000 -54.928326 0.000000 90.573441 0.694313 89.199661 167.293442 -3.756001 156.600479 -1.823387 3.663317 -61.496342 -9.318352 -0.771420 86.128006 0.000004 0.003105 21.475960 -168.555664 0.174575 147.186279 9.287443 -1.746794 -51.497520 5.391784 -0.462997 91.958771 -0.000011 -0.003109 21.484854 -0.241483 -0.440538 8.368099 -0.124719 0.419770 6.269008 -1.058945 -1.001072 7.793617 -9.653112 -0.652417 8.332762 -11.845932 6.469357 -6.959527 8.946943 -79.739326 169.167404 25.280401 54.158981 -6.148856 1.639352 -11.544661 -55.015369 18.369854 -12.463476 3.886599 19.832834 79.278915 -161.297119 -13.338181 -46.907017 -12.513549 -1.254325 9.582246 -45.703609 -17.462063 18.408350 1.150974 
-525.385010 50.945274 1511.907227 0.000000 -55.963886 0.000000 90.452042 0.934886 89.290192 167.871704 -3.645565 155.777466 -1.583608 3.589934 -61.941841 -8.763335 -0.924605 86.778915 0.000004 0.003105 21.476248 -168.875946 0.316329 148.296387 9.573794 -1.744800 -52.667950 5.386088 -0.701368 92.183067 -0.000010 -0.003108 21.483267 -0.113545 -0.445522 8.302786 -0.309849 0.418833 6.209107 -1.090066 -1.099859 8.069087 -10.047830 -0.399006 8.040828 -12.613672 6.678403 -7.384485 10.981551 -79.451424 167.116394 24.465313 53.876720 -7.545453 1.287837 -11.944497 -54.232449 18.499100 -12.631498 4.008317 19.978308 79.140953 -161.107315 -12.854260 -47.187572 -13.105700 -1.375363 9.885160 -46.277466 -17.447241 18.343021 1.249531 
-526.015930 50.865334 1512.746948 0.000000 -56.924397 0.000000 90.376900 1.038797 89.556328 168.212448 -3.144134 155.394424 -1.579223 3.531192 -62.821720 -8.532539 -0.925374 87.334343 0.000004 0.003105 21.476961 -169.098419 0.569163 148.548172 9.752632 -1.742998 -52.982151 5.515723 -0.870145 92.291222 -0.000010 -0.003107 21.481937 -0.048043 -0.454744 8.264532 -0.448825 0.345052 6.096853 -1.079494 -1.152102 8.288853 -10.206802 -0.176706 8.032854 -13.116602 6.883759 -7.439899 11.753718 -79.246490 166.323715 24.276852 53.649147 -8.473160 1.087382 -12.088194 -54.081024 18.580997 -12.877136 4.083827 19.682732 79.035988 -161.368317 -12.155387 -47.601791 -13.637229 -1.504524 10.082888 -47.006172 -17.604490 18.662146 1.366008 
-526.583069 50.781487 1513.525146 0.000000 -57.837692 0.000000 90.221481 1.199296 90.004547 168.658508 -2.186784 154.675262 -1.688196 3.446800 -63.880154 -8.575254 -0.696872 87.940666 0.000005 0.003105 21.477953 -169.183975 0.904451 148.354324 9.802521 -1.749546 -52.897732 5.823789 -1.023474 92.268814 -0.000009 -0.003106 21.481094 -0.056322 -0.509433 8.231910 -0.494942 0.315892 6.037463 -0.942367 -1.193639 8.376747 -10.272143 0.083468 8.132569 -13.319196 6.839892 -7.078594 11.402750 -79.197678 166.657898 23.359066 53.067329 -10.208155 0.916223 -11.882990 -54.393536 18.873375 -13.047215 4.197092 18.859125 78.901985 -162.173477 -10.834954 -48.266586 -14.213974 -1.693519 10.050349 -48.005920 -17.942305 19.146091 1.582741 
-527.116699 50.690632 1514.246216 0.000000 -58.711826 0.000000 90.177383 1.167862 90.245216 168.976685 -1.544602 154.144363 -1.712341 3.444811 -64.570557 -8.365827 -0.672143 88.233223 0.000005 0.003104 21.478788 -169.160675 0.964997 148.227127 9.711998 -1.852021 -53.181255 5.945595 -1.183449 91.973251 -0.000009 -0.003106 21.480690 -0.107638 -0.510235 8.164354 -0.487171 0.307526 6.092144 -0.925154 -1.145257 8.388482 -10.436369 0.097354 8.120790 -13.384554 7.030510 -6.771512 11.326733 -79.175560 166.740982 22.957472 52.477337 -10.977324 0.800191 -11.735289 -54.709763 19.499758 -13.221241 4.259296 19.264057 78.641708 -161.737854 -10.062263 -48.791950 -14.593277 -1.699856 10.120449 -48.671688 -18.436665 19.186123 1.711066 
-527.647278 50.593590 1514.957642 0.000000 -59.545292 0.000000 90.196136 1.348076 90.348930 169.475464 -0.793556 153.564789 -1.842705 3.494711 -64.953613 -7.913707 -0.737111 88.173004 0.000005 0.003104 21.479187 -169.029556 0.823437 147.984818 9.399014 -2.007208 -53.353905 5.895439 -1.263237 91.463326 -0.000008 -0.003106 21.480440 -0.209953 -0.492039 8.066278 -0.394179 0.333764 6.246073 -0.919914 -1.072157 8.257169 -10.647017 0.073083 8.354982 -13.280830 7.535400 -6.366272 10.509141 -79.207703 167.584595 22.945288 51.713749 -11.052258 0.810681 -11.628713 -55.127293 20.281778 -13.269390 4.221905 20.398798 78.457771 -160.563934 -9.780764 -48.954803 -15.029793 -1.576356 10.270351 -49.260784 -19.039520 18.945477 1.821631 
-528.190613 50.493813 1515.678833 0.000000 -60.349266 0.000000 90.239342 1.486916 90.352242 169.875366 -0.129773 153.082642 -1.970668 3.519973 -64.330925 -7.511960 -0.820388 88.048981 0.000006 0.003104 21.479055 -169.076691 0.628585 147.848145 8.897146 -2.119774 -53.431244 6.003644 -1.143478 90.923637 -0.000007 -0.003106 21.480719 -0.284950 -0.461055 7.991892 -0.372986 0.312468 6.519259 -0.983663 -0.935190 8.116066 -10.529091 0.148007 9.082212 -12.720490 7.903025 -6.365557 8.319445 -79.347382 169.828552 23.987932 50.738216 -9.895770 0.942360 -11.744245 -55.985283 20.857985 -13.293109 4.131088 21.723028 78.492912 -159.218140 -9.716688 -48.221237 -15.765388 -1.351589 10.407062 -49.834835 -19.744747 18.685705 1.809932 
-528.721191 50.386810 1516.397217 0.000000 -61.133469 0.000000 90.319855 1.398601 90.469780 169.945465 -0.072945 152.826111 -2.016151 3.600321 -62.936058 -7.314185 -0.854117 88.080330 0.000007 0.003104 21.479174 -169.086411 0.719512 148.006561 8.390760 -2.154773 -53.616005 6.280243 -0.873448 90.812164 -0.000007 -0.003106 21.480944 -0.320170 -0.439969 7.974471 -0.412537 0.311418 6.785232 -1.154908 -0.861302 8.024375 -10.202236 0.296464 9.555110 -11.812942 8.019763 -6.666405 6.127363 -79.589066 172.097092 24.955774 49.639622 -8.673487 1.080850 -12.031668 -56.882042 21.276274 -13.310730 4.056009 22.384914 78.730072 -158.545502 -10.219133 -47.522224 -15.819551 -1.163036 10.377793 -49.917469 -20.549854 18.538204 1.718425 
-529.193909 50.268917 1517.103882 0.000000 -61.937096 0.000000 90.324417 0.887031 90.719719 169.749603 -0.129985 152.936996 -2.072470 3.658688 -61.752815 -7.215360 -0.763287 88.143562 0.000007 0.003104 21.479467 -169.049911 1.052659 147.733643 8.257985 -2.134070 -53.618176 6.716155 -0.560239 90.874123 -0.000007 -0.003107 21.480577 -0.349872 -0.433264 7.989758 -0.474141 0.380653 6.963974 -1.305819 -0.841467 8.017159 -10.109650 0.443638 9.881043 -10.877113 7.726329 -7.282966 4.780200 -79.971672 173.489471 25.677042 48.782841 -7.782952 1.145550 -12.156435 -57.588383 21.391962 -13.650468 3.924670 21.971733 79.101936 -158.961685 -10.694143 -47.111324 -15.027751 -1.097411 10.269144 -49.620724 -21.284151 18.518167 1.568604 
-529.608154 50.142818 1517.823486 0.000000 -62.817028 0.000000 90.385498 -1.157529 89.774879 169.175995 -0.193381 153.459579 -2.204634 3.646312 -60.613979 -7.382368 -0.736882 88.200775 0.000007 0.003104 21.479168 -169.061279 1.543879 146.692154 8.389824 -2.000308 -53.221222 7.382123 -0.152056 91.149635 -0.000007 -0.003107 21.479424 -0.396431 -0.416079 8.017128 -0.531069 0.404493 7.130730 -1.560233 -0.860187 8.031965 -10.007315 0.381881 10.025452 -9.459639 7.210708 -7.758978 3.849981 -80.463242 174.435715 25.883949 48.120171 -7.125370 1.222577 -12.168187 -58.118656 21.136423 -14.277842 3.901774 20.782444 79.458855 -160.137222 -11.580152 -46.911213 -13.565242 -1.105094 10.250282 -49.381809 -21.740524 18.438938 1.294230 
-530.004578 50.031013 1518.588867 0.000000 -63.846031 0.000000 90.532181 -1.868692 89.801636 168.299438 -0.374634 154.069290 -2.348676 3.539567 -59.559261 -7.731832 -0.606212 88.083275 0.000007 0.003104 21.478603 -168.932327 2.095165 145.344742 8.412031 -1.725452 -52.628529 8.293196 0.117296 91.223206 -0.000007 -0.003107 21.478394 -0.449842 -0.383302 8.064721 -0.633647 0.341734 7.320213 -1.977829 -0.878230 8.050945 -9.788826 -0.010352 9.909835 -7.574038 6.316358 -7.968735 3.670134 -80.857925 174.624725 26.361897 47.574730 -5.610525 1.290094 -12.205068 -58.341934 20.646837 -15.057730 3.671860 19.282286 79.912399 -161.635696 -12.401868 -46.709724 -12.251748 -1.124661 10.088820 -49.154869 -21.902359 18.640356 0.754782 
-530.424500 49.936268 1519.406494 0.000000 -65.041679 0.000000 90.667229 -1.951106 89.655609 167.955887 -0.591282 153.751678 -2.390286 3.485513 -59.413136 -7.802378 -0.499299 88.344673 0.000008 0.003104 21.478312 -168.858154 2.504248 144.568512 8.319687 -1.668028 -52.716576 8.761319 0.239897 91.248131 -0.000007 -0.003107 21.478722 -0.492764 -0.324702 8.108626 -0.703756 0.339566 7.337043 -2.136654 -0.901103 8.015587 -9.564824 -0.327416 9.683809 -6.228340 5.695397 -8.004816 3.111037 -81.035324 175.201279 26.570848 47.001129 -5.090044 1.372897 -12.313355 -58.456203 20.298651 -15.102906 3.480521 19.122114 80.228905 -161.763535 -12.893414 -46.536125 -11.806808 -1.051934 10.047217 -49.047386 -21.522194 19.145775 0.416248 
-530.863586 49.833893 1520.260010 0.000000 -66.260628 0.000000 90.692444 -1.438543 89.519012 168.266342 -0.652936 153.012238 -2.142593 3.502592 -60.055458 -7.476650 -0.473634 88.525864 0.000008 0.003103 21.478762 -168.707336 2.722430 144.552994 8.283970 -1.859049 -53.662811 8.668380 0.271116 91.305893 -0.000007 -0.003107 21.479563 -0.522712 -0.279887 8.177340 -0.693950 0.363234 7.194089 -2.003521 -0.850474 8.009953 -9.452349 -0.510763 9.219175 -5.763836 5.879673 -7.696712 1.878610 -80.919373 176.482941 26.192129 46.406967 -6.040038 1.625848 -12.579662 -58.906815 20.259121 -14.734413 3.171189 21.281433 80.415314 -159.591980 -12.972835 -46.177872 -12.523353 -0.963242 10.141372 -49.648552 -21.074209 19.652399 0.513194 
-531.316772 49.709217 1521.125854 0.000000 -67.409386 0.000000 90.678703 -1.246791 89.138733 168.049820 -0.569661 152.325150 -1.248597 3.645617 -60.820557 -7.346595 -0.482301 88.288086 0.000007 0.003103 21.479849 -168.314972 2.941095 144.995758 8.376276 -1.944827 -54.913643 7.849477 0.355129 91.623917 -0.000007 -0.003107 21.480303 -0.504587 -0.282321 8.221035 -0.831215 0.279665 6.953443 -1.893682 -0.837974 8.101332 -9.405410 -0.634895 9.048726 -5.843523 6.134583 -6.757205 2.014501 -80.711617 176.438934 25.902340 46.134109 -7.070491 1.811666 -12.844885 -59.447899 19.975391 -14.804228 2.687519 21.104408 80.224625 -159.805496 -14.239947 -45.618332 -12.013369 -0.704625 10.179235 -50.098602 -21.329306 19.867764 0.827041 
-531.833191 49.548088 1522.076416 0.000000 -68.495499 0.000000 90.576660 -1.210449 88.828377 167.847473 -0.346632 151.542801 -0.652777 3.657301 -61.148445 -7.358975 -0.597510 88.013878 0.000007 0.003102 21.480337 -168.184219 2.903540 145.885345 8.257720 -2.018132 -55.582130 7.508383 0.307368 92.102852 -0.000006 -0.003107 21.480436 -0.461667 -0.291004 8.225657 -0.897521 0.240138 6.856799 -1.854425 -0.823377 8.229227 -9.401577 -0.486590 8.919959 -5.807644 5.837094 -5.832141 2.543358 -80.721497 175.982040 25.880491 46.078968 -7.285192 1.811357 -12.955384 -59.427731 20.048927 -15.015199 2.660258 20.651131 80.105797 -160.265976 -14.723242 -45.510719 -12.134904 -0.452995 10.190598 -50.074413 -21.336969 19.758986 1.081482 
-532.406006 49.375587 1523.061646 0.000000 -69.539856 0.000000 90.481483 -1.052091 88.545578 167.588882 -0.416946 150.744370 -0.195635 3.578896 -61.594307 -7.249560 -0.720381 87.623703 0.000007 0.003102 21.480591 -168.184448 2.986970 146.877899 7.981695 -2.160603 -56.451080 7.215963 0.161787 92.551826 -0.000006 -0.003106 21.480238 -0.419906 -0.292512 8.237309 -0.926157 0.243298 6.789320 -1.743660 -0.812120 8.393508 -9.589278 -0.276087 8.526747 -6.386065 5.284947 -5.007806 2.587677 -80.543625 176.022278 25.144178 46.138985 -8.315881 1.574169 -13.006124 -58.592815 20.415548 -14.825172 2.853509 21.115742 79.999283 -159.783340 -15.058617 -45.819462 -12.656054 -0.308641 10.197824 -50.242455 -21.140860 19.426340 1.320146 
-533.028931 49.200653 1524.049927 0.000000 -70.536232 0.000000 90.493767 -0.980866 88.272896 167.312897 -0.827447 150.228607 0.099489 3.515080 -62.346428 -7.043765 -0.854032 87.125259 0.000007 0.003101 21.480923 -168.293182 3.297266 147.544800 7.717663 -2.313879 -57.382774 6.825953 -0.024235 92.865166 -0.000006 -0.003106 21.479755 -0.376309 -0.279927 8.221321 -0.971150 0.291515 6.805914 -1.579242 -0.776022 8.524439 -9.868874 -0.198094 8.070436 -7.296668 4.883723 -4.359856 2.187498 -80.282463 176.519043 24.204929 46.258881 -9.445881 1.282819 -13.105176 -57.526478 20.828512 -14.273789 3.094373 21.735447 79.867477 -159.119370 -15.304742 -46.227909 -13.291803 -0.326662 10.142718 -50.681652 -20.965055 19.045948 1.459656 
-533.722290 49.021675 1525.025024 0.000000 -71.490883 0.000000 90.541389 -1.131805 88.081322 166.901016 -1.202107 150.025040 0.307746 3.476600 -63.117817 -6.795939 -0.976544 86.657990 0.000007 0.003100 21.481089 -168.425476 3.646862 147.867294 7.604204 -2.450855 -58.284527 6.522968 -0.147711 93.041832 -0.000006 -0.003105 21.479353 -0.351212 -0.261358 8.175166 -0.998450 0.330827 6.828374 -1.473429 -0.764228 8.609100 -10.045541 -0.251060 7.721915 -7.735374 4.724305 -4.013203 1.851397 -80.093170 176.950897 23.328695 46.368824 -10.317322 1.065684 -13.225489 -56.583122 21.057251 -13.799474 3.295083 21.374153 79.758629 -159.441132 -15.627668 -46.535137 -13.532431 -0.403802 10.091172 -51.077198 -20.886076 18.719660 1.467582 
-534.499084 48.835777 1525.990234 0.000000 -72.421379 0.000000 90.587990 -1.567097 88.029984 166.453705 -1.396384 150.129364 0.370920 3.456518 -63.682339 -6.648984 -1.102870 86.339401 0.000007 0.003100 21.481060 -168.508545 3.846004 147.942154 7.588325 -2.535970 -58.976814 6.343761 -0.221901 93.177406 -0.000006 -0.003105 21.479288 -0.345547 -0.246287 8.137053 -1.014048 0.332963 6.829674 -1.440117 -0.774529 8.661376 -10.094782 -0.369384 7.416368 -7.715940 4.632930 -3.983854 1.399158 -79.953369 177.472610 22.448410 46.527954 -11.030085 0.924827 -13.301817 -55.838257 21.332502 -13.407446 3.488600 20.195139 79.677620 -160.599747 -16.023912 -46.817051 -13.384779 -0.472707 10.109283 -51.212143 -20.794424 18.389862 1.443818 
-535.353027 48.641716 1526.942749 0.000000 -73.342117 0.000000 90.623756 -2.115590 88.060478 165.976654 -1.352537 150.298996 0.319236 3.424715 -64.118614 -6.549078 -1.213121 86.041092 0.000008 0.003100 21.481133 -168.618530 3.942521 148.061783 7.545594 -2.599021 -59.645821 6.211104 -0.263676 93.271072 -0.000006 -0.003105 21.479452 -0.361263 -0.227372 8.113139 -1.048087 0.301170 6.851971 -1.442851 -0.803976 8.737376 -9.984706 -0.543199 7.126538 -7.490203 4.661262 -4.315042 0.901240 -79.828125 178.024261 21.910774 46.706219 -11.386164 0.865599 -13.403585 -55.282009 21.629154 -13.074066 3.655068 18.705589 79.544052 -162.079773 -16.305870 -47.070217 -13.197132 -0.494656 10.206897 -51.088749 -20.647558 18.121370 1.410927 
-536.278015 48.445786 1527.876709 0.000000 -74.262062 0.000000 90.674324 -2.556690 88.157661 165.533478 -1.326613 150.423248 0.331239 3.382880 -64.673637 -6.450063 -1.302617 85.719727 0.000008 0.003100 21.481285 -168.741852 3.995742 148.241974 7.463313 -2.657664 -60.370296 5.997313 -0.331289 93.387680 -0.000006 -0.003105 21.479362 -0.370439 -0.211470 8.103500 -1.057029 0.262449 6.877725 -1.440800 -0.836428 8.806310 -9.834661 -0.749648 6.759463 -7.280540 4.583805 -4.686294 0.515210 -79.678574 178.467957 21.671066 46.915627 -11.508391 0.841928 -13.492091 -54.681969 21.990870 -12.718486 3.786687 17.358082 79.388535 -163.426315 -16.721081 -47.311028 -12.965810 -0.482583 10.371428 -50.920315 -20.457434 17.822641 1.436194 
-537.274109 48.249607 1528.785889 0.000000 -75.180908 0.000000 90.718025 -2.784058 88.301361 165.253098 -1.484015 150.431885 0.345860 3.330704 -65.475990 -6.265326 -1.388346 85.236214 0.000008 0.003099 21.481779 -168.911133 3.992129 148.506271 7.358456 -2.715695 -61.101925 5.698969 -0.434074 93.437553 -0.000006 -0.003105 21.478949 -0.365765 -0.200363 8.098248 -1.059946 0.235311 6.895687 -1.404981 -0.858407 8.787515 -9.729504 -0.998889 6.315811 -7.094636 4.430545 -4.821040 0.338305 -79.489494 178.716003 21.590183 47.259499 -11.396789 0.813188 -13.552240 -53.936291 22.414906 -12.275677 3.856930 16.362200 79.227852 -164.422531 -17.452288 -47.504295 -12.523662 -0.429671 10.486471 -50.757847 -20.231346 17.473106 1.485388 
-538.343567 48.048847 1529.664917 0.000000 -76.093002 0.000000 90.714798 -3.070111 88.501328 165.104477 -1.594226 150.546036 0.325486 3.276222 -66.179741 -6.039146 -1.472282 84.739204 0.000008 0.003099 21.482214 -169.077728 3.894972 148.703079 7.218512 -2.768241 -61.607018 5.357255 -0.534248 93.392136 -0.000006 -0.003105 21.478645 -0.371865 -0.186972 8.114830 -1.059729 0.216373 6.926800 -1.378097 -0.864026 8.724853 -9.622497 -1.213828 5.918438 -6.863371 4.313973 -4.845339 0.382128 -79.332268 178.740204 21.700562 47.554211 -11.198916 0.797737 -13.607419 -53.200409 22.736134 -11.835088 3.931076 15.378617 79.010628 -165.409683 -18.166285 -47.634033 -12.015103 -0.369603 10.573332 -50.678883 -19.958614 17.156719 1.565664 
-539.488953 47.846447 1530.518188 0.000000 -77.003166 0.000000 90.685661 -3.368472 88.681992 164.889511 -1.661864 150.601807 0.283741 3.228344 -66.676079 -5.835653 -1.570391 84.312752 0.000008 0.003098 21.482309 -169.212830 3.778909 148.818237 7.032462 -2.803415 -61.904324 5.107479 -0.636699 93.150551 -0.000007 -0.003106 21.478376 -0.392715 -0.176395 8.150028 -1.076218 0.207677 6.939465 -1.388756 -0.844831 8.663925 -9.491360 -1.419642 5.731178 -6.610221 4.212604 -4.752398 0.769686 -79.237419 178.408295 21.844360 47.718792 -10.964069 0.811052 -13.654908 -52.728321 22.933002 -11.477077 4.036957 14.422827 78.789536 -166.368057 -18.827639 -47.835213 -11.511345 -0.248989 10.690578 -50.643841 -19.724234 16.869120 1.646226 
-540.701050 47.647415 1531.343018 0.000000 -77.916954 0.000000 90.676537 -3.553688 88.708725 164.536270 -1.807947 150.541183 0.235515 3.209804 -67.086365 -5.765326 -1.670763 83.947334 0.000008 0.003098 21.482016 -169.237259 3.684053 148.906784 6.838525 -2.865681 -62.116730 4.913389 -0.747950 92.929550 -0.000007 -0.003106 21.478228 -0.397285 -0.171726 8.174595 -1.116588 0.188565 6.982456 -1.395055 -0.776968 8.644764 -9.417094 -1.634246 5.775971 -6.561708 3.891570 -4.587001 1.009903 -79.180214 178.202042 21.907211 47.759159 -10.905374 0.841525 -13.642969 -52.454540 22.985535 -11.189631 4.221778 13.438098 78.681175 -167.335678 -19.545834 -48.086620 -11.191984 -0.079867 10.815888 -50.603477 -19.556288 16.756866 1.740635 
-541.982422 47.460022 1532.133667 0.000000 -78.836601 0.000000 90.699379 -3.575877 88.626991 164.088470 -2.020768 150.239838 0.165328 3.198475 -67.537422 -5.835467 -1.720878 83.535553 0.000008 0.003098 21.481434 -169.123718 3.747077 149.129761 6.656182 -2.940925 -62.322235 4.744590 -0.915537 92.729126 -0.000007 -0.003106 21.477978 -0.399454 -0.170615 8.202621 -1.161466 0.139723 7.057515 -1.392975 -0.691248 8.648997 -9.415678 -1.884306 5.969294 -6.731455 3.366108 -4.367712 0.803710 -79.164909 178.436737 22.096413 47.671253 -10.731592 0.907558 -13.511088 -52.478443 22.883373 -10.919749 4.477225 12.596807 78.658897 -168.150040 -20.378714 -48.382607 -10.977604 0.088061 10.941084 -50.552147 -19.491922 16.799585 1.764070 
-543.341797 47.286793 1532.884033 0.000000 -79.756020 0.000000 90.717987 -3.509063 88.492035 163.666885 -2.297754 149.626984 0.121883 3.173811 -67.971283 -6.006870 -1.814536 83.051659 0.000008 0.003097 21.480841 -169.009430 3.863664 149.402527 6.478491 -3.026413 -62.467533 4.529331 -1.128316 92.488426 -0.000007 -0.003106 21.477449 -0.400194 -0.184061 8.246243 -1.182171 0.081715 7.087770 -1.386581 -0.599491 8.651937 -9.353458 -2.160456 6.333923 -6.976326 2.767297 -4.095093 0.358078 -79.127457 178.921692 22.249702 47.584892 -10.521480 0.948762 -13.385560 -52.649685 22.736977 -10.618189 4.717949 11.917451 78.680061 -168.806488 -20.894039 -48.568520 -11.183235 0.218067 11.080020 -50.542728 -19.394978 16.868757 1.749967 
-544.791809 47.126274 1533.598999 0.000000 -80.658112 0.000000 90.767166 -3.425406 88.346916 163.561386 -2.537433 148.727463 0.111407 3.145565 -68.405014 -6.112743 -1.933508 82.478012 0.000008 0.003097 21.480301 -169.020309 3.967191 150.180969 6.228549 -3.130448 -62.805855 4.287494 -1.416952 92.341759 -0.000007 -0.003106 21.476683 -0.386924 -0.194005 8.290151 -1.172864 0.045735 7.081388 -1.307875 -0.514060 8.611945 -9.295615 -2.357017 6.532576 -7.384768 2.096579 -3.718747 -0.218863 -78.968643 179.556137 22.304596 47.627728 -10.316772 0.962921 -13.261923 -52.485153 22.703894 -10.295121 4.993471 11.614189 78.660347 -169.093567 -21.420008 -48.645309 -11.382956 0.409918 11.242202 -50.384754 -19.237143 16.782652 1.851289 
-546.320801 46.975300 1534.266357 0.000000 -81.520546 0.000000 90.848572 -3.392609 88.308098 163.824203 -2.700163 147.637512 0.171485 3.126787 -68.719604 -6.000795 -2.009451 81.956894 0.000008 0.003097 21.479902 -169.139603 4.035873 151.481903 5.910384 -3.277338 -63.488571 3.984091 -1.688200 92.350006 -0.000006 -0.003106 21.475649 -0.354214 -0.172939 8.328300 -1.166197 0.042737 7.061630 -1.169332 -0.448392 8.537467 -9.306045 -2.398835 6.357891 -7.801509 1.424458 -3.230430 -0.410115 -78.684547 179.829697 22.189949 47.849411 -10.509661 0.948888 -13.143338 -51.814384 22.793121 -9.836428 5.325734 11.703111 78.543922 -169.004013 -21.821459 -48.567509 -11.635427 0.706335 11.476787 -49.936859 -19.093861 16.508934 2.104659 
-547.912292 46.832745 1534.879883 0.000000 -82.321327 0.000000 90.952316 -3.535421 88.611633 164.350449 -2.622240 146.778290 0.219645 3.136910 -68.938713 -5.667528 -2.018909 81.693588 0.000008 0.003097 21.480043 -169.488663 4.038628 152.546082 5.690697 -3.419373 -64.218491 3.744847 -1.915669 92.290565 -0.000007 -0.003106 21.474768 -0.340851 -0.122934 8.344086 -1.180385 0.048933 7.065652 -1.041177 -0.385566 8.430431 -9.404136 -2.234729 6.129257 -7.766136 0.990298 -2.893101 0.463920 -78.308746 179.022919 21.752787 47.908867 -11.369639 1.025884 -13.169098 -50.974209 23.087221 -9.200315 5.746569 11.369017 78.414421 -169.346664 -21.972626 -48.386055 -11.937885 0.994930 11.863933 -49.702141 -18.896648 16.302277 2.399126 
-549.577393 46.702721 1535.452148 0.000000 -83.068306 0.000000 91.020760 -3.828971 89.029373 164.750427 -2.257118 145.833527 0.223033 3.128494 -69.332726 -5.196557 -2.031531 81.582008 0.000008 0.003097 21.480480 -169.793808 3.918274 152.819153 5.640587 -3.514655 -64.942184 3.525271 -2.115166 91.901222 -0.000007 -0.003107 21.473860 -0.354389 -0.065458 8.363358 -1.157648 0.015989 7.060842 -1.001084 -0.307067 8.391801 -9.512346 -2.061151 6.178115 -7.253865 0.813321 -2.825158 1.894043 -78.003075 177.622086 21.664248 47.865425 -11.989022 1.189341 -13.256804 -50.333683 23.461544 -8.632442 6.068836 10.433658 78.168465 -170.290451 -22.063444 -48.082104 -12.160567 1.291063 12.271204 -49.326813 -18.494450 16.031815 2.698921 
-551.341614 46.583092 1536.010010 0.000000 -83.775711 0.000000 90.953239 -3.790603 89.370361 164.788803 -2.009625 144.953629 0.024972 3.102633 -69.750053 -5.040494 -2.175490 81.363617 0.000008 0.003097 21.480419 -169.995483 3.648516 152.880997 5.483356 -3.510365 -65.214989 3.440823 -2.260632 91.300491 -0.000007 -0.003107 21.472853 -0.411389 -0.057979 8.369315 -1.033630 -0.069137 6.944758 -1.000895 -0.164041 8.386006 -9.504636 -1.961976 6.515528 -6.907012 0.566274 -2.590480 2.404953 -77.779305 177.129807 21.944822 48.185692 -11.944065 1.384115 -13.179570 -50.358006 23.690348 -8.379506 6.379672 9.674636 77.897263 -171.059448 -21.651543 -47.769028 -12.571832 1.516347 12.584756 -49.071419 -18.067106 15.812063 3.073984 
-553.210571 46.474274 1536.547607 0.000000 -84.463234 0.000000 90.705315 -3.637723 89.583405 164.534637 -1.877988 144.564133 -0.245848 3.041758 -70.111916 -5.135589 -2.477869 80.930824 0.000008 0.003097 21.480301 -170.031052 3.290645 153.292343 5.195007 -3.442049 -65.128258 3.324719 -2.264190 91.053162 -0.000006 -0.003107 21.471645 -0.489505 -0.063137 8.324262 -0.823540 -0.151949 6.792552 -0.960680 0.018301 8.370749 -9.313236 -1.769791 7.037143 -6.938456 0.425536 -2.196977 2.253223 -77.613686 177.305069 22.466244 48.983624 -11.298504 1.522424 -12.987175 -50.266735 23.906960 -8.161915 6.695631 9.775871 77.529388 -170.982101 -20.973009 -47.642792 -12.980872 1.600081 12.770582 -48.586407 -17.903231 15.495414 3.457341 
-555.151062 46.375145 1537.065308 0.000000 -85.161217 0.000000 90.448448 -3.553332 89.677429 164.592316 -1.616034 144.459656 -0.187304 3.010727 -70.809547 -5.339035 -2.744425 80.526657 0.000008 0.003096 21.480412 -169.901550 2.872026 154.218277 4.961045 -3.372774 -65.256042 3.009789 -2.227289 90.979462 -0.000006 -0.003107 21.470541 -0.511331 -0.047101 8.265907 -0.630961 -0.123440 6.664414 -0.820798 0.159278 8.251787 -9.103614 -1.361772 7.270422 -7.059408 0.303625 -1.781555 2.174208 -77.435059 177.418488 22.890192 50.072605 -10.621286 1.576956 -12.828366 -49.844032 24.317032 -7.854093 6.995585 10.292813 77.253761 -170.540329 -20.246164 -47.397758 -13.542725 1.678176 12.841874 -48.080067 -17.793051 15.280386 3.831074 
-557.150696 46.291561 1537.557495 0.000000 -85.871124 0.000000 90.247406 -3.579939 89.885513 164.798248 -1.189505 144.627808 -0.052211 2.998685 -71.802322 -5.546234 -2.899548 80.136276 0.000008 0.003096 21.480484 -169.953613 2.430559 155.018204 4.751720 -3.338149 -64.994316 2.639530 -2.284131 91.043190 -0.000006 -0.003107 21.469711 -0.500756 -0.015494 8.197362 -0.478963 -0.096364 6.650273 -0.626767 0.282349 8.115036 -8.758252 -1.071766 7.505744 -6.735970 0.382981 -1.604909 1.942040 -77.217224 177.669403 23.104279 51.089874 -9.992101 1.564959 -12.721336 -49.375347 24.591280 -7.800186 7.325779 10.385139 77.144043 -170.530014 -19.901125 -47.197460 -13.629631 1.760115 12.849679 -47.572926 -17.395176 15.214396 4.086326 
-559.178040 46.229355 1538.008057 0.000000 -86.591988 0.000000 89.844597 -3.958534 89.841621 164.792282 -0.691710 144.871567 -0.250044 2.994424 -72.586189 -5.525040 -2.932692 79.742561 0.000008 0.003096 21.479933 -170.226517 1.957924 154.824692 4.514203 -3.361333 -64.383324 2.492841 -2.268486 90.889824 -0.000006 -0.003108 21.468937 -0.538857 0.013373 8.141743 -0.382858 -0.085681 6.655334 -0.522013 0.429879 8.055367 -8.302172 -1.059581 8.139264 -5.917235 0.789789 -2.201738 1.853482 -77.079361 177.725800 23.544949 51.625130 -9.254389 1.644701 -12.695197 -49.367977 24.765152 -8.026404 7.285988 9.195188 77.065361 -171.790054 -19.528578 -47.235477 -13.257359 1.781417 12.763134 -46.958691 -16.649315 15.266988 4.313253 
-561.217468 46.191570 1538.414917 0.000000 -87.342583 0.000000 89.612183 -4.549246 90.059059 164.562958 -0.202047 145.285736 -0.505355 3.040846 -73.212845 -5.531029 -2.863422 79.351974 0.000008 0.003096 21.479307 -170.513885 1.677523 154.257996 4.301179 -3.361868 -63.900761 2.561716 -2.235393 90.552124 -0.000007 -0.003108 21.468204 -0.583513 0.016001 8.094643 -0.342990 -0.079996 6.651074 -0.510800 0.572950 8.051175 -7.820500 -1.168490 8.891419 -4.914165 1.312795 -2.835649 1.666310 -76.946953 177.871964 24.311775 51.895950 -8.620287 1.755683 -12.684896 -49.703766 24.624487 -8.029968 7.174611 8.046574 77.090904 -172.959793 -19.098280 -47.269333 -12.765860 1.723905 12.693887 -46.718811 -15.943929 15.140896 4.515506 
-563.264160 46.179737 1538.761841 0.000000 -88.120064 0.000000 89.467896 -5.144598 90.293816 164.362381 0.009314 145.666534 -0.580508 3.162730 -73.724442 -5.560077 -2.784979 79.268951 0.000008 0.003096 21.479010 -170.784103 1.666841 154.433578 3.918810 -3.343558 -63.575520 2.736858 -2.203636 89.327545 -0.000007 -0.003108 21.467937 -0.593876 0.017234 8.058691 -0.336043 -0.044362 6.703022 -0.506703 0.688723 8.130553 -7.448137 -1.426570 9.667286 -4.149506 1.792289 -2.838685 1.129500 -76.718529 178.426041 24.597078 51.924763 -8.503183 1.915114 -12.605440 -50.024895 24.523830 -7.596423 7.201201 7.472262 77.156029 -173.524902 -18.675793 -46.914867 -12.766040 1.716523 12.886384 -47.021393 -15.713695 15.121353 4.582740 
-565.330688 46.183910 1539.036987 0.000000 -88.913933 0.000000 89.419991 -5.585598 90.565086 164.338699 0.009379 145.964050 -0.490958 3.292844 -74.052322 -5.573522 -2.643951 79.578300 0.000008 0.003096 21.478857 -171.041962 1.840856 155.308701 3.622192 -3.362565 -63.324593 2.761766 -2.200777 89.001907 -0.000007 -0.003107 21.467978 -0.576922 0.035672 8.062875 -0.311491 -0.009935 6.839369 -0.432229 0.796096 8.217657 -7.121628 -1.679770 10.103075 -3.675602 2.126877 -2.579277 0.237512 -76.516640 179.369751 24.967388 51.908436 -8.201941 2.007940 -12.541655 -50.023117 24.416077 -7.140424 7.317871 7.591471 77.332664 -173.411621 -18.819351 -46.367760 -12.706883 1.757010 13.288838 -47.432415 -15.678287 15.233501 4.425265 
-567.399902 46.196850 1539.229736 0.000000 -89.679176 0.000000 89.440018 -5.772758 90.841255 164.512238 -0.026678 146.161697 -0.377533 3.379226 -74.469223 -5.492476 -2.491688 79.955147 0.000008 0.003096 21.478559 -171.209152 2.073868 156.482422 3.372124 -3.471201 -63.159191 2.826773 -2.215977 88.782333 -0.000007 -0.003107 21.468187 -0.550810 0.075186 8.050349 -0.242931 -0.012094 6.992876 -0.227790 0.928803 8.232174 -6.851943 -1.824258 10.357630 -3.425499 2.402277 -2.240562 -1.212847 -76.367126 -179.121613 25.222380 52.023232 -7.596595 2.077824 -12.522552 -49.911350 24.304720 -6.795539 7.512112 7.824686 77.516922 -173.209747 -19.397829 -45.751209 -12.324565 1.727931 13.783624 -47.620533 -15.816424 15.303778 4.106136 
-569.460693 46.218395 1539.340942 180.000000 -89.551056 180.000000 89.470901 -5.895481 91.032539 164.728882 -0.185717 146.178680 -0.316473 3.441328 -74.835548 -5.492554 -2.432960 80.286469 0.000008 0.003095 21.478329 -171.183533 2.352316 157.501114 3.220033 -3.589518 -63.318836 2.880824 -2.284041 88.607933 -0.000007 -0.003107 21.468655 -0.545629 0.116764 7.983263 -0.164443 -0.002861 7.202461 -0.046489 1.064390 8.234541 -6.721251 -1.965237 10.660914 -3.254926 2.741868 -2.121097 -2.694544 -76.336952 -177.597534 25.254999 52.158878 -7.056290 2.143749 -12.405276 -49.692432 24.088734 -6.494242 7.687955 8.051542 77.679657 -173.008560 -19.772577 -45.544968 -12.151652 1.626472 14.275595 -47.713257 -16.017897 15.429492 3.752359 
-571.517395 46.242680 1539.367920 180.000000 -88.865288 180.000000 89.461357 -6.095931 91.101768 164.827194 -0.451817 146.012436 -0.337127 3.530343 -75.333321 -5.474730 -2.443787 80.678986 0.000008 0.003095 21.478308 -171.018005 2.632036 158.306534 3.102690 -3.694330 -63.538960 2.991419 -2.322126 88.345673 -0.000007 -0.003107 21.469017 -0.539139 0.141457 7.896812 -0.132096 0.012583 7.422702 0.095606 1.185694 8.271681 -6.584256 -2.145461 10.936502 -2.972872 3.030564 -2.288162 -3.896482 -76.327606 -176.385941 25.297628 52.316410 -6.486467 2.227062 -12.161384 -49.571850 23.812593 -6.154359 7.866497 8.036274 77.785316 -173.054993 -19.802086 -45.501030 -12.293677 1.464782 14.687998 -47.932770 -16.406536 15.551987 3.436281 
-573.588257 46.274158 1539.310303 180.000000 -88.186729 180.000000 89.423157 -6.136147 91.151169 164.803665 -0.802733 145.793976 -0.411582 3.627666 -76.460693 -5.400235 -2.407459 81.095238 0.000008 0.003095 21.478615 -170.760941 2.898219 158.828171 2.971444 -3.767671 -63.738510 3.241592 -2.302810 88.206963 -0.000007 -0.003107 21.469252 -0.518085 0.166987 7.803399 -0.089191 0.046507 7.600817 0.279652 1.276685 8.293056 -6.338293 -2.370416 11.175276 -2.564913 3.433041 -2.498409 -4.819906 -76.284782 -175.470642 25.148685 52.480835 -6.150936 2.190659 -11.865191 -49.063885 23.590746 -5.744513 8.092715 8.330555 77.900200 -172.785599 -19.481108 -45.241928 -12.835726 1.189960 15.002191 -48.427181 -16.660883 15.626751 3.046852 
-575.700928 46.308456 1539.182495 180.000000 -87.513039 180.000000 89.380417 -5.994840 91.141289 164.742004 -1.069222 145.634567 -0.483777 3.691697 -77.833435 -5.281599 -2.335823 81.463837 0.000008 0.003094 21.479116 -170.462585 3.161769 159.228455 2.764703 -3.834042 -63.912346 3.458020 -2.282937 88.204468 -0.000008 -0.003107 21.469530 -0.485162 0.179362 7.716083 0.012647 0.102289 7.733645 0.476388 1.342870 8.238700 -6.063278 -2.630461 11.388531 -2.083228 3.899646 -2.604746 -5.760735 -76.193947 -174.518188 24.984152 52.545284 -5.654122 2.096191 -11.566470 -48.308384 23.429224 -5.214738 8.333978 8.624666 77.998314 -172.518692 -18.920776 -44.713356 -13.570495 0.915261 15.308908 -49.063686 -16.706411 15.658757 2.626759 
-577.855469 46.345699 1538.998413 180.000000 -86.857506 180.000000 89.326904 -5.738276 91.108284 164.650055 -1.170536 145.446686 -0.466701 3.732877 -79.270332 -5.147933 -2.308211 81.824081 0.000008 0.003094 21.479383 -170.115173 3.354998 159.564667 2.598736 -3.903109 -64.236435 3.642664 -2.267312 88.201729 -0.000008 -0.003107 21.469633 -0.448789 0.182528 7.632949 0.187985 0.166049 7.892523 0.674365 1.390295 8.100889 -5.826544 -2.909829 11.602621 -1.629118 4.369698 -2.671046 -6.654072 -76.110390 -173.596756 24.782532 52.575047 -5.135685 1.954141 -11.281844 -47.386185 23.489782 -4.603366 8.616623 9.086840 78.020699 -172.085876 -18.698059 -44.204327 -13.900418 0.605667 15.545107 -49.813038 -16.734516 15.643541 2.226194 
-580.051636 46.382732 1538.773071 180.000000 -86.238174 180.000000 89.240593 -5.595738 91.093300 164.346664 -1.196972 145.091690 -0.514478 3.772173 -80.607925 -4.992284 -2.327882 82.104149 0.000007 0.003094 21.479727 -169.680679 3.520851 159.668900 2.477642 -3.962780 -64.673332 3.731158 -2.233997 88.102348 -0.000008 -0.003107 21.469479 -0.410887 0.164191 7.565375 0.390130 0.199362 8.018760 0.863533 1.415571 7.954438 -5.504025 -3.166507 11.928857 -1.070048 4.866337 -2.961515 -7.367624 -76.100281 -172.870392 24.603031 52.495193 -4.959177 1.817596 -10.923498 -46.527309 23.634762 -3.789044 8.774255 9.572436 77.961136 -171.647659 -18.633511 -43.720146 -13.943345 0.226202 15.730453 -50.596966 -16.877335 15.571992 1.826060 
-582.279724 46.415585 1538.507568 180.000000 -85.656334 180.000000 89.113579 -5.698732 91.022972 164.020172 -1.132092 144.624588 -0.767219 3.785138 -81.994919 -4.895017 -2.406933 82.323570 0.000007 0.003094 21.480289 -169.236786 3.724449 159.570908 2.316955 -3.968890 -65.006279 3.651229 -2.182300 87.808487 -0.000009 -0.003106 21.469236 -0.377380 0.142871 7.478043 0.589496 0.226544 8.078997 1.005417 1.436922 7.787842 -5.247589 -3.321723 12.160314 -0.600581 5.329502 -3.448482 -7.887630 -76.103142 -172.356583 24.301693 52.517036 -4.950417 1.693215 -10.507293 -45.680817 23.829622 -2.876750 8.833797 10.113831 77.801117 -171.159821 -18.248396 -43.269928 -14.315187 -0.219999 15.816829 -51.335396 -17.109798 15.320556 1.419611 
-584.524658 46.439991 1538.204346 180.000000 -85.082832 180.000000 89.010872 -5.632787 90.889290 163.935455 -0.918399 143.806564 -0.920757 3.695821 -82.837807 -4.761839 -2.518483 82.769356 0.000007 0.003094 21.480528 -168.754501 3.862376 159.883652 2.172392 -3.914245 -65.267120 3.572038 -2.096618 87.661919 -0.000009 -0.003106 21.469223 -0.344133 0.145800 7.386521 0.786392 0.267431 8.124332 1.184250 1.450240 7.549433 -5.271500 -3.323782 11.937384 -0.557344 5.690206 -3.847669 -7.763131 -76.130951 -172.489288 23.701195 52.737465 -5.387940 1.608863 -10.198090 -44.777828 24.206587 -1.867150 8.918092 10.407386 77.562187 -170.891464 -17.899233 -42.918419 -14.617172 -0.556699 15.979278 -51.598282 -17.255129 15.053286 1.088211 
-586.779175 46.448807 1537.865112 180.000000 -84.523987 180.000000 88.948715 -5.442360 90.637718 164.130249 -0.680833 142.882523 -2.275386 3.302484 -97.519600 -4.796375 -2.514228 83.610191 0.000007 0.003094 21.480368 -168.377945 3.848595 160.688690 2.001395 -3.803756 -65.565117 3.595111 -2.028242 87.739700 -0.000009 -0.003106 21.469133 -0.313385 0.150378 7.305873 0.976404 0.379278 8.246506 1.360474 1.416711 7.300792 -5.647514 -3.161394 11.098091 -0.896456 5.759099 -4.188426 -7.315951 -76.239830 -172.937119 22.842512 52.938148 -6.198274 1.514736 -10.046031 -43.847946 24.665541 -0.812426 9.031802 10.254755 77.258423 -171.057877 -17.736338 -42.707642 -14.651761 -0.617363 16.239206 -51.187569 -17.495525 14.759276 0.803679 
-589.049622 46.438442 1537.505493 180.000000 -84.000923 180.000000 88.829544 -5.385703 90.235336 164.545761 -0.645702 142.304993 -2.425786 3.103450 -97.663261 -5.304945 -2.445276 84.402039 0.000007 0.003094 21.479624 -168.008820 3.743349 161.580048 1.803552 -3.680524 -65.989449 3.659472 -2.154940 87.790611 -0.000009 -0.003106 21.469261 -0.265567 0.125153 7.288497 1.104922 0.459944 8.454794 1.469274 1.267687 7.108404 -6.346089 -3.035393 10.003104 -1.164528 5.353513 -4.531722 -6.540715 -76.325691 -173.738831 22.013634 52.952732 -7.316206 1.483435 -9.900303 -43.272526 25.383162 0.042921 9.361330 9.276732 77.023079 -172.028152 -18.148510 -42.787811 -14.040106 -0.478167 16.329014 -50.484001 -17.878759 14.286321 0.608997 
-591.352661 46.405243 1537.148438 180.000000 -83.506104 180.000000 88.657410 -5.492349 89.634308 165.222702 -0.859654 141.919754 -1.551655 3.278955 -82.000992 -6.027856 -2.313660 85.129936 0.000008 0.003094 21.478472 -167.654114 3.637389 162.400665 1.605831 -3.572670 -66.842300 3.889245 -2.405638 87.684303 -0.000009 -0.003107 21.469645 -0.198161 0.057004 7.339778 1.194806 0.470793 8.550826 1.490309 1.033911 6.974545 -7.094290 -2.868678 9.016811 -1.279040 4.550377 -4.847453 -6.019672 -76.333603 -174.293045 21.480787 52.857670 -8.410053 1.502313 -9.814188 -42.835907 25.968578 0.614697 9.807220 7.810810 76.958237 -173.426025 -18.655279 -42.916965 -13.232013 -0.309132 16.305801 -49.825478 -18.125784 13.835357 0.470782 
-593.664307 46.352669 1536.809326 180.000000 -83.067543 180.000000 88.631371 -5.929451 88.877335 165.799332 -0.735923 141.602539 -2.354085 3.407229 -80.065605 -6.759924 -2.130225 85.467918 0.000008 0.003094 21.477415 -167.765015 3.515868 162.780273 1.578960 -3.531579 -67.405540 4.248011 -2.357436 87.288956 -0.000009 -0.003107 21.469606 -0.118089 -0.074812 7.485737 1.238633 0.446976 8.347709 1.444164 0.745171 7.005908 -7.430604 -2.539763 8.218663 -1.078282 3.906675 -5.494714 -6.362025 -76.426125 -173.981049 22.474482 52.773987 -8.462961 1.594285 -9.768730 -42.332245 26.092684 0.766681 10.203778 6.984673 76.895760 -174.129227 -18.373367 -42.874352 -13.074471 -0.178847 16.150934 -49.544571 -18.232838 13.570256 0.361261 
-595.895264 46.280502 1536.485352 180.000000 -82.721222 180.000000 88.548004 -6.538345 88.020248 166.176361 -0.515446 142.015701 -3.128840 3.546998 -77.604004 -7.449825 -1.939813 85.425667 0.000010 0.003095 21.476412 -168.348480 3.275549 162.754089 1.612724 -3.538082 -67.656487 4.361833 -2.187848 86.656235 -0.000009 -0.003107 21.469130 -0.010398 -0.203423 7.679785 1.243232 0.362869 7.964787 1.308441 0.504042 7.317871 -7.121868 -2.271530 7.989397 -0.069853 3.575948 -6.136420 -6.644797 -76.508232 -173.761475 23.862169 52.881741 -8.057098 1.775263 -9.802849 -42.358917 25.659601 0.356520 10.277344 6.045702 76.853569 -174.970398 -17.548416 -43.373920 -13.579799 -0.227861 15.826096 -49.823769 -18.139648 13.392187 0.221899 
-598.034973 46.196899 1536.142578 180.000000 -82.426636 180.000000 88.470787 -7.243934 86.844635 166.238632 -0.496109 143.358368 -3.695472 3.694909 -75.565948 -8.408637 -1.923977 85.397270 0.000010 0.003096 21.475206 -169.243179 3.411510 161.974792 1.739171 -3.469235 -68.324539 4.808601 -1.874202 86.001045 -0.000009 -0.003106 21.467606 0.080119 -0.340488 7.824920 1.277792 0.298641 7.696281 1.087507 0.377425 7.667159 -6.735774 -2.319466 8.462935 1.817383 3.508316 -6.615388 -5.617755 -76.494438 -174.905945 25.091412 53.467392 -7.666926 1.873847 -9.894386 -42.749443 24.955887 -0.316303 10.095998 4.371655 76.897491 -176.604553 -16.886772 -44.351471 -14.257489 -0.484727 15.464665 -50.615799 -18.531698 13.554810 0.029028 
-600.050476 46.125706 1535.761841 180.000000 -82.064789 180.000000 88.368767 -7.313460 85.869980 165.961853 -0.588649 144.875229 -3.955563 3.622134 -75.021011 -9.098053 -2.106627 85.809425 0.000011 0.003096 21.474390 -169.701157 3.584851 161.049759 1.986410 -3.337739 -69.110344 5.076339 -1.578340 85.498772 -0.000009 -0.003106 21.466066 0.133118 -0.474837 7.836347 1.373093 0.338977 7.675472 0.968048 0.307808 7.795983 -6.596588 -2.070314 8.879206 3.292138 3.384844 -7.068771 -3.931170 -76.433418 -176.738220 25.528555 54.123611 -7.791227 1.815924 -10.006068 -43.137047 24.806671 -0.394786 10.150060 2.757733 76.919876 -178.224518 -16.047850 -44.825249 -14.923351 -0.517499 15.169830 -50.053532 -19.170292 13.588995 0.066023 
-602.032715 46.062626 1535.363037 180.000000 -81.614609 180.000000 88.355164 -7.063519 85.790092 166.308899 -0.718975 144.706406 -3.744129 3.376086 -74.854866 -9.118403 -2.427617 86.230446 0.000011 0.003096 21.474020 -169.640076 4.115995 161.017227 2.332144 -3.153045 -69.984474 5.120495 -1.578426 85.415291 -0.000009 -0.003106 21.464962 0.178054 -0.538729 7.707440 1.522424 0.508831 7.736860 1.049356 0.224955 7.902671 -7.078771 -1.378672 8.825091 3.502369 2.964890 -7.822250 -2.494678 -76.436600 -178.258865 24.734251 54.221577 -8.543631 1.711897 -10.005502 -42.942581 25.236834 0.247581 10.367949 1.745667 76.731857 -179.235016 -14.902392 -44.954372 -15.691824 -0.200874 15.121152 -48.518887 -19.935835 13.656437 0.038513 
-604.037415 45.979710 1534.959473 180.000000 -81.124214 180.000000 88.378555 -6.856313 86.178879 166.830673 -0.837824 143.874344 -3.433109 3.122431 -74.656403 -8.717978 -2.700161 86.678879 0.000010 0.003096 21.473742 -169.532593 4.633270 160.935455 2.655804 -2.984390 -70.300957 5.039697 -1.691958 85.586967 -0.000009 -0.003107 21.464098 0.193126 -0.560915 7.572731 1.641148 0.673838 7.732939 1.121826 0.161705 8.023458 -7.581039 -0.649548 8.868918 3.371336 2.717472 -8.515830 -0.890427 -76.371437 -179.917221 23.813927 53.948780 -9.649679 1.673248 -10.006170 -42.755814 25.728008 0.857001 10.546917 0.856215 76.537910 179.883713 -13.951275 -44.888775 -16.316441 0.117621 15.195509 -46.957775 -20.434141 13.718415 0.139863 
-606.076355 45.875286 1534.543579 180.000000 -80.642929 180.000000 88.370270 -6.700418 86.523224 167.312805 -0.776455 143.355316 -3.280037 2.940821 -74.573860 -8.262613 -2.827038 87.132339 0.000010 0.003096 21.473269 -169.633240 4.866309 160.543610 2.856407 -2.866558 -69.750488 5.048329 -1.798832 85.623924 -0.000009 -0.003107 21.463348 0.184215 -0.579233 7.485725 1.691802 0.787027 7.654648 1.054741 0.168260 8.158950 -7.738344 -0.356958 9.294614 3.382768 2.675594 -9.000305 0.448526 -76.304832 178.707214 23.249172 53.477276 -10.755131 1.676778 -10.117100 -42.804806 26.108625 1.320696 10.473475 0.145213 76.386223 179.196274 -13.119524 -44.712578 -16.896826 0.240966 15.212497 -45.811478 -20.383665 13.728276 0.335532 
-608.125793 45.754520 1534.112793 180.000000 -80.206535 180.000000 88.346428 -6.558522 86.837227 167.752487 -0.857465 142.863525 -3.172667 2.799629 -74.489670 -7.939493 -2.879740 87.612198 0.000010 0.003096 21.472656 -169.798340 5.041589 160.001892 2.917046 -2.791169 -68.908081 5.124274 -1.961963 85.643280 -0.000009 -0.003107 21.463182 0.193646 -0.596189 7.401084 1.708440 0.842045 7.598920 0.961667 0.177564 8.200845 -7.756264 -0.273056 9.859365 3.510934 2.737420 -9.413985 1.601201 -76.268440 177.515198 22.753145 52.742470 -11.792268 1.658132 -10.230642 -42.971485 26.440617 1.692605 10.353910 -0.421377 76.210930 178.686264 -12.490230 -44.632847 -17.427963 0.228873 15.238141 -45.276005 -20.168335 13.775149 0.529992 
-610.175293 45.618801 1533.686401 180.000000 -79.825165 180.000000 88.329002 -6.417058 86.955574 168.127930 -1.028584 142.293610 -2.899514 2.712975 -74.508080 -7.740405 -2.970747 88.024780 0.000010 0.003096 21.472090 -170.034058 5.395101 159.505920 2.930094 -2.762162 -68.203026 5.174602 -2.081860 85.645927 -0.000009 -0.003107 21.463272 0.210059 -0.594821 7.298007 1.732488 0.859640 7.666845 0.916531 0.182158 8.173615 -7.828183 -0.225501 10.328290 3.580668 2.826030 -9.844846 2.977703 -76.174759 176.098419 22.537149 51.888256 -12.406343 1.586074 -10.327785 -43.104317 26.693871 1.969450 10.235153 -0.821449 76.006996 178.354431 -12.139883 -44.693756 -17.913658 0.237209 15.197566 -44.783024 -19.968895 13.889778 0.548306 
-612.257019 45.470707 1533.264404 180.000000 -79.494339 180.000000 88.316696 -6.163385 87.016624 168.474167 -1.250664 141.731445 -2.546631 2.663095 -74.759552 -7.428227 -3.043134 88.455582 0.000009 0.003096 21.471437 -170.226547 5.677215 159.183304 2.984311 -2.725243 -67.569748 5.262851 -2.174793 85.573517 -0.000009 -0.003108 21.463381 0.223980 -0.591273 7.198977 1.747409 0.893536 7.791888 0.898758 0.192446 8.160106 -7.910644 -0.144083 10.729176 3.590479 2.881191 -10.348496 4.303197 -76.045753 174.736588 22.248940 51.028469 -12.922213 1.537617 -10.436165 -43.289639 26.841724 2.163646 10.105720 -1.363816 75.838562 177.873779 -11.895481 -44.856121 -18.323708 0.286894 15.128506 -44.136204 -19.831160 13.958895 0.534567 
-614.357971 45.313267 1532.852783 180.000000 -79.218208 180.000000 88.358932 -5.822984 87.152458 168.777344 -1.436060 141.086517 -2.108799 2.588372 -74.739784 -7.074909 -3.123844 88.974266 0.000009 0.003096 21.470800 -170.484238 5.925786 158.924973 3.145629 -2.666548 -67.128220 5.298077 -2.215336 85.580338 -0.000010 -0.003108 21.463217 0.238762 -0.601469 7.095682 1.753372 0.939093 7.935925 0.907510 0.200746 8.159954 -8.034359 0.063880 11.106048 3.553618 2.968934 -10.918863 5.589228 -75.902542 173.425156 22.095730 50.331947 -13.278515 1.516503 -10.556467 -43.366470 27.122799 2.279068 9.934072 -2.025859 75.679199 177.258636 -11.735381 -44.999722 -18.502071 0.367179 15.150733 -43.279835 -19.704205 14.136132 0.458580 
-616.462708 45.151749 1532.449829 180.000000 -78.984467 180.000000 88.457993 -5.587680 87.340523 169.097900 -1.465588 140.263824 -1.714075 2.498824 -74.488220 -6.867906 -3.132311 91.994186 0.000009 0.003096 21.470167 -170.787964 6.251206 158.841660 3.374749 -2.573924 -66.767578 5.278951 -2.273875 85.713661 -0.000010 -0.003109 21.463081 0.225207 -0.615244 6.996328 1.765735 0.995792 8.078918 0.920177 0.232528 8.137802 -8.159377 0.377262 11.489148 3.521403 3.069629 -11.460019 6.553031 -75.839592 172.445129 22.125002 49.901699 -13.298447 1.497413 -10.622437 -43.270031 27.585936 2.368798 9.786842 -2.460316 75.512123 176.854095 -11.673719 -45.035595 -18.500832 0.531081 15.235076 -42.283138 -19.672737 14.458378 0.363339 
-618.566650 44.986691 1532.049438 180.000000 -78.778114 180.000000 88.578011 -5.343611 87.659721 169.363235 -1.439783 139.338165 -1.412574 2.393691 -74.216705 -6.357487 -3.346709 92.457840 0.000009 0.003096 21.469738 -171.101532 6.521116 158.817017 3.579758 -2.446348 -66.497276 5.244852 -2.365173 86.041702 -0.000010 -0.003109 21.462603 0.192615 -0.637613 6.899728 1.820319 1.043082 8.197025 0.935137 0.294864 8.103769 -8.251436 0.760965 11.881998 3.414859 3.129299 -11.856901 7.455205 -75.844139 171.520737 22.259445 49.702202 -13.045255 1.532278 -10.675906 -43.161972 28.146385 2.476934 9.741878 -2.731367 75.314125 176.588318 -11.727944 -44.924904 -18.252628 0.658107 15.376295 -41.527020 -19.684683 14.786177 0.341968 
-620.656677 44.820541 1531.655518 180.000000 -78.594826 180.000000 88.635162 -5.049731 88.057304 169.605331 -1.482279 138.645264 -1.177627 2.287010 -74.131836 -5.926820 -3.546835 92.676529 0.000008 0.003097 21.469681 -171.369232 6.789733 158.671127 3.764987 -2.329380 -66.386559 5.102166 -2.475366 86.370224 -0.000010 -0.003109 21.461721 0.155709 -0.660405 6.823854 1.905146 1.068221 8.291699 0.966174 0.385705 8.098285 -8.317043 1.215340 12.297391 3.293686 3.277663 -12.108410 7.979352 -75.859352 170.973572 22.514982 49.788559 -12.506781 1.584075 -10.714216 -42.980114 28.670782 2.565588 9.817019 -2.628439 75.103485 176.684464 -12.037836 -44.826176 -17.638990 0.766117 15.521732 -41.104675 -19.657955 14.988935 0.474890 
-622.734863 44.654312 1531.258911 180.000000 -78.418922 180.000000 88.582001 -4.580304 88.481308 169.848190 -1.599017 138.393921 -1.120529 2.278628 -74.709602 -5.825152 -3.658361 92.624016 0.000008 0.003097 21.469915 -171.604828 7.032994 158.728943 3.862129 -2.254336 -66.283073 4.796160 -2.582891 86.672546 -0.000010 -0.003110 21.460930 0.131190 -0.678932 6.770694 1.987290 1.075896 8.388601 1.024472 0.463052 8.077579 -8.172664 1.637728 12.641144 3.274044 3.640948 -12.160329 7.963245 -75.867355 170.967636 23.038797 50.187565 -11.510091 1.648099 -10.670006 -42.869629 29.194553 2.541485 9.936448 -2.167395 75.015678 177.099289 -12.521385 -44.793953 -16.970057 0.813320 15.686477 -41.144070 -19.534782 15.201471 0.602966 
-624.824463 44.495926 1530.839111 180.000000 -78.231438 180.000000 88.505959 -4.047900 89.030739 169.930954 -1.691762 138.726196 -1.099685 2.317304 -75.537895 -6.076661 -3.693612 92.107124 0.000007 0.003097 21.470123 -171.870148 7.055414 158.901413 3.777524 -2.248502 -65.853638 4.362264 -2.673353 86.818130 -0.000009 -0.003110 21.460468 0.136673 -0.672605 6.697519 2.045335 1.019965 8.466274 1.128360 0.504933 8.024271 -7.757929 1.986570 12.917487 3.337727 4.053055 -12.248266 7.931069 -75.926781 170.951889 23.673443 50.971172 -10.259455 1.684144 -10.485608 -42.777752 29.606140 2.208513 10.160675 -1.336346 75.011002 177.855148 -13.389238 -45.086983 -16.023031 0.861034 15.813357 -41.418686 -19.390192 15.264637 0.694289 
-626.940613 44.359226 1530.395386 180.000000 -78.031708 180.000000 88.463058 -3.539060 89.598007 169.885834 -1.694654 139.597122 -1.076938 2.375265 -76.433022 -6.452314 -3.829242 88.994064 0.000007 0.003097 21.470116 -171.845581 7.012990 159.179031 3.515409 -2.349796 -65.113144 3.969029 -2.769873 86.852623 -0.000009 -0.003110 21.459785 0.146864 -0.653781 6.611388 2.079374 0.862053 8.510177 1.235626 0.561600 7.877606 -7.027431 2.336108 13.163670 3.331529 4.035555 -12.584785 8.402142 -75.946709 170.413773 24.014154 52.027725 -9.347625 1.743284 -10.202212 -42.675442 29.545242 1.381040 10.375966 -0.743060 75.017769 178.346619 -14.467360 -45.794044 -14.741814 1.018066 15.829036 -41.476849 -19.014320 15.251762 0.895655 
-629.074524 44.250946 1529.932861 180.000000 -77.833275 180.000000 88.355644 -3.192133 90.017303 169.593994 -1.813586 141.100739 -1.204627 2.633368 -77.778275 -7.215422 -3.642728 87.711792 0.000007 0.003097 21.470016 -171.781509 6.706820 159.243195 3.072701 -2.573627 -63.961945 3.953927 -2.900294 86.623940 -0.000009 -0.003110 21.459585 0.162729 -0.641436 6.611388 2.012305 0.647366 8.383563 1.303109 0.639391 7.796316 -5.826346 2.602182 13.609587 3.289719 3.867093 -13.144068 8.859997 -75.875496 169.908600 24.433239 52.923222 -8.487233 1.859514 -9.902134 -42.883469 29.124495 0.243615 10.421566 -0.238193 75.122307 178.741516 -15.098064 -46.489182 -13.729590 1.091810 15.843256 -41.862103 -18.424953 15.165633 1.031601 
-631.165161 44.177738 1529.438354 180.000000 -77.655518 180.000000 88.295876 -3.190440 90.331871 168.564453 -1.630712 143.412979 -1.526086 3.072721 -79.697105 -8.223298 -2.984747 86.315811 0.000008 0.003097 21.469988 -171.568573 6.066299 158.459167 2.333514 -2.929553 -61.849422 4.703967 -3.037486 86.087524 -0.000009 -0.003109 21.459797 0.219044 -0.650314 6.729254 1.950741 0.371968 7.985172 1.237770 0.656251 8.076547 -3.992786 2.392687 14.573676 3.748339 4.101530 -13.164502 9.001852 -75.853371 169.732971 24.731476 53.529518 -8.418377 2.137433 -9.875916 -44.256508 28.391916 -1.261031 10.282629 0.768672 75.275780 179.697617 -14.762966 -46.691162 -13.814236 0.759180 15.613699 -43.156078 -17.700201 15.289841 0.995084 
-633.179199 44.147663 1528.888794 180.000000 -77.465958 180.000000 88.239967 -3.590844 90.548882 167.125687 -1.150582 145.847214 -3.386708 3.031779 -97.354324 -9.167299 -2.355622 84.809090 0.000008 0.003097 21.470129 -171.340134 5.228671 157.709702 1.561651 -3.372107 -60.038124 5.475111 -3.062655 85.990578 -0.000010 -0.003108 21.460291 0.319160 -0.651769 6.984737 1.933044 0.006497 7.347209 1.217775 0.581427 8.346215 -2.235572 2.007993 15.241915 4.332952 4.625251 -12.631497 9.300566 -75.910385 169.383926 25.415920 54.065567 -8.057019 2.325516 -9.859430 -45.455227 27.254206 -2.595472 10.210537 2.474612 75.541153 -178.659958 -14.961255 -46.591667 -13.559447 0.190761 15.065289 -44.731045 -17.441021 15.202742 1.154463 
-635.128479 44.149311 1528.252319 180.000000 -77.282318 180.000000 88.081459 -3.641163 90.949127 166.612274 -1.157520 146.570724 -3.448384 3.284598 -99.573181 -9.761021 -2.259324 83.576782 0.000007 0.003097 21.470484 -171.139832 4.581696 158.683395 0.833141 -3.776896 -59.654610 5.655320 -3.064431 86.459770 -0.000010 -0.003108 21.460770 0.371103 -0.603420 7.064170 1.957286 -0.157212 7.042780 1.376893 0.620121 8.205462 -1.179002 2.134939 14.950624 4.274692 4.706054 -12.091260 9.238551 -76.102997 169.451508 26.153530 54.401375 -6.308844 2.308727 -9.626475 -45.036549 26.385485 -3.077242 10.684717 3.361051 75.790764 -177.874512 -15.764846 -46.262749 -12.920869 0.017009 15.021397 -46.185139 -17.550314 15.166410 1.384104 
-637.065674 44.170822 1527.568848 180.000000 -77.174026 180.000000 87.945724 -3.806792 91.367393 166.504745 -1.189593 146.524323 -3.237707 3.494507 -100.757690 -10.104377 -2.344738 82.491997 0.000006 0.003097 21.471283 -170.779053 4.496391 159.952179 0.353950 -4.006316 -59.758389 5.493990 -3.175280 87.132614 -0.000010 -0.003108 21.461060 0.395571 -0.524088 7.051631 2.021698 -0.248181 7.017118 1.570485 0.746886 8.043043 -0.448736 2.070829 14.693339 4.316862 4.932384 -11.300188 7.997420 -76.287476 170.747513 27.475294 54.782639 -3.716481 2.149640 -9.169065 -43.973854 26.017570 -3.291651 11.247621 3.924202 76.141724 -177.383575 -16.289051 -45.591053 -12.984100 -0.010193 15.340785 -47.842690 -17.647924 15.449887 1.579586 
-639.033142 44.211285 1526.867065 180.000000 -77.155365 180.000000 87.910278 -4.084621 91.821602 166.157471 -1.201879 146.856537 -3.150498 3.545243 -101.524666 -10.337688 -2.334138 81.621552 0.000006 0.003097 21.472099 -170.514114 4.541097 160.195328 0.127928 -4.187199 -59.770618 5.715415 -3.354622 87.559067 -0.000010 -0.003108 21.460852 0.446935 -0.481922 7.085536 2.043939 -0.288720 7.000392 1.641663 0.891722 8.080579 -0.082979 1.780007 15.003796 4.842664 5.278271 -10.556475 7.140706 -76.190125 171.626236 28.830866 55.297626 -1.834290 2.062144 -8.743878 -43.263824 25.368265 -3.331855 11.715668 5.183302 76.404854 -176.145065 -15.859635 -44.997242 -13.833045 -0.120200 15.351259 -49.080051 -17.348536 15.662433 1.683285 
-641.035461 44.273273 1526.140503 180.000000 -77.146950 180.000000 87.946655 -4.607656 92.210464 165.789352 -1.190299 147.439728 -3.375118 3.535649 -102.155296 -10.399336 -2.273803 80.996109 0.000005 0.003097 21.472738 -170.407593 4.666853 159.941666 0.082350 -4.366210 -59.634773 6.027899 -3.491377 87.791862 -0.000010 -0.003108 21.460638 0.509146 -0.452685 7.148295 2.008878 -0.270280 6.898217 1.636396 1.028056 8.207247 0.133119 1.405122 15.417172 5.407803 5.593644 -10.104841 6.327849 -76.144417 172.459702 29.806892 55.671913 -1.156760 2.047983 -8.448810 -42.779182 24.628357 -3.281541 11.926138 6.560963 76.579086 -174.764847 -14.746055 -44.557919 -15.119093 -0.366665 15.148829 -49.851315 -16.947899 15.823056 1.653003 
-643.052368 44.346695 1525.371826 180.000000 -77.111473 180.000000 88.069748 -5.192026 92.440475 165.628250 -1.305459 147.626831 -3.481819 3.539928 -102.625679 -10.191874 -2.192326 80.799492 0.000005 0.003097 21.473495 -170.259995 4.792106 160.072571 0.106807 -4.552060 -59.658047 6.135974 -3.571905 87.944237 -0.000010 -0.003108 21.461250 0.573729 -0.377498 7.178748 1.917666 -0.144572 6.777491 1.647575 1.123584 8.284469 0.332120 1.161038 15.522147 5.555218 5.805766 -10.017011 4.973976 -76.239166 173.896881 30.061543 55.889801 -1.159131 2.050711 -8.226415 -42.217010 24.130417 -3.018677 11.902256 7.116590 76.746613 -174.202942 -13.209105 -44.073833 -16.592497 -0.615119 15.067372 -50.311550 -16.922928 16.121479 1.401670 
-645.040039 44.417416 1524.560303 180.000000 -77.050240 180.000000 88.174927 -5.318504 92.473724 165.923660 -1.654030 146.656296 -3.490096 3.591277 -102.337845 -9.856430 -2.243214 81.273567 0.000005 0.003097 21.474138 -170.187210 5.134044 161.055298 0.184432 -4.630591 -60.114445 5.923439 -3.580951 88.418633 -0.000010 -0.003108 21.462259 0.610017 -0.256246 7.146381 1.870682 0.055222 6.873278 1.777807 1.208668 8.175256 0.341411 1.034102 15.183723 5.282619 5.926586 -9.998807 3.148244 -76.342361 175.852753 29.683472 56.031406 -1.178424 1.993576 -7.995516 -41.383614 24.067896 -2.924206 11.868632 6.957860 76.920151 -174.344849 -12.114489 -43.363705 -18.064346 -0.817410 15.277451 -50.724785 -17.155357 16.228603 1.138091 
-646.978882 44.476311 1523.741577 180.000000 -76.969490 180.000000 88.209213 -4.768633 92.443909 166.422974 -2.356512 144.706238 -3.195050 3.664429 -100.954552 -9.506787 -2.405105 82.087875 0.000004 0.003096 21.474525 -170.076324 5.769131 162.708771 0.205703 -4.508625 -60.769783 5.410677 -3.533819 89.014107 -0.000010 -0.003108 21.463749 0.620274 -0.130676 7.069240 1.805566 0.262531 7.195365 2.002488 1.270811 7.931600 0.214670 0.979086 14.538016 4.719826 5.964602 -10.013876 1.438462 -76.440361 177.697891 29.377783 56.092514 -0.636852 1.879052 -7.735184 -40.237614 24.449186 -2.917716 11.972662 6.799392 77.029099 -174.467880 -11.664952 -42.782238 -19.249195 -0.929829 15.866776 -51.376461 -17.439144 16.085051 0.940547 
-648.860657 44.523041 1522.947754 180.000000 -76.872238 180.000000 88.192383 -4.088723 92.381760 166.847977 -3.128122 142.800888 -2.766318 3.735400 -99.759010 -9.302305 -2.502204 82.883316 0.000004 0.003096 21.474577 -170.120468 6.385975 163.901596 0.163017 -4.339711 -61.456200 5.026954 -3.465756 89.465401 -0.000010 -0.003108 21.465208 0.625784 -0.037789 6.996538 1.682522 0.448504 7.576177 2.195361 1.311730 7.672428 0.005958 0.827768 13.979432 4.155013 6.015559 -9.872805 0.393978 -76.350212 178.836929 29.268171 56.108280 0.126220 1.747691 -7.533638 -39.220200 24.668474 -2.754162 11.941165 6.621580 77.129768 -174.610977 -12.032356 -42.272717 -19.600185 -1.072059 16.532042 -51.981045 -17.419115 15.828662 0.760074 
-650.685547 44.554131 1522.169922 180.000000 -76.779762 180.000000 88.189789 -3.423375 92.248711 167.215134 -3.675554 141.167511 -2.255528 3.765693 -98.879326 -9.060999 -2.688296 83.389687 0.000004 0.003096 21.474596 -170.267197 6.850595 164.548828 0.143185 -4.212082 -62.194477 4.898279 -3.453300 90.121063 -0.000010 -0.003108 21.466297 0.628949 0.036352 6.944023 1.572570 0.573503 7.858304 2.350020 1.319242 7.529779 -0.362704 0.677204 13.563690 3.758754 6.182963 -9.625966 -0.496878 -76.254997 179.804306 28.915846 55.779503 0.423356 1.632490 -7.301135 -38.511387 24.661633 -2.542111 11.851533 6.960994 77.265160 -174.236359 -12.815890 -41.712555 -19.333607 -1.169660 16.998669 -52.401489 -17.285255 15.734322 0.540662 
-652.500122 44.567913 1521.398071 180.000000 -76.702339 180.000000 88.205841 -2.883575 92.114296 167.556366 -4.007858 139.763977 -1.783818 3.701934 -98.181061 -8.620458 -2.901759 83.704575 0.000004 0.003095 21.474745 -170.278107 7.174477 165.363174 0.205426 -4.123768 -63.074287 4.809546 -3.549969 90.385139 -0.000010 -0.003108 21.467312 0.620509 0.126068 6.878992 1.533750 0.675528 8.102688 2.495791 1.316682 7.414593 -0.919046 0.487284 13.097138 3.191120 6.317756 -9.350842 -1.305729 -76.225494 -179.305435 28.457207 55.520168 0.702988 1.547034 -7.036925 -37.972134 24.618843 -2.124398 11.840568 7.842832 77.381371 -173.323502 -13.676456 -41.154297 -18.609079 -1.255841 17.347788 -52.660236 -17.392981 15.637207 0.301957 
-654.331848 44.559662 1520.620850 180.000000 -76.640221 180.000000 88.205009 -2.474908 91.887421 167.874176 -4.041521 138.626022 -1.433507 3.593060 -98.024620 -8.113679 -3.127885 83.873451 0.000003 0.003095 21.475107 -170.007751 7.368909 166.348679 0.241358 -4.025580 -63.971813 4.627898 -3.636956 90.556969 -0.000010 -0.003108 21.467760 0.587709 0.189967 6.790558 1.609386 0.731250 8.327135 2.628824 1.316642 7.301332 -1.480649 0.183047 12.666794 2.662830 6.409845 -9.183465 -1.935320 -76.222153 -178.622711 27.951674 55.294609 0.967885 1.446238 -6.830231 -37.428333 24.551069 -1.524634 11.975088 8.924726 77.376083 -172.228088 -14.523188 -40.666241 -17.704588 -1.281013 17.619368 -52.775600 -17.714205 15.464427 0.137092 
-656.207581 44.530640 1519.820679 180.000000 -76.592545 180.000000 88.209473 -2.217004 91.569077 167.735367 -4.003978 138.021576 -1.284381 3.481407 -98.738762 -7.641806 -3.438593 84.102707 0.000003 0.003095 21.475214 -169.575562 7.463344 167.004456 0.306861 -3.907366 -64.975487 4.416470 -3.668054 90.677261 -0.000010 -0.003108 21.467472 0.541485 0.210264 6.673689 1.727347 0.761791 8.553177 2.735841 1.275831 7.194792 -2.048609 -0.123894 12.342268 2.229464 6.460042 -9.239985 -2.324670 -76.210457 -178.229568 27.536398 55.237118 1.059647 1.374663 -6.737431 -37.199841 24.508284 -0.664758 12.258023 10.364614 77.218071 -170.788467 -15.434607 -40.362457 -16.632414 -1.223173 17.791815 -52.562458 -18.328482 15.034791 -0.012777 
-658.152344 44.483932 1519.001343 180.000000 -76.540543 180.000000 88.193108 -2.008367 91.214554 167.365417 -3.822705 137.658813 -1.370675 3.338762 -99.834877 -7.152251 -3.694451 84.423698 0.000003 0.003096 21.475010 -169.257645 7.534568 166.979568 0.428883 -3.703156 -66.131264 4.338262 -3.558951 90.569588 -0.000009 -0.003109 21.466770 0.497708 0.209271 6.553693 1.886255 0.822663 8.729684 2.791803 1.236948 7.127419 -2.631973 -0.349305 12.050696 1.948104 6.499857 -9.234384 -2.026849 -76.164398 -178.552521 26.779861 55.376003 0.509227 1.313842 -6.738398 -37.151382 24.598425 0.454721 12.498996 11.236333 76.945816 -169.946167 -16.074446 -40.203625 -15.851699 -1.146211 17.978924 -52.039894 -18.965773 14.511802 -0.255225 
-660.169495 44.418213 1518.161987 180.000000 -76.472229 180.000000 88.150978 -1.952270 90.834869 167.031708 -3.394694 137.479492 -1.747908 3.189538 -101.025352 -6.812101 -3.853998 84.721924 0.000003 0.003096 21.474859 -169.006989 7.544358 166.582001 0.552122 -3.466891 -67.011169 4.434173 -3.388474 90.259338 -0.000010 -0.003109 21.465763 0.441717 0.180817 6.461100 2.070530 0.893838 8.835923 2.776131 1.230127 7.084188 -3.089291 -0.518084 11.752390 1.837506 6.569407 -9.158499 -1.385220 -76.109093 -179.226456 26.165514 55.656639 -0.203445 1.259772 -6.736511 -37.168205 24.669447 1.598945 12.615388 11.674717 76.630417 -169.547775 -16.129543 -40.143959 -15.628901 -1.108862 18.186693 -51.360493 -19.401217 13.971087 -0.470514 
-662.240906 44.339832 1517.312012 180.000000 -76.377083 180.000000 88.222778 -1.942065 90.534767 166.768570 -2.960490 137.647934 -2.192587 3.088357 -101.383545 -6.670998 -3.885587 84.847092 0.000003 0.003096 21.474783 -168.741638 7.477547 166.294113 0.632128 -3.287894 -67.424492 4.498720 -3.209692 90.090462 -0.000009 -0.003108 21.464832 0.381242 0.150258 6.393085 2.192506 0.908294 8.922456 2.748475 1.167964 6.947203 -3.578489 -0.600391 11.406707 1.976625 6.535480 -9.108061 -1.197007 -76.115410 -179.436646 25.910898 55.928345 -0.770121 1.245023 -6.658024 -37.321049 24.792440 2.448091 12.695898 12.069535 76.369476 -169.180847 -16.312757 -40.194069 -15.179635 -1.169715 18.202286 -51.134087 -19.733730 13.695958 -0.648328 
-664.332153 44.257946 1516.460327 180.000000 -76.230087 180.000000 88.324226 -2.256591 90.401314 166.733887 -2.603269 138.212051 -2.656080 3.030731 -100.824425 -6.906026 -3.593023 84.802872 0.000004 0.003096 21.475176 -168.469086 7.256448 166.144043 0.567282 -3.125865 -67.618629 4.656273 -3.065762 89.730553 -0.000009 -0.003108 21.464268 0.344314 0.129983 6.410409 2.194436 0.899247 8.930180 2.706418 1.083215 6.823372 -3.715269 -0.615032 10.860622 2.270334 6.265886 -8.956870 -1.783882 -76.118713 -178.854370 25.770071 56.124641 -1.444190 1.275263 -6.572792 -37.558239 24.981401 2.848009 12.791868 12.687198 76.246841 -168.568085 -16.591927 -40.219608 -14.697885 -1.193140 18.128468 -51.304028 -19.791790 13.593874 -0.670950 
-666.388855 44.178577 1515.607178 180.000000 -76.030640 180.000000 88.315414 -3.013015 90.086334 166.744095 -2.194239 139.154251 -3.318875 3.045290 -99.472038 -7.507070 -2.878175 84.540878 0.000005 0.003096 21.476004 -168.583694 6.772035 165.549759 0.417324 -3.040471 -67.132362 5.046824 -3.028166 89.402382 -0.000009 -0.003108 21.464039 0.335694 0.093870 6.587703 2.133486 0.815150 8.733413 2.623962 1.018617 6.851711 -3.275544 -0.605088 10.489453 2.880869 5.726201 -8.721041 -2.762076 -76.176544 -177.869339 25.872713 55.927181 -2.337046 1.351667 -6.717764 -38.107048 25.219973 2.575059 12.720991 13.056553 76.285866 -168.164490 -16.071379 -40.308060 -15.158815 -1.312855 18.040836 -52.066586 -19.242750 13.527322 -0.216101 
-668.364075 44.116867 1514.756836 180.000000 -75.808075 180.000000 88.379044 -4.025255 89.127884 166.565018 -1.636562 140.389496 -2.618303 3.554711 -83.102928 -8.602889 -2.035886 84.594902 0.000006 0.003096 21.476406 -168.950195 6.260870 164.515732 0.294806 -3.056752 -66.197990 5.412463 -2.926455 88.872002 -0.000009 -0.003108 21.463722 0.343447 -0.031179 6.840294 2.023950 0.659621 8.433577 2.424714 0.908865 7.089639 -2.884610 -0.656937 10.186109 3.664119 5.008086 -8.597579 -4.577721 -76.206490 -176.058197 26.725012 55.843655 -3.087130 1.469036 -7.014712 -38.849800 25.076361 2.090360 12.518476 13.272088 76.408051 -167.829712 -15.476310 -40.557957 -15.698453 -1.473039 17.906221 -53.097733 -18.876804 13.736816 0.088883 
-670.252014 44.061459 1513.920410 180.000000 -75.555290 180.000000 88.475517 -4.718190 87.852554 166.270538 -1.143023 141.233429 -2.961354 3.611267 -80.150780 -9.491746 -1.511118 85.037445 0.000007 0.003096 21.476265 -169.393524 6.227742 163.496826 0.420823 -3.033670 -66.082855 5.600224 -2.747669 88.223236 -0.000009 -0.003107 21.463156 0.362107 -0.183755 7.074822 1.898232 0.564508 8.159268 2.245491 0.703725 7.437629 -2.857166 -1.028185 9.773195 4.085887 4.616833 -8.538129 -5.463253 -76.166862 -175.141113 27.888702 56.176723 -3.465210 1.573161 -7.213997 -39.423367 24.853767 2.118984 12.324531 12.996382 76.388214 -167.964035 -14.969120 -41.415558 -16.356737 -1.710471 17.919085 -53.815762 -18.900961 14.072166 -0.126345 
-672.071289 43.988422 1513.106812 180.000000 -75.243111 180.000000 88.448952 -4.436004 86.786774 166.336029 -0.966722 140.869278 -3.104604 3.427399 -77.649750 -9.895738 -1.419976 86.175819 0.000008 0.003097 21.474979 -169.636337 6.526763 163.160660 0.838500 -2.807389 -67.398651 5.626969 -2.782539 87.928398 -0.000009 -0.003107 21.462105 0.364228 -0.328724 7.135098 1.863912 0.692964 8.090648 2.177726 0.515030 7.595468 -3.709057 -1.135726 9.093201 3.901873 4.066576 -8.791783 -5.540986 -75.991486 -175.026413 28.106337 56.342350 -4.331855 1.629236 -7.453664 -39.443363 25.101547 2.896317 12.307959 11.808059 76.302536 -169.068192 -14.455425 -42.080463 -17.181740 -1.598198 18.333969 -53.445911 -19.227140 14.206632 -0.471531 
-673.883423 43.877827 1512.341553 180.000000 -74.910027 180.000000 88.457321 -4.187570 86.137878 166.888687 -0.779743 140.207047 -2.886957 3.026437 -75.919502 -9.509169 -1.857238 87.462265 0.000008 0.003096 21.472748 -169.361588 6.878219 163.559052 1.394710 -2.505559 -69.028053 5.577697 -2.773624 88.104965 -0.000009 -0.003108 21.461279 0.374599 -0.395527 7.102781 2.013353 0.948368 8.306678 2.141842 0.226226 7.641632 -5.189928 -0.832070 8.112661 3.591089 3.461866 -9.442485 -5.069840 -75.867172 -175.483383 26.424330 55.762863 -6.577678 1.657971 -7.591414 -39.035610 25.558683 3.749071 12.418845 10.175186 76.103790 -170.672195 -14.461117 -42.144814 -17.302887 -1.187892 18.905628 -52.140820 -19.832260 13.783274 -0.928415 
-675.817810 43.732498 1511.625732 180.000000 -74.615089 180.000000 88.420021 -4.216296 85.829987 167.608231 -0.373306 139.699158 -2.802194 2.712811 -74.414993 -9.202423 -2.135343 88.582069 0.000009 0.003096 21.470934 -169.305740 6.809332 163.220367 1.859617 -2.295616 -69.480087 5.971041 -2.746998 87.951042 -0.000010 -0.003108 21.461226 0.334868 -0.425630 7.099057 2.098716 1.150492 8.526641 1.925331 0.024357 7.656904 -6.102186 -0.777264 7.667215 3.485792 3.137129 -10.010901 -4.292235 -75.766190 -176.235306 24.967064 55.211185 -8.371367 1.668569 -7.896353 -39.214333 26.211157 4.090400 12.310872 8.363667 75.795517 -172.427948 -14.463785 -42.218781 -17.175371 -0.769937 19.207581 -50.647270 -19.991449 13.491146 -1.205163 
-677.818909 43.575157 1510.965576 180.000000 -74.407486 180.000000 88.294647 -4.519298 85.726089 167.672821 0.306609 139.969925 -2.844202 2.653981 -72.951485 -9.042561 -2.002445 91.377197 0.000009 0.003096 21.469532 -169.645248 6.411052 161.761353 2.455773 -2.186822 -69.048691 6.410208 -2.656162 87.158669 -0.000010 -0.003108 21.461021 0.272813 -0.465872 7.090864 2.005977 1.133220 8.439856 1.635170 -0.122816 7.822115 -6.220758 -0.890800 8.031096 3.694634 3.149966 -10.587439 -2.378214 -75.812935 -178.199432 23.791567 54.938816 -10.341396 1.714070 -8.318110 -40.248516 26.363789 3.752422 11.877131 5.937981 75.460770 -174.791260 -13.849790 -42.946957 -17.517437 -0.278157 18.932013 -48.732937 -19.636501 13.315727 -1.218893 
-679.781982 43.431870 1510.330811 180.000000 -74.260765 180.000000 88.226875 -4.905866 85.721420 167.506927 0.538319 140.662384 -2.799793 2.586644 -72.226089 -9.023554 -2.025243 92.157089 0.000010 0.003097 21.468159 -169.755386 6.321273 160.022079 3.022831 -2.180110 -68.591606 6.511545 -2.538710 86.423416 -0.000011 -0.003108 21.460899 0.267644 -0.498798 7.056559 1.962860 1.094057 8.205829 1.345276 -0.231004 7.951134 -6.178368 -0.770194 8.452578 3.812852 2.975568 -11.291383 0.052898 -75.841301 179.261017 22.356554 54.501606 -12.569354 1.685211 -8.717381 -40.962761 26.008385 3.387423 11.390742 3.302340 75.235237 -177.384415 -13.086203 -43.673565 -17.961338 0.110457 18.294371 -47.008373 -19.457710 13.263824 -1.161573 
-681.724731 43.293808 1509.687134 180.000000 -74.105080 180.000000 88.206810 -5.410318 85.899117 167.637070 0.382320 140.847763 -2.572213 2.474014 -72.317642 -8.821983 -2.181201 92.741791 0.000010 0.003097 21.467518 -169.641678 6.596354 158.800812 3.311599 -2.207708 -68.467964 6.391735 -2.426071 85.984970 -0.000011 -0.003108 21.461718 0.309766 -0.489471 7.048227 1.969396 1.111943 8.061648 1.142503 -0.291530 8.031230 -6.359689 -0.584441 8.631201 3.800509 2.736027 -11.619112 1.993347 -75.865295 177.214050 20.816654 53.481640 -14.300255 1.576524 -9.219652 -41.016052 25.877760 3.484421 11.006652 1.374872 75.088654 -179.270218 -13.001708 -43.609989 -17.974934 0.410432 17.810799 -45.601421 -19.586554 13.292763 -1.043644 
-683.688416 43.141823 1509.034790 180.000000 -73.922615 180.000000 88.266724 -5.914155 86.191048 168.127914 0.148470 140.299957 -2.235521 2.331252 -73.035072 -8.427575 -2.463122 92.932068 0.000009 0.003096 21.467154 -169.397308 6.994129 158.564575 3.377458 -2.218656 -69.089180 6.178478 -2.446355 85.977173 -0.000012 -0.003108 21.463118 0.321856 -0.445129 7.015356 2.009977 1.142961 8.150907 1.034118 -0.317010 8.014853 -6.839451 -0.366488 8.503633 3.598836 2.476600 -11.972779 3.353968 -75.819572 175.791092 19.825981 52.158302 -14.965279 1.425627 -9.656945 -40.594696 25.990047 3.691788 10.749659 -0.055882 74.940033 179.340302 -14.081254 -43.355259 -17.189749 0.666706 17.600349 -44.592350 -19.832033 13.377501 -1.130748 
-685.714172 42.973091 1508.380859 180.000000 -73.757652 180.000000 88.387909 -6.202241 86.506721 168.707626 -0.044379 139.679764 -1.844891 2.287313 -74.006454 -8.062263 -2.720442 92.876236 0.000009 0.003096 21.467024 -169.193008 7.299314 158.642105 3.385702 -2.265005 -69.778999 5.973120 -2.462299 86.069016 -0.000012 -0.003108 21.464474 0.300594 -0.398977 6.953213 2.067032 1.114278 8.316706 0.928525 -0.315923 7.944338 -7.332691 -0.303899 8.350895 3.090750 2.275481 -12.321949 4.450088 -75.756485 174.666306 19.301609 50.864349 -14.966537 1.247790 -9.904955 -40.046623 25.961487 3.602281 10.771253 -1.042723 74.782722 178.400665 -15.257541 -43.313915 -16.256292 0.928315 17.449532 -43.809170 -19.901608 13.275353 -1.208802 
-687.803101 42.788361 1507.709351 180.000000 -73.629356 180.000000 88.476151 -6.389247 86.869820 169.050797 -0.137190 139.309143 -1.342945 2.228867 -74.675133 -7.749974 -2.930960 92.818146 0.000009 0.003096 21.466743 -169.248291 7.480678 158.253784 3.422640 -2.287979 -69.711540 5.986982 -2.475495 85.873413 -0.000012 -0.003109 21.464966 0.283029 -0.395266 6.898654 2.095304 1.060049 8.356990 0.793414 -0.325636 7.964335 -7.526013 -0.287431 8.533947 2.704677 2.328610 -12.568256 5.717729 -75.688011 173.356689 18.683268 49.789455 -15.413276 1.057762 -10.178560 -39.777058 25.772081 3.306925 10.666341 -2.272821 74.649406 177.227875 -16.254509 -43.360275 -15.360876 1.129210 17.116182 -43.121719 -19.933357 13.268506 -1.252704 
-689.929138 42.590759 1507.014160 180.000000 -73.522820 180.000000 88.650497 -6.421374 87.331497 169.262054 -0.145055 138.827759 -0.816310 2.074081 -74.943398 -7.391102 -3.125861 92.976532 0.000009 0.003096 21.466274 -169.244888 7.568461 157.620026 3.620514 -2.226598 -69.635460 6.131776 -2.488595 85.606270 -0.000013 -0.003109 21.464491 0.265244 -0.414843 6.836909 2.149470 1.057116 8.383561 0.673324 -0.305226 8.049275 -7.848444 -0.135445 8.742622 2.622132 2.639106 -12.711788 6.985832 -75.587311 172.031647 18.105110 49.161213 -16.182981 0.932436 -10.507358 -39.641937 25.774672 3.054184 10.520433 -3.537453 74.415604 175.989838 -17.010975 -43.436752 -14.700753 1.371866 16.807180 -42.202072 -19.928398 13.385736 -1.209641 
-692.073853 42.377193 1506.303467 180.000000 -73.420128 180.000000 88.936882 -6.271104 87.836655 169.533768 -0.082562 138.281342 -0.362966 1.819459 -74.959686 -6.882628 -3.387978 93.117012 0.000009 0.003096 21.465878 -169.225403 7.641115 157.451065 3.910111 -2.052515 -69.760811 6.188003 -2.483894 85.452393 -0.000013 -0.003109 21.463459 0.238593 -0.451045 6.747223 2.235821 1.115338 8.460882 0.619093 -0.246827 8.090792 -8.320482 0.179757 8.834286 2.682847 2.940670 -12.855165 7.916412 -75.437645 171.042633 17.640215 48.881126 -16.793589 0.821521 -10.780362 -39.234280 26.156145 2.978774 10.512332 -4.585938 74.149826 174.915909 -17.840540 -43.582867 -13.889643 1.682792 16.755613 -41.212097 -19.927526 13.553015 -1.123244 
-694.240112 42.150780 1505.586182 180.000000 -73.312675 180.000000 89.211823 -5.963047 88.480202 169.697327 0.049245 138.195602 -0.148853 1.594588 -75.106163 -6.458155 -3.592250 93.086784 0.000008 0.003097 21.465725 -169.242844 7.519144 157.584854 4.255496 -1.811430 -69.515182 6.186782 -2.443544 85.468513 -0.000013 -0.003109 21.462040 0.196190 -0.490464 6.645158 2.304391 1.153738 8.451416 0.588258 -0.169829 8.165503 -8.628116 0.507499 8.900193 2.927918 3.349369 -12.917470 8.400247 -75.365112 170.525009 17.411009 48.887428 -16.982992 0.722317 -10.956344 -38.821411 26.779768 2.963045 10.591388 -5.164824 73.972969 174.284683 -18.615938 -43.761021 -13.085617 1.906473 16.744295 -40.434654 -19.841291 13.605721 -0.987451 
-696.402344 41.921345 1504.855713 180.000000 -73.191246 180.000000 89.379684 -5.468804 89.280899 169.630142 0.003406 138.909180 -0.150210 1.463572 -75.478630 -6.341504 -3.766783 92.856369 0.000008 0.003097 21.465958 -169.319534 7.353657 157.833786 4.571781 -1.596182 -68.552391 6.035256 -2.395160 85.481705 -0.000013 -0.003109 21.460409 0.162263 -0.511679 6.550803 2.349021 1.155934 8.305379 0.577797 -0.052930 8.263414 -8.594071 0.678547 9.165193 3.009669 3.821703 -12.953281 8.403736 -75.331383 170.485138 17.555492 49.307140 -16.492891 0.669063 -11.007839 -38.640900 27.163286 2.890440 10.775172 -5.142918 73.950417 174.257111 -19.097704 -43.960621 -12.506341 1.931793 16.629519 -40.209759 -19.839506 13.669475 -0.846539 
-698.559509 41.704185 1504.071289 180.000000 -73.033409 180.000000 89.492340 -4.743194 90.029480 169.516357 -0.221697 139.678116 -0.149407 1.404768 -76.249397 -6.500692 -3.900111 92.344360 0.000007 0.003097 21.466520 -169.323318 7.303314 158.216003 4.543593 -1.462793 -67.910065 5.765183 -2.400467 85.557922 -0.000013 -0.003110 21.459173 0.149864 -0.500079 6.493544 2.346428 1.139694 8.181488 0.630215 0.056107 8.266496 -8.386601 0.811196 9.457999 2.696557 4.270317 -12.864568 8.231678 -75.335907 170.607666 17.922840 49.980297 -15.455971 0.597935 -10.959836 -38.545666 27.307474 2.896097 11.166138 -4.513007 74.099854 174.794556 -19.753332 -43.776787 -11.930096 1.828893 16.649858 -40.540977 -20.041502 13.705383 -0.720768 
-700.722717 41.504555 1503.227905 180.000000 -72.823273 180.000000 89.570312 -3.944818 90.822342 169.519348 -0.387745 140.506607 -0.089677 1.428758 -76.867867 -6.700039 -4.046380 91.688797 0.000007 0.003097 21.467489 -169.223526 7.164978 158.944290 4.271047 -1.422280 -67.314224 5.432133 -2.505194 85.871117 -0.000013 -0.003110 21.458563 0.122367 -0.461501 6.462311 2.350755 1.071182 8.113020 0.774323 0.125464 8.178966 -7.885233 0.990602 9.630245 2.332796 4.333263 -12.730314 8.375366 -75.430717 170.424408 18.318140 50.991505 -14.430816 0.630691 -10.746475 -38.766754 27.474077 2.508269 11.516227 -3.653427 74.234833 175.515518 -20.828224 -43.581223 -10.956494 1.821195 16.777332 -41.048409 -20.268250 13.740835 -0.576449 
-702.895691 41.332790 1502.335693 180.000000 -72.592316 180.000000 89.637581 -3.532703 91.710297 169.547302 -0.408113 142.160767 -0.060457 1.616995 -77.111961 -6.766800 -3.965084 88.904129 0.000007 0.003097 21.469048 -169.268845 6.813742 159.332199 3.882735 -1.479133 -66.215744 5.399743 -2.587405 86.026955 -0.000012 -0.003109 21.458282 0.082535 -0.426831 6.429300 2.288406 0.848712 7.954610 0.973995 0.128134 8.161559 -6.875981 1.201504 9.915892 2.234218 3.640774 -12.831017 8.679873 -75.525757 170.065521 19.064564 52.040932 -13.537619 0.848045 -10.441510 -39.557880 27.525005 1.316943 11.551540 -2.774896 74.459518 176.289215 -21.513063 -43.842403 -10.242884 1.859063 16.791714 -41.733219 -19.999077 13.497238 -0.153084 
-705.031738 41.192917 1501.395020 180.000000 -72.371056 180.000000 89.519135 -3.560071 92.533333 169.359055 -0.385735 144.529236 -0.244139 2.006342 -77.703880 -7.283820 -3.368996 87.345581 0.000007 0.003097 21.471022 -169.478836 6.219285 159.174118 3.415322 -1.733913 -64.410316 5.760355 -2.607931 85.733574 -0.000012 -0.003109 21.458031 0.047796 -0.399799 6.475272 2.165115 0.481706 7.669817 1.158764 0.055384 8.370201 -5.063479 1.059427 10.725489 2.079467 2.928357 -13.236392 9.260108 -75.542938 169.407516 20.358971 52.884888 -12.101807 1.218302 -10.195838 -41.116436 27.063118 -0.562512 11.297073 -1.961699 74.851311 177.020523 -21.799631 -44.385555 -9.602326 1.712559 16.630785 -43.177048 -19.190693 13.109837 0.377370 
-707.100281 41.076347 1500.376099 180.000000 -72.140106 180.000000 89.224823 -3.497673 93.364342 168.881424 -0.096672 147.182220 -0.866486 2.487124 -79.851959 -7.931499 -2.593487 85.612122 0.000007 0.003098 21.471628 -169.796936 5.160745 157.616104 3.070152 -2.115348 -62.333607 6.575577 -2.606344 85.660820 -0.000012 -0.003108 21.457569 0.091685 -0.436251 6.598176 2.005941 0.070047 7.237986 1.169402 0.064622 8.577782 -3.452393 0.986107 11.793358 2.419394 2.515547 -13.291590 10.179520 -75.257607 168.438950 20.677469 53.281727 -11.272914 1.434771 -10.041255 -42.671585 25.409044 -2.362138 11.156395 -1.801079 75.225891 177.114853 -21.319040 -44.713371 -9.578670 1.363165 16.125242 -45.184521 -18.180002 12.700261 0.752784 
-709.103699 40.965382 1499.281006 180.000000 -71.936844 180.000000 89.008858 -3.448961 93.984863 168.458847 0.220238 148.852814 -1.305467 2.780339 -82.812630 -8.744472 -1.998737 84.421234 0.000006 0.003098 21.471975 -169.499527 4.766664 156.571045 2.575187 -2.537152 -61.291409 7.134038 -2.685464 85.792091 -0.000012 -0.003108 21.457560 0.145532 -0.438238 6.701687 1.991166 -0.232818 6.784021 1.087804 0.208308 8.643029 -2.378046 0.976716 12.670717 2.658790 2.663868 -13.157824 10.624925 -74.976982 167.984970 21.173950 53.887299 -9.728936 1.441788 -9.982921 -43.345173 23.933918 -3.493345 11.442635 -1.210563 75.603912 177.644775 -20.872265 -44.328087 -9.885468 0.917062 15.781269 -47.187622 -17.726046 12.415765 1.068030 
-711.142212 40.856953 1498.115112 180.000000 -71.807457 180.000000 88.824829 -3.103424 94.381042 168.395615 -0.038987 148.808487 -2.591555 2.742505 -96.630928 -9.233843 -1.823160 83.509171 0.000005 0.003099 21.472458 -169.206039 4.556500 157.115402 2.053410 -2.936843 -61.595169 6.975605 -2.854015 86.221985 -0.000012 -0.003108 21.458872 0.202222 -0.360425 6.724456 2.021915 -0.368352 6.540614 1.113863 0.463617 8.483460 -1.667286 0.857565 13.275133 2.952878 2.801904 -12.941597 10.164094 -74.952591 168.471695 22.457809 54.343544 -7.347070 1.370517 -9.623688 -42.983166 23.161987 -3.737128 11.864916 -0.074726 76.002831 178.735611 -20.469566 -43.702412 -10.672102 0.500489 15.648911 -48.991386 -17.590853 12.370790 1.161609 
-713.284180 40.745033 1496.888062 180.000000 -71.758598 180.000000 88.688843 -2.846301 94.593796 168.130341 -0.446149 148.926361 -2.861700 2.935273 -97.978844 -9.560386 -1.700838 83.009613 0.000004 0.003099 21.473202 -168.792542 4.726340 157.465515 1.488611 -3.317831 -62.167599 6.693135 -3.104375 86.657318 -0.000012 -0.003108 21.460817 0.247950 -0.300920 6.763990 2.053705 -0.441612 6.458847 1.237895 0.716889 8.338270 -1.132585 0.491653 13.452165 3.215988 3.119457 -12.234950 8.606319 -74.957924 170.108231 23.992804 54.643326 -5.247285 1.325665 -8.992739 -42.878105 22.606501 -3.739860 12.270282 0.931204 76.429291 179.741547 -19.899372 -43.178787 -11.496193 0.116690 15.571712 -50.850822 -17.499029 12.605950 1.357353 
-715.497192 40.635841 1495.613403 180.000000 -71.748116 180.000000 88.673538 -3.141500 94.580994 167.633591 -0.634315 149.951706 -3.087187 3.125803 -98.173424 -9.803120 -1.415576 82.699615 0.000004 0.003099 21.474375 -168.417007 5.104263 156.937256 1.083335 -3.700465 -62.558842 6.988911 -3.185216 86.879906 -0.000012 -0.003107 21.462944 0.326721 -0.265846 6.897667 2.043913 -0.536604 6.373612 1.308715 0.877124 8.398090 -0.548507 -0.191421 13.791209 3.575228 3.482472 -11.325059 6.901222 -74.975853 171.916016 24.967390 54.974041 -4.085050 1.300880 -8.413822 -42.875797 21.815765 -3.561761 12.523300 2.217125 76.899704 -178.959595 -19.002876 -42.895172 -12.523758 -0.411239 15.283637 -52.600632 -17.154762 13.017981 1.375317 
-717.730652 40.530342 1494.287842 180.000000 -71.711472 180.000000 88.774155 -3.555034 94.432381 167.088486 -0.679291 150.622314 -3.181697 3.161729 -98.461456 -9.976742 -1.078755 82.771202 0.000004 0.003099 21.475851 -168.354401 5.418670 156.136902 1.113958 -4.030955 -62.668152 7.310034 -3.160698 87.133652 -0.000012 -0.003107 21.464857 0.419502 -0.268807 7.071919 1.977787 -0.604720 6.213902 1.374717 0.972080 8.461699 -0.135610 -0.870635 14.056234 3.882476 3.851769 -10.998361 5.408794 -75.031677 173.485550 25.637499 55.313602 -3.413271 1.350182 -8.119771 -43.042175 21.102322 -3.101119 12.756498 3.747502 77.242081 -177.411713 -18.166874 -42.617367 -13.133640 -1.049902 15.004785 -54.106876 -16.901321 13.464369 1.246141 
-719.944336 40.421158 1492.916016 180.000000 -71.638306 180.000000 88.950935 -3.519278 94.239044 167.004593 -0.785605 150.054779 -3.249406 3.132951 -97.597412 -9.773885 -0.964315 83.019806 0.000003 0.003099 21.477102 -168.262527 5.689775 156.408630 1.476215 -4.229860 -63.153019 7.379101 -3.086186 87.652641 -0.000013 -0.003107 21.466669 0.473551 -0.227934 7.161325 1.858404 -0.527426 6.062433 1.450890 1.070850 8.419510 0.056487 -1.337428 13.922518 3.852081 4.090888 -11.132218 3.994833 -75.079987 174.988647 26.163826 55.602539 -2.904788 1.416236 -7.927284 -43.113060 20.761444 -2.453466 12.863486 4.420989 77.435135 -176.738556 -16.765043 -42.323940 -14.409962 -1.618110 15.041578 -55.051819 -16.901279 13.798037 1.138817 
-722.121094 40.299038 1491.518433 180.000000 -71.559929 180.000000 89.214088 -3.062973 93.959091 167.452057 -1.428681 148.524673 -3.014945 3.108843 -96.305679 -9.364653 -1.142407 83.729622 0.000003 0.003098 21.477684 -168.064270 6.081942 158.160049 1.747246 -4.259546 -64.037720 6.962544 -2.949466 88.819450 -0.000013 -0.003106 21.469479 0.535124 -0.086598 7.127667 1.689251 -0.280977 6.219125 1.640368 1.139573 8.122175 -0.111823 -1.749115 13.339661 3.389652 3.916729 -11.320276 2.607344 -75.142380 176.469116 26.646757 55.710255 -1.889663 1.406590 -7.662067 -42.506111 20.959650 -1.876606 12.825994 4.972392 77.561302 -176.166229 -15.850838 -41.655998 -15.714014 -2.118290 15.313926 -55.867996 -17.321131 13.708342 0.957407 
-724.258728 40.147713 1490.141602 180.000000 -71.493538 180.000000 89.524033 -1.908474 93.439308 168.268677 -2.173092 146.615524 -2.596169 3.158154 -95.031662 -8.819634 -1.558943 84.931488 0.000003 0.003097 21.477409 -167.631790 6.421966 160.644775 1.833160 -4.153779 -65.148422 6.363318 -2.680413 90.339523 -0.000013 -0.003106 21.472982 0.607397 0.039666 7.073172 1.593822 0.025740 6.457180 1.782389 1.140117 7.731840 -0.209040 -2.192358 12.744536 2.691767 3.923244 -11.242180 1.986661 -75.244423 177.117859 26.569452 55.590542 -1.017570 1.318132 -7.425004 -41.547535 21.178038 -1.219440 12.765406 5.787142 77.674576 -175.376251 -15.921124 -41.300026 -16.042248 -2.358955 15.618984 -56.341888 -17.874640 13.707290 0.810308 
-726.367981 39.977184 1488.836182 180.000000 -71.467247 180.000000 89.807144 -0.876144 92.774139 168.928833 -2.618209 144.970901 -1.663853 3.381276 -86.173004 -8.571117 -1.854889 85.767517 0.000002 0.003097 21.477060 -167.296402 6.800359 162.028015 1.873450 -4.009543 -65.901901 6.212413 -2.499375 90.980713 -0.000013 -0.003106 21.475185 0.651058 0.106087 7.037879 1.558688 0.193228 6.643120 1.791305 1.138693 7.437674 -0.351077 -2.688927 12.471640 2.216892 4.304541 -11.204801 1.318985 -75.269119 177.809998 26.719292 55.439590 -0.075154 1.140944 -7.275698 -40.851562 21.299288 -0.621819 12.830111 6.813420 77.841995 -174.391205 -16.186853 -41.273846 -15.973313 -2.503890 15.951511 -56.678158 -17.960783 13.726051 0.774536 
-728.499390 39.795689 1487.586060 180.000000 -71.499352 180.000000 90.049843 -0.079807 92.232887 169.310257 -2.648041 143.637589 -1.405458 3.358220 -85.874580 -8.283976 -2.147169 86.043671 0.000002 0.003097 21.477245 -166.912796 7.054543 162.546021 1.909517 -3.862119 -66.571365 6.179451 -2.332980 91.139069 -0.000013 -0.003106 21.476589 0.660869 0.141773 6.992416 1.622628 0.259419 6.718398 1.800887 1.124135 7.230770 -0.667508 -3.230130 12.319948 1.674429 4.831730 -11.346306 0.943446 -75.265030 178.197388 26.975510 55.292797 0.649147 0.972870 -7.188918 -40.487167 21.278646 0.159274 13.047785 8.040612 78.038361 -173.207321 -16.701479 -41.126656 -15.530613 -2.752903 16.209339 -57.162731 -17.958017 13.671864 0.701972 
-730.707031 39.603409 1486.355591 180.000000 -71.595825 180.000000 90.200890 2.216406 90.016891 169.690689 -2.516227 142.497116 -1.264034 3.308900 -85.620995 -7.849514 -2.478443 86.046127 0.000001 0.003098 21.477510 -166.534409 7.233640 163.019577 2.054884 -3.685400 -67.113464 6.002477 -2.097626 91.123596 -0.000013 -0.003106 21.477161 0.651153 0.156394 6.894897 1.750320 0.293290 6.744115 1.855089 1.092563 7.099034 -1.128195 -3.511362 12.052485 0.913692 5.229518 -11.715343 1.041458 -75.343018 178.066696 27.508871 55.103367 1.820356 0.838375 -7.085376 -40.202877 21.147045 1.147003 13.348581 9.716175 78.152733 -171.561859 -17.174833 -41.002823 -15.019938 -3.025060 16.442226 -57.436893 -18.171597 13.304566 0.716508 
-733.024963 39.388031 1485.127686 180.000000 -71.744904 180.000000 90.278488 2.959231 89.280319 169.752747 -2.192027 141.830185 -1.333702 3.197125 -85.800949 -7.453366 -2.772641 86.065651 0.000001 0.003098 21.477789 -166.225494 7.380596 163.138885 2.186949 -3.479908 -67.048424 5.865139 -1.769997 90.945335 -0.000013 -0.003106 21.477127 0.630177 0.146662 6.773934 1.897866 0.336596 6.796404 1.892716 1.072848 7.047758 -1.599290 -3.462374 11.828056 0.253317 5.512228 -12.183973 1.671958 -75.504257 177.365845 27.634911 55.016319 2.350727 0.684824 -7.022975 -39.849968 20.987486 2.100888 13.621599 11.026536 78.168983 -170.263290 -17.446075 -41.158714 -14.805411 -3.150767 16.710032 -57.327755 -18.328716 12.667795 0.910229 
-735.446472 39.163353 1483.899536 180.000000 -71.946289 180.000000 90.305244 3.438027 88.706902 169.620941 -1.812056 141.569092 -1.592517 3.032368 -86.233643 -6.984075 -3.034436 86.198898 0.000000 0.003098 21.478344 -165.922256 7.494064 162.853790 2.309980 -3.251603 -66.771164 5.909880 -1.392765 90.767006 -0.000013 -0.003107 21.476767 0.624649 0.112529 6.641915 2.045234 0.418819 6.842945 1.857331 1.069571 6.963111 -2.103981 -3.205863 11.636150 -0.161332 5.655132 -12.692971 2.838017 -75.755959 176.108765 27.010653 55.178116 1.841110 0.530971 -7.042071 -39.457256 20.929771 3.012168 13.883132 12.269569 77.996017 -169.021805 -17.441036 -41.719765 -14.916012 -3.189474 16.883213 -57.033802 -18.614445 11.899209 1.137127 
-737.942322 38.931812 1482.686279 180.000000 -72.192558 180.000000 90.280678 3.686841 88.252632 169.398666 -1.627947 141.741287 -2.017482 2.918149 -86.308426 -6.651585 -3.236614 86.539375 0.000000 0.003099 21.478672 -165.656219 7.514321 162.428238 2.537208 -3.087660 -66.271545 6.001631 -1.009404 90.853355 -0.000012 -0.003107 21.476191 0.623705 0.071987 6.499054 2.167242 0.495722 6.866609 1.777258 1.052144 6.862087 -2.451839 -2.972762 11.361749 -0.235197 5.715784 -13.281088 3.951289 -76.053795 174.918243 26.192568 55.631237 1.078593 0.425376 -7.071254 -39.339340 21.021992 3.824971 14.052330 13.090868 77.800629 -168.216156 -17.951826 -42.354725 -14.628765 -3.187735 17.024107 -56.785091 -18.955257 11.097862 1.353406 
-740.474487 38.697342 1481.496582 180.000000 -72.474434 180.000000 90.233879 3.716216 88.022957 169.265793 -1.481311 142.734192 -2.416236 2.922197 -85.103676 -6.632966 -3.217682 86.860695 0.000000 0.003099 21.479212 -165.719559 7.210798 161.802612 2.795333 -2.971292 -65.292496 6.024099 -0.788095 91.260071 -0.000012 -0.003107 21.475931 0.607041 0.015898 6.416759 2.220991 0.529838 6.867349 1.623247 1.041934 6.748748 -2.545694 -2.776526 11.198522 0.056113 5.398633 -13.750285 4.299108 -76.385323 174.518875 25.501883 56.307388 0.256991 0.375125 -7.074535 -39.442047 20.947420 4.137168 14.141169 13.610193 77.634445 -167.725754 -18.407112 -42.876366 -14.244109 -3.075791 16.951973 -56.539848 -19.173159 10.494837 1.597659 
-743.000183 38.476372 1480.348999 180.000000 -72.784660 180.000000 90.205429 3.333069 87.866905 169.217087 -1.186976 144.911697 -2.655805 3.001971 -82.856300 -6.716504 -2.814512 87.250992 0.000001 0.003099 21.480507 -165.858765 6.655781 161.115158 3.052001 -2.881788 -64.210144 6.259623 -0.491026 91.479721 -0.000012 -0.003107 21.476332 0.562246 -0.042689 6.412236 2.095119 0.560658 6.802400 1.349263 1.060928 6.693314 -2.270831 -2.500580 10.926072 0.779484 4.679973 -14.208992 3.469277 -76.753098 175.342560 24.676550 56.840714 -0.906476 0.404540 -7.097100 -39.747913 20.518139 3.937976 13.975338 13.597475 77.425583 -167.776733 -18.001001 -43.480701 -14.659682 -2.796328 16.636410 -55.994221 -19.190237 10.032670 1.915810 
-745.455261 38.278679 1479.259155 180.000000 -73.105392 180.000000 90.230820 2.306630 87.716682 169.497696 -0.789401 147.102585 -2.975940 3.114331 -79.878792 -6.958690 -2.253711 87.806137 0.000001 0.003099 21.482155 -166.154419 6.104926 160.247437 3.191220 -2.829924 -63.148102 6.543530 -0.197999 91.591316 -0.000012 -0.003106 21.476910 0.501384 -0.115580 6.486156 1.907665 0.614130 6.678799 0.989693 1.038561 6.697925 -1.833108 -2.299019 10.369818 1.865350 3.864421 -14.442769 1.404649 -77.003532 177.448532 24.239552 56.824986 -2.222528 0.496272 -7.162640 -40.126442 19.508978 3.749025 13.609744 13.426163 77.289963 -167.974030 -17.046328 -43.724892 -15.508739 -2.613651 16.244165 -55.568329 -19.178675 9.754651 2.014948 
-747.798035 38.091373 1478.238159 180.000000 -73.419685 180.000000 90.427193 1.186161 87.253899 169.900146 -0.563245 148.327454 -3.455220 3.189538 -76.968002 -7.500815 -2.008454 88.768990 0.000002 0.003099 21.483074 -166.558563 6.074537 159.292969 3.376799 -2.702597 -63.202885 6.787569 0.025896 91.819107 -0.000012 -0.003106 21.477087 0.442639 -0.194423 6.579557 1.856765 0.724592 6.572454 0.693030 0.910746 6.736680 -1.654515 -2.456221 9.670242 2.812762 3.247735 -14.560169 -0.932176 -77.016823 179.871582 24.301178 56.178337 -3.253031 0.545996 -7.164394 -40.404003 18.459459 3.635030 13.128740 13.307074 77.408073 -168.077972 -15.677120 -43.868603 -16.869944 -2.951847 16.144888 -56.091881 -19.384768 9.929882 1.678569 
-750.077026 37.901451 1477.287354 180.000000 -73.672180 180.000000 90.782013 0.510413 86.483994 170.051559 -0.386769 148.743622 -3.971562 3.175809 -74.553917 -7.994149 -1.985719 91.211403 0.000003 0.003098 21.482723 -166.532761 6.352909 158.564957 3.457965 -2.465260 -64.369995 6.821325 0.182935 91.912857 -0.000012 -0.003106 21.476252 0.448777 -0.216404 6.648386 1.934892 0.890489 6.517908 0.494407 0.675405 6.792305 -2.028215 -2.590878 9.017690 3.392097 2.841923 -15.016508 -2.175969 -76.916710 -178.843735 23.849487 55.385750 -4.655626 0.606113 -7.348364 -40.565411 17.751715 3.735956 12.655759 13.058119 77.510811 -168.302307 -14.883540 -43.899254 -17.771353 -3.310555 16.324614 -56.705559 -19.574551 9.879378 1.116109 
-752.326477 37.697117 1476.404175 180.000000 -73.828537 180.000000 89.432594 -1.406515 85.579803 170.354218 -0.256177 148.078812 -4.032670 3.096289 -72.444641 -8.341387 -2.243128 92.153976 0.000004 0.003098 21.481951 -166.450790 6.799247 158.283737 3.573958 -2.217118 -66.238602 6.750772 0.258416 92.239883 -0.000013 -0.003106 21.475901 0.454261 -0.231388 6.704238 2.053278 1.089635 6.510192 0.289892 0.453965 6.875476 -2.799304 -2.401425 8.248279 3.570172 2.682418 -15.687337 -2.523453 -76.782280 -178.482407 22.618580 54.490044 -6.682640 0.655221 -7.764219 -40.586578 17.455894 3.955705 12.118119 11.957377 77.506783 -169.405716 -14.602077 -43.360737 -18.128218 -3.444237 16.621979 -56.543285 -19.934549 9.491560 0.541971 
-754.551392 37.484856 1475.620239 180.000000 -73.944023 180.000000 89.773781 -1.765740 85.097954 171.341415 0.312769 146.840027 -3.989303 3.030202 -70.916573 -8.364642 -2.471430 93.212692 0.000005 0.003098 21.480606 -166.318192 6.777226 158.498413 3.753342 -2.008830 -67.218910 6.702696 0.259794 92.039749 -0.000013 -0.003106 21.476448 0.450218 -0.286100 6.717899 2.050505 1.275282 6.494694 -0.054165 0.349428 6.964246 -3.353054 -2.113273 7.791344 3.554885 2.798320 -16.155714 -1.994052 -76.722473 -179.011414 21.672150 53.557041 -8.523802 0.767389 -8.390634 -40.779308 17.271017 4.374929 11.340036 10.270048 77.419601 -171.054688 -14.022214 -42.328049 -18.778374 -3.428755 16.893356 -56.399876 -20.515034 9.202295 0.248553 
-756.757812 37.267292 1474.965820 180.000000 -74.101395 180.000000 90.055878 -2.040662 85.043968 172.033798 0.950690 146.324615 -3.925292 3.079620 -68.987923 -8.172474 -2.546422 94.161331 0.000006 0.003098 21.479849 -166.535904 6.397049 157.817932 4.061292 -1.881540 -67.164665 6.886360 0.403613 91.442810 -0.000013 -0.003106 21.476242 0.457060 -0.390343 6.706788 2.031964 1.349280 6.534789 -0.356122 0.289713 7.107601 -3.481273 -1.947295 7.515852 3.947326 2.743225 -16.860579 -1.504786 -76.679398 -179.542130 21.133253 53.007908 -10.138992 0.873638 -9.035746 -41.402031 17.010992 4.303666 10.870328 7.779087 77.255119 -173.508667 -13.320936 -42.262539 -19.022467 -3.151201 16.921144 -55.841877 -21.056292 9.241434 0.148944 
-758.906311 37.045269 1474.409058 180.000000 -74.314674 180.000000 90.271477 -2.326790 85.108383 172.274918 1.258648 147.210510 -3.887818 3.260970 -67.386536 -8.201051 -2.476335 95.224602 0.000007 0.003099 21.479412 -166.965912 5.995188 155.795456 4.569292 -1.870224 -66.816673 7.224073 0.610861 90.542229 -0.000014 -0.003107 21.475449 0.475758 -0.490307 6.669171 2.068954 1.309833 6.815052 -0.595407 0.119480 7.191220 -3.477995 -1.894720 7.704593 5.235917 2.685102 -17.594624 0.519458 -76.596397 178.292191 21.374609 52.159389 -11.112637 0.956657 -9.605256 -42.964375 17.064880 3.412593 10.616906 5.127632 77.236992 -176.117752 -13.110721 -43.628540 -18.537565 -3.140994 16.774418 -55.931545 -21.393677 9.098039 -0.046803 
-761.031189 36.826748 1473.881348 180.000000 -74.481781 180.000000 90.468399 -2.536531 84.848381 172.417801 1.098162 147.945251 -3.620729 3.364826 -66.284035 -8.176233 -2.439874 96.400177 0.000008 0.003100 21.478924 -167.200638 5.772084 154.007370 5.250846 -1.872869 -67.297791 7.198881 0.876751 89.104729 -0.000014 -0.003106 21.475103 0.498949 -0.538397 6.612195 2.101897 1.217183 7.148239 -0.822818 -0.006250 7.213995 -3.824767 -1.829851 7.726175 6.463067 2.350847 -18.265213 2.727386 -76.549370 175.941162 22.158684 50.973053 -11.107745 0.934949 -10.143550 -44.360512 17.123486 2.444824 10.253392 3.074136 77.077919 -178.114700 -13.179973 -45.337311 -18.057987 -2.945275 16.280441 -55.403942 -21.779083 9.116885 -0.327617 
-763.132751 36.615734 1473.360596 180.000000 -74.574875 180.000000 90.342392 -3.414768 84.488144 172.798767 0.705190 146.904831 -2.849645 3.235483 -64.626083 -7.361975 -2.531052 96.504517 0.000008 0.003100 21.478205 -166.836151 6.316493 154.427139 5.549494 -2.121986 -68.283188 6.563240 0.958169 90.721619 -0.000014 -0.003106 21.476505 0.529492 -0.486877 6.583156 2.185011 1.241562 7.443562 -0.947817 0.160903 7.270891 -4.493743 -1.309879 6.739981 6.267632 1.660947 -19.256140 4.293543 -76.720032 174.282822 21.576778 48.985863 -11.789216 0.571179 -10.696974 -43.156796 18.051105 2.181240 9.804003 1.561810 76.983704 -179.591721 -13.882931 -45.065945 -17.528927 -2.415464 15.952198 -53.617142 -22.153963 9.567607 -0.296536 
-765.186462 36.392563 1472.898315 180.000000 -74.725449 180.000000 90.233040 -4.167786 84.135323 173.274597 0.112368 145.122375 -2.192613 3.047156 -63.239517 -6.585218 -2.906127 96.265106 0.000007 0.003099 21.476892 -166.319382 7.018286 155.581604 5.619889 -2.500058 -69.748245 5.542503 0.840067 91.575157 -0.000014 -0.003105 21.478403 0.572540 -0.389736 6.675616 2.153301 1.348047 7.589902 -0.949574 0.364918 7.349498 -4.993026 -0.789340 5.431719 5.785928 1.411375 -19.859400 4.687942 -76.729454 173.823410 21.880430 47.376911 -11.498982 0.050498 -11.351287 -41.108044 19.082708 2.247030 9.313642 0.865932 77.044296 179.802277 -14.700729 -43.728722 -17.237650 -2.361657 15.783229 -52.326900 -22.270964 10.403935 -0.222891 
-767.159973 36.145245 1472.525635 180.000000 -74.981834 180.000000 90.252541 -4.223066 84.334763 173.356491 -0.108127 144.399612 -1.802592 2.941476 -62.690594 -6.143276 -3.049503 96.452728 0.000007 0.003099 21.476303 -166.405716 7.185538 155.292343 5.871328 -2.566041 -69.885132 5.503149 0.814919 91.245834 -0.000014 -0.003105 21.479046 0.581469 -0.374513 6.717089 2.109974 1.294046 7.741408 -1.056027 0.411424 7.463604 -5.147922 -0.671122 5.173129 5.801859 1.670062 -19.949724 5.302679 -76.575645 173.106491 22.346390 45.703571 -11.336772 -0.185496 -11.760072 -40.859661 19.570665 2.035479 8.850964 -0.847223 77.159882 178.179214 -15.230747 -44.142006 -16.528965 -2.505939 15.654259 -51.997864 -21.946709 10.842307 0.052024 
-769.099915 35.899357 1472.162964 180.000000 -75.269661 180.000000 90.267250 -3.902115 84.781517 173.152039 -0.095986 145.080612 -1.496624 2.923583 -62.869171 -5.976910 -3.039417 97.076912 0.000007 0.003100 21.476568 -166.718628 7.038303 154.055038 6.393363 -2.448409 -69.828377 5.866480 0.953454 89.616745 -0.000014 -0.003106 21.477728 0.601410 -0.402174 6.669850 2.068445 1.150585 7.785878 -1.224949 0.387907 7.604341 -5.343963 -0.829759 5.367861 6.063235 1.973906 -19.937723 6.385639 -76.354240 171.945160 22.654324 44.679783 -11.855344 -0.135760 -12.043572 -41.658760 19.717865 1.957194 8.548433 -3.035243 77.220612 176.050491 -15.905818 -45.419861 -15.199545 -2.500948 15.454061 -52.031998 -21.444496 10.867086 0.445187 
-771.036194 35.663666 1471.742188 180.000000 -75.511642 180.000000 90.159935 -3.289398 85.057266 172.775742 0.249451 146.373611 -1.189928 2.837195 -62.934097 -5.678313 -2.994962 97.716202 0.000007 0.003100 21.477236 -167.043076 6.605960 152.840958 6.756596 -2.256345 -70.039627 6.324852 0.885093 88.874313 -0.000014 -0.003106 21.475811 0.604762 -0.419502 6.689636 1.999132 1.021810 7.642410 -1.400889 0.363496 7.733268 -5.350935 -0.931523 5.476411 6.191464 2.365910 -19.863621 6.933167 -76.282364 171.387421 22.666775 44.618073 -12.191408 0.045247 -12.214062 -42.255024 19.538212 2.046004 8.507305 -3.913638 77.184059 175.202545 -16.022068 -46.434856 -14.802573 -2.240461 15.323856 -51.757954 -21.401091 11.088587 0.887030 
-772.947510 35.442959 1471.244873 180.000000 -75.680565 180.000000 89.860291 -2.538127 85.389153 172.273026 0.605861 147.528885 -0.941858 2.719816 -62.256168 -5.413392 -3.285456 97.860855 0.000007 0.003100 21.478092 -167.317551 6.404850 152.134613 7.193273 -2.046684 -70.059982 6.371876 0.812936 88.702904 -0.000014 -0.003107 21.474733 0.550100 -0.418248 6.713641 1.928468 0.989060 7.396017 -1.480475 0.409101 7.791528 -5.606669 -0.834238 5.810014 6.116711 3.122331 -19.771183 6.914090 -76.334221 171.441132 22.912533 45.313869 -11.814471 0.178207 -12.326986 -42.387234 19.486397 2.052892 8.697803 -4.110530 77.088150 174.971863 -16.204386 -46.613659 -14.988585 -1.927391 15.353822 -50.873119 -21.581604 11.330053 1.286994 
-774.816223 35.227856 1470.688477 180.000000 -75.786552 180.000000 89.448204 -1.988138 85.372276 171.931335 0.733926 148.369705 -0.865071 2.585490 -61.369164 -5.129184 -3.850795 97.425171 0.000006 0.003099 21.479029 -167.399918 6.442854 152.023315 7.468273 -1.837553 -69.972816 6.032826 0.774685 88.869904 -0.000013 -0.003107 21.474775 0.515548 -0.400849 6.744606 1.929466 1.068360 7.231841 -1.416452 0.469520 7.727299 -5.998188 -0.589421 6.103522 5.842989 3.772238 -19.667063 6.636228 -76.433678 171.783829 23.720894 46.307175 -10.305888 0.225168 -12.248146 -42.224529 19.648945 1.915283 9.034823 -3.699398 76.995750 175.289215 -17.118935 -46.231293 -14.295885 -1.638646 15.654128 -49.672318 -21.981318 11.510516 1.356856 
-776.679077 35.021126 1470.111694 180.000000 -75.866249 180.000000 89.015022 -1.419242 85.002228 172.038635 0.703244 148.825165 -0.688487 2.484197 -61.112282 -4.969901 -4.367173 96.598923 0.000006 0.003099 21.479969 -167.192734 6.391451 152.986740 7.313369 -1.798455 -70.421249 5.382222 0.721616 89.678398 -0.000012 -0.003107 21.475763 0.465527 -0.309595 6.830899 1.835033 1.114726 7.206889 -1.142298 0.511565 7.518307 -6.343869 -0.354071 6.227097 5.430858 3.889154 -19.642525 6.538261 -76.721375 171.984924 25.122070 47.811668 -7.802207 0.099552 -11.994749 -41.696106 19.970028 1.362677 9.114655 -1.681489 77.063332 177.200607 -18.352949 -45.578377 -13.184155 -1.492845 16.010458 -48.923935 -22.461700 11.789185 1.057046 
-778.604919 34.844826 1469.543457 180.000000 -75.962845 180.000000 88.881035 -1.202975 84.486526 172.269852 0.323044 149.164856 -0.459161 2.585825 -61.634735 -5.198802 -4.487560 95.646805 0.000005 0.003099 21.481199 -166.861450 6.169259 154.005356 6.496224 -1.870391 -70.840729 4.855719 0.702267 90.912674 -0.000011 -0.003107 21.477629 0.364718 -0.150138 6.966645 1.699261 1.074396 7.191413 -0.840503 0.487401 7.208736 -6.442114 -0.343147 6.506624 4.749558 3.378521 -19.191154 7.396626 -77.079071 171.225723 25.977110 49.208843 -5.928987 -0.071014 -11.677638 -41.478565 19.991678 0.531933 8.810494 1.842063 77.331306 -179.354248 -19.076059 -45.107746 -12.913480 -1.468649 16.152964 -48.954720 -22.360622 12.370522 0.761257 
-780.616150 34.714851 1468.982300 180.000000 -76.083939 180.000000 89.018860 -1.278712 84.762016 172.440659 -0.391386 149.788315 -0.418824 2.905018 -62.759804 -5.962625 -3.939305 94.729004 0.000004 0.003100 21.483536 -167.002014 6.112294 153.579803 5.760588 -2.049843 -69.804146 4.738589 0.695282 91.053391 -0.000011 -0.003107 21.480015 0.281291 -0.019320 7.135679 1.571454 0.830709 7.196391 -0.711220 0.326844 7.024348 -5.648402 -0.881339 7.043050 4.032601 2.593151 -18.338015 7.764429 -77.410973 170.910782 26.917713 50.141319 -4.513853 -0.036348 -11.503898 -42.359310 19.498512 -0.709989 8.461834 5.384970 77.788063 -175.794006 -19.906183 -46.086533 -12.691561 -1.631904 15.758009 -50.082275 -21.173239 12.308605 0.955383 
-782.725403 34.630722 1468.388062 180.000000 -76.196442 180.000000 89.208031 -0.770422 85.643661 172.348389 -0.963118 150.107697 -0.816121 3.303584 -65.169502 -6.891207 -3.178248 93.875595 0.000004 0.003100 21.486547 -167.376419 5.696721 151.873093 5.365208 -2.336225 -67.999901 4.874013 0.618953 91.244797 -0.000012 -0.003106 21.481804 0.275454 0.054869 7.337041 1.427903 0.447352 7.126226 -0.711323 0.274949 6.928644 -4.146024 -1.598824 8.111565 3.804281 2.247618 -17.290455 7.047990 -77.695145 171.652374 28.099216 50.521202 -2.584357 0.253651 -11.730339 -44.417976 18.698574 -1.839771 8.187178 8.206063 78.477432 -172.923340 -20.473475 -47.968479 -12.548476 -2.138993 15.180472 -52.806671 -18.974773 11.842120 1.259297 
-784.973022 34.572456 1467.696533 180.000000 -76.246712 180.000000 89.333511 -0.444535 86.717430 172.231659 -1.234472 149.821381 -1.571050 3.635187 -68.461319 -7.698330 -2.646878 93.079857 0.000004 0.003101 21.488729 -167.531601 5.136247 149.850815 4.861335 -2.576149 -65.419327 5.135346 0.579084 91.272568 -0.000012 -0.003106 21.483511 0.335466 0.102834 7.528559 1.336624 0.231893 6.751648 -0.635189 0.372816 6.921025 -2.734941 -2.351656 8.757378 3.131282 2.298894 -16.647425 4.708942 -77.804787 174.031769 29.919554 51.109100 -0.024567 0.466503 -12.160884 -45.835499 17.820059 -2.020790 7.866659 11.261092 79.092751 -169.865341 -19.307762 -49.076599 -13.896476 -2.828985 14.934189 -55.846558 -17.627241 11.265172 1.399048 
-787.325928 34.505859 1466.934448 180.000000 -76.256050 180.000000 89.416908 -0.812458 87.586823 172.365768 -1.191105 148.923065 -2.009039 3.955424 -71.663177 -8.459016 -2.328302 92.438812 0.000003 0.003102 21.489460 -167.800430 4.770696 148.596603 4.670619 -2.805328 -64.338882 5.149924 0.499000 91.559525 -0.000013 -0.003106 21.485201 0.387493 0.170978 7.712980 1.240601 0.141454 6.502780 -0.502071 0.393357 7.011145 -1.967035 -2.677383 9.107987 2.342861 2.425235 -15.728541 2.062529 -77.755798 176.722687 31.463291 51.754559 2.020023 0.622044 -12.335835 -46.386604 17.658617 -2.396745 7.665366 14.962032 79.547066 -166.206467 -17.444744 -48.815277 -15.404676 -3.624298 14.952461 -58.765202 -16.877813 11.197299 1.349000 
-789.763428 34.419682 1466.122314 180.000000 -76.259483 180.000000 89.605003 -1.389689 88.143990 172.420502 -1.046249 148.094101 -1.986155 4.147599 -72.769753 -8.912655 -2.249298 92.212776 0.000003 0.003103 21.489363 -167.620621 4.311540 148.174286 4.577451 -2.998140 -64.207031 4.904125 0.366016 92.157349 -0.000013 -0.003107 21.486250 0.378565 0.273174 7.881733 1.161846 0.014242 6.396654 -0.338221 0.399107 7.165316 -1.646791 -2.957834 9.427776 1.432240 2.732075 -14.725918 -0.094971 -77.712112 178.910828 32.670280 52.095249 3.296341 0.719462 -12.379015 -46.622570 17.718199 -2.939643 7.463371 19.177294 79.754364 -162.028107 -15.792571 -48.225922 -16.713484 -4.383734 14.910562 -61.093906 -15.958878 11.248649 1.205658 
-792.249268 34.318665 1465.279663 180.000000 -76.266296 180.000000 89.780174 -1.633376 88.628891 171.861115 -0.631524 148.421539 -2.257115 4.226211 -73.108910 -9.199050 -2.430229 92.148170 0.000003 0.003104 21.489155 -167.194595 4.087548 147.507080 4.696386 -3.047255 -63.787693 4.873223 0.246960 92.152298 -0.000013 -0.003107 21.487171 0.367432 0.289745 8.000871 1.153624 -0.189488 6.206701 -0.294181 0.389092 7.147231 -1.553448 -3.351293 9.912311 1.095430 3.405807 -13.656672 -1.984163 -77.768478 -179.180649 33.267803 52.286583 3.932622 0.909703 -12.334815 -46.663105 17.696093 -3.108281 7.413570 22.633791 79.883369 -158.586166 -14.617319 -48.080399 -17.880163 -5.080075 14.692708 -63.203022 -15.403124 11.280788 1.242651 
-794.780640 34.208046 1464.406738 180.000000 -76.229416 180.000000 89.807907 -1.509378 88.723244 171.220795 -0.085451 148.764084 -2.669357 4.228528 -73.233826 -9.342094 -2.715042 92.014465 0.000002 0.003104 21.488686 -166.896393 3.937154 146.869858 5.081839 -2.956187 -63.444454 4.751677 0.177830 91.756371 -0.000013 -0.003108 21.488556 0.347920 0.258486 8.051521 1.165639 -0.336046 6.026340 -0.323296 0.446440 6.995903 -1.625464 -3.770823 10.368969 1.037818 4.314728 -12.762343 -3.533083 -77.828621 -177.582703 32.754261 52.545139 3.455797 1.090693 -12.311257 -46.467091 17.605040 -2.778210 7.522357 24.695896 80.065971 -156.530121 -14.011280 -48.245667 -18.774382 -5.498548 14.528370 -64.535538 -14.864376 11.340768 1.599355 
-797.313599 34.082378 1463.532837 180.000000 -76.140144 180.000000 89.755150 -0.653737 88.159027 171.170227 0.038631 148.075317 -2.226413 4.100965 -71.754303 -8.838091 -3.105536 91.511276 0.000002 0.003104 21.487257 -166.726471 3.679039 147.718048 5.246671 -2.897680 -63.564087 4.359457 0.188601 91.856888 -0.000012 -0.003107 21.490292 0.322071 0.304465 7.962912 1.086856 -0.254606 6.285648 -0.171506 0.645640 6.828541 -2.116988 -4.069807 10.462785 0.391822 4.186756 -12.725994 -3.128861 -77.694633 -177.935593 32.131859 52.592472 3.021026 0.804244 -12.279387 -45.335789 17.993452 -2.351645 7.477868 25.812380 80.134384 -155.416000 -14.287237 -47.635159 -19.115683 -5.691276 14.786816 -64.080421 -14.853271 11.525434 1.792810 
-799.821838 33.952431 1462.655518 180.000000 -76.117104 180.000000 89.868446 3.661451 90.026489 172.186951 0.132192 147.039337 -1.558807 3.890296 -70.745445 -8.182481 -3.558560 91.366241 0.000002 0.003104 21.485292 -166.837494 2.850612 150.575119 5.213862 -2.983871 -64.796837 3.905080 0.252077 91.641579 -0.000011 -0.003107 21.491180 0.368755 0.454086 7.890839 0.990255 -0.051310 6.675138 0.019918 0.868997 6.647978 -2.628439 -4.086360 10.460856 -0.158242 3.363864 -12.905416 -0.041149 -77.459480 178.964630 32.689491 52.578930 3.932913 0.406885 -12.488311 -44.089970 18.580990 -1.772825 7.249259 25.817747 79.889305 -155.419678 -14.919727 -46.745361 -18.788622 -5.699429 15.346227 -62.629391 -15.382135 11.806268 1.892109 
-802.215271 33.828129 1461.809814 180.000000 -76.303970 180.000000 89.842049 4.709871 89.908073 172.465622 0.554689 146.745987 -1.469395 3.772629 -70.693504 -7.771711 -3.811765 91.274033 0.000002 0.003104 21.484268 -166.955429 2.480391 151.710571 5.309572 -3.054834 -65.148666 3.759562 0.404656 91.016594 -0.000011 -0.003107 21.490841 0.380769 0.495166 7.876166 0.975608 -0.009139 6.867442 0.056006 0.964713 6.515278 -2.709772 -4.044872 10.419625 -0.181788 3.192794 -12.643001 1.622482 -77.349442 177.235580 33.175835 52.890556 4.524780 0.231798 -12.669721 -43.670177 18.699289 -1.205236 6.919131 25.863613 79.684258 -155.403168 -14.830257 -46.403522 -18.887432 -5.761254 15.680963 -62.266331 -15.694104 11.689193 2.248202 
-804.540833 33.714069 1461.006348 180.000000 -76.640465 180.000000 89.728218 4.628360 89.884216 172.107697 0.825538 147.094223 -1.600370 3.724550 -70.113838 -7.613348 -3.986895 91.183739 0.000002 0.003104 21.484587 -166.989120 2.303233 151.584549 5.142652 -3.026354 -64.470970 3.848579 0.513244 90.506599 -0.000011 -0.003107 21.491243 0.356964 0.458228 7.870906 1.108895 0.005403 7.028275 0.065997 1.006760 6.332632 -2.353773 -4.031429 10.196701 0.065469 2.944135 -12.368426 1.659670 -77.549538 177.156067 32.457722 53.524773 4.037140 0.090024 -12.646340 -43.415421 18.621569 -0.803228 6.668312 25.746025 79.559723 -155.550339 -14.049852 -46.345402 -19.467270 -5.856901 15.842804 -62.128922 -15.942882 11.097151 2.494615 
-806.842712 33.611008 1460.231445 180.000000 -77.042221 180.000000 89.676392 4.715732 89.345161 172.256027 0.568480 147.331833 -1.633387 3.652396 -69.309509 -7.375169 -4.119601 91.161140 0.000003 0.003103 21.484371 -167.113602 2.432510 152.303253 4.510949 -3.015333 -64.107384 3.721895 0.579029 90.562714 -0.000010 -0.003106 21.491138 0.393514 0.439590 7.865439 1.295422 0.237952 7.301404 0.096575 1.025406 6.212323 -2.245905 -3.911705 9.646226 0.463940 2.385967 -12.455522 3.210455 -77.844688 175.572815 31.300608 53.942013 2.791493 -0.154095 -12.590200 -42.681061 18.400528 -0.542672 6.480142 24.191206 79.379211 -157.139297 -13.794054 -45.640465 -19.092812 -5.855681 16.320957 -61.399422 -16.570885 10.316344 2.078169 
-809.058167 33.510586 1459.498657 180.000000 -77.491966 180.000000 89.710510 4.837506 88.559883 172.759827 -0.183934 147.232880 -1.135444 3.541136 -68.190346 -7.373627 -4.200403 91.281799 0.000003 0.003103 21.483755 -166.879532 2.811605 153.157791 3.263373 -2.951569 -64.010254 3.378734 0.612214 91.043869 -0.000010 -0.003106 21.490690 0.435773 0.431847 7.832946 1.447943 0.470222 7.530743 0.107061 0.948378 6.090982 -2.411047 -3.580702 8.786984 0.847107 1.761055 -13.036161 5.719665 -78.159706 173.029694 30.074554 53.835854 1.376281 -0.391512 -12.463512 -41.735264 17.552216 -0.192314 6.111260 22.309538 78.981392 -159.010056 -13.756799 -44.611557 -18.652754 -5.449455 16.447611 -59.948132 -17.405033 9.733762 1.472454 
-811.140076 33.389503 1458.829468 180.000000 -77.958649 180.000000 89.476952 1.422161 84.904755 173.282822 -1.101121 147.251724 -0.620995 3.422457 -66.631943 -7.384004 -4.186736 91.261192 0.000003 0.003103 21.483351 -166.287842 3.510800 153.408752 2.259694 -2.910893 -64.004791 2.946034 0.594363 91.369469 -0.000010 -0.003106 21.490292 0.472103 0.418668 7.813218 1.492898 0.555275 7.744825 0.022066 0.784669 6.034511 -2.588791 -3.518991 7.814574 1.347983 1.345446 -13.664637 7.895657 -78.466446 170.836304 29.049128 52.994724 0.141285 -0.517291 -12.383171 -40.944771 16.740166 -0.060724 5.602973 20.824966 78.634911 -160.417938 -14.305976 -44.003925 -18.097652 -4.917762 16.018328 -58.576054 -18.127474 9.730036 0.799225 
-813.117493 33.242023 1458.225586 180.000000 -78.410484 180.000000 89.750587 0.611981 85.233498 173.561050 -1.435005 147.671188 -0.428475 3.431704 -65.347275 -7.797099 -3.849175 91.569168 0.000004 0.003103 21.484140 -166.192398 4.405632 152.552673 1.969739 -2.939003 -63.880138 2.749713 0.561751 91.321854 -0.000010 -0.003106 21.489546 0.516122 0.324105 7.839748 1.459043 0.483925 7.911975 -0.207603 0.532666 6.081096 -2.221267 -3.547576 6.733066 1.950827 0.974032 -14.523633 8.171580 -78.727257 170.499100 28.882576 51.670673 -0.330280 -0.314699 -12.453203 -41.067001 16.573145 -0.035961 5.129512 19.834143 78.445786 -161.326996 -14.404204 -43.753540 -18.091276 -4.750275 15.443846 -58.172123 -18.321466 9.791661 0.153727 
-815.038879 33.068493 1457.661865 180.000000 -78.755516 180.000000 90.006386 -0.674517 86.255844 173.266235 -0.828919 148.682419 -0.633533 3.592616 -64.900780 -8.680859 -3.150084 92.282883 0.000005 0.003104 21.486824 -166.139069 5.368051 151.119064 2.312383 -2.977914 -63.127895 3.074127 0.598132 90.892174 -0.000011 -0.003106 21.487125 0.489995 0.232512 7.925735 1.377109 0.314563 7.933180 -0.520324 0.313358 6.102760 -1.408327 -3.591215 5.985628 2.705832 0.740243 -15.510971 6.096661 -79.049461 172.446762 28.568190 50.545246 -1.111566 0.336140 -12.418629 -42.608753 16.638365 -0.282981 4.937235 17.575161 78.363647 -163.580734 -13.780486 -44.213627 -18.355774 -4.697426 14.974401 -58.808990 -18.830521 9.564058 -0.209965 
-816.941467 32.859959 1457.113037 180.000000 -78.947319 180.000000 90.106987 -1.601449 87.572197 173.021790 -0.666917 150.317352 -0.233432 3.526254 -63.856369 -9.785173 -2.570422 93.465080 0.000005 0.003104 21.488230 -165.890732 6.095870 150.043121 2.797068 -2.912783 -63.344528 3.194090 0.838377 89.060661 -0.000011 -0.003106 21.483986 0.564418 0.209916 8.054845 1.448510 0.188994 7.766967 -0.869897 0.083641 6.201351 -1.098517 -3.518095 5.101797 3.822824 0.138330 -16.619642 5.818323 -79.563980 172.626266 28.258926 49.278896 -2.089152 0.799290 -12.405089 -44.011879 16.567804 -0.450707 4.768089 16.062506 78.272873 -165.152863 -13.378088 -45.020386 -17.771605 -4.564163 14.439566 -59.281586 -19.593081 9.041418 -0.635750 
-818.702332 32.634411 1456.580322 180.000000 -78.990814 180.000000 90.006462 -1.912726 88.260818 172.609070 -0.721916 152.016281 0.406408 3.263104 -62.742004 -10.398262 -2.202683 94.948875 0.000006 0.003105 21.488783 -165.878754 6.612725 149.384186 3.399692 -2.870518 -63.922009 3.152897 1.165266 88.335327 -0.000011 -0.003105 21.480719 0.676995 0.184909 8.100303 1.654259 0.001919 7.831549 -1.189899 -0.178889 6.476474 -1.322911 -3.617537 4.427848 4.769992 -0.293216 -17.793253 7.936828 -79.965065 170.375732 29.485767 47.997288 -1.596874 0.892297 -12.400014 -44.508877 16.143354 -0.873883 4.491044 15.504402 78.218719 -165.780594 -14.029749 -46.318005 -15.431362 -4.283253 13.602119 -58.999813 -20.420935 8.763463 -0.995524 
-820.269470 32.400993 1456.063599 180.000000 -78.889992 180.000000 89.889038 -2.056897 88.527847 171.908859 -0.939437 153.177795 0.612646 3.151832 -62.357998 -11.195615 -1.986917 96.195633 0.000005 0.003105 21.489363 -165.663589 6.764183 148.556885 3.724534 -2.868360 -63.880119 3.127774 1.291870 87.658989 -0.000011 -0.003105 21.477240 0.744622 0.110472 8.123275 1.820645 -0.267152 7.874197 -1.446882 -0.400090 6.622157 -1.456308 -3.917837 4.250197 5.449780 0.050920 -18.804447 9.880772 -80.117691 168.304169 30.657597 47.067245 -1.065051 0.945236 -12.435390 -44.706646 15.326836 -0.894416 4.200264 15.131317 78.157669 -166.234070 -15.110485 -48.116188 -12.879095 -4.201000 12.930524 -59.317520 -21.070105 8.597016 -1.407461 
-821.711243 32.171394 1455.519775 180.000000 -78.653923 180.000000 89.848068 -2.258809 88.654449 171.443741 -1.076459 153.187271 0.902924 3.135642 -62.050442 -11.590396 -1.966213 96.915970 0.000005 0.003105 21.489103 -165.601227 6.848492 148.511490 3.732579 -2.951941 -64.276787 3.000926 1.157290 87.179924 -0.000012 -0.003104 21.475389 0.779517 0.040302 8.095086 1.917633 -0.369329 7.935215 -1.576642 -0.532436 6.642040 -1.617179 -4.094526 4.195116 5.740077 0.164972 -19.107622 11.865926 -80.020309 166.224609 31.125303 45.801083 -1.047418 0.849112 -12.303006 -44.195244 14.971770 -0.558966 3.939435 14.769146 78.113182 -166.630630 -15.307602 -48.925861 -11.634680 -4.020895 12.470877 -58.883926 -21.691315 8.923853 -1.818205 
-823.052246 31.942993 1454.966187 180.000000 -78.386948 180.000000 89.718475 -1.693589 87.800751 171.908997 -1.290027 150.736618 1.512410 3.122429 -60.977520 -10.724730 -2.295753 96.636719 0.000005 0.003105 21.487505 -166.030502 7.073428 150.165634 3.441747 -2.957189 -65.268532 2.615538 1.114857 87.261703 -0.000011 -0.003104 21.476519 0.802853 0.056860 8.011608 1.787061 -0.183762 8.068030 -1.571968 -0.431006 6.676741 -2.200439 -3.571522 3.905977 5.598332 -0.644803 -19.270588 13.829695 -79.858665 164.190689 30.591093 44.419930 -1.414322 0.252499 -12.057273 -42.577347 15.329860 -0.108902 3.559134 15.300212 78.075836 -166.018219 -14.876749 -48.102291 -11.880750 -3.354548 12.536627 -56.238754 -22.505466 9.551663 -2.071463 
-824.205994 31.703028 1454.493408 180.000000 -78.232765 180.000000 89.317390 -0.847203 86.945274 172.345459 -1.162697 148.060303 1.645071 3.127682 -59.390457 -9.299466 -2.810117 95.638084 0.000004 0.003105 21.485334 -166.154373 6.612496 151.814423 2.730697 -2.997070 -65.325813 2.555553 0.996427 87.713371 -0.000010 -0.003103 21.477770 0.753775 0.108684 7.901866 1.548694 0.112761 8.109755 -1.522843 -0.245407 6.682907 -2.190418 -2.989700 3.996260 5.519664 -0.970430 -19.636757 15.676720 -79.684959 162.330353 30.518141 44.208691 -1.022912 -0.248022 -11.969392 -41.554649 15.472221 -0.072961 3.307611 14.910028 78.072090 -166.310104 -14.228465 -47.114857 -12.201726 -2.785213 12.827375 -53.444965 -22.906000 9.876307 -1.992522 
-825.228149 31.440596 1454.111206 180.000000 -78.221497 180.000000 89.259132 3.497682 90.885399 172.165588 -1.162721 147.208023 1.711482 3.143260 -58.665653 -8.715443 -2.997137 95.424057 0.000003 0.003104 21.484285 -165.895691 6.258642 152.591583 2.233317 -3.010699 -64.800880 2.580817 0.771323 88.044014 -0.000010 -0.003103 21.477301 0.675523 0.115193 7.874528 1.362768 0.148300 8.034016 -1.467366 -0.229080 6.646653 -1.825348 -2.862158 4.144196 5.619166 -0.755290 -19.858551 15.895714 -79.527443 162.099991 30.663157 44.409584 -0.869943 -0.313296 -12.051547 -41.529755 15.657180 -0.296674 3.061153 13.828465 78.089905 -167.370148 -14.075089 -46.976402 -11.865033 -2.634973 12.853237 -52.960457 -23.012409 10.152754 -1.881456 
-826.221741 31.176413 1453.734253 180.000000 -78.228897 180.000000 89.215157 3.543241 91.221558 171.886749 -1.259967 147.384262 1.750372 3.182615 -58.068127 -8.703819 -2.892089 95.559914 0.000003 0.003104 21.483875 -165.583115 5.829309 152.890488 1.899744 -2.998811 -64.260452 2.522803 0.552898 88.234627 -0.000010 -0.003103 21.476164 0.619686 0.109476 7.904026 1.268296 0.080319 7.907141 -1.414459 -0.302688 6.597704 -1.381661 -2.917904 4.406945 5.640528 -0.479710 -19.636629 15.012656 -79.461632 162.990768 31.100107 44.493362 -0.573749 -0.153032 -12.169377 -41.968437 15.622551 -0.681988 2.872842 13.456899 78.143982 -167.748398 -14.302973 -47.458809 -11.369199 -2.694149 12.795147 -53.618610 -22.925247 10.396794 -1.761709 
-827.226624 30.929729 1453.343018 180.000000 -78.220947 180.000000 89.281631 3.398122 91.474236 171.790924 -1.469648 147.763870 1.683407 3.231446 -57.780289 -8.628170 -2.643680 95.497108 0.000003 0.003105 21.483414 -165.261520 5.353737 153.043411 1.748887 -3.027821 -64.061806 2.483769 0.378333 88.416039 -0.000010 -0.003103 21.474724 0.588566 0.110001 7.956902 1.163725 -0.079287 7.738111 -1.318437 -0.371061 6.616800 -0.842400 -2.853594 4.612973 5.343265 -0.272105 -19.109917 13.332028 -79.336029 164.715988 31.613142 44.778027 -0.405076 0.156345 -12.411232 -42.670418 15.364532 -1.284371 2.769346 13.578799 78.109619 -167.602936 -14.571011 -47.777069 -11.023129 -2.906509 12.743150 -54.593948 -22.614452 10.608788 -1.465132 
-828.242859 30.721437 1452.944458 180.000000 -78.234169 180.000000 89.535995 3.063337 91.794304 171.936050 -1.643563 148.361557 1.509332 3.310651 -57.827957 -8.688358 -2.293022 95.115929 0.000004 0.003105 21.483295 -164.791275 4.800282 153.489563 1.981701 -3.133269 -63.575993 2.089333 0.314763 88.880783 -0.000011 -0.003103 21.474075 0.561777 0.152125 8.061681 1.046043 -0.385939 7.453409 -1.243188 -0.437122 6.720270 -0.208937 -2.589579 4.886416 4.907061 -0.386251 -18.085360 11.052796 -79.108078 167.080139 33.164658 45.298664 0.500576 0.582433 -12.837466 -43.603680 14.997069 -2.054448 2.841824 14.824276 78.024414 -166.314606 -14.818607 -47.843628 -10.962362 -3.287356 12.790864 -56.111160 -21.930840 10.707060 -0.969170 
-829.292114 30.538883 1452.537598 180.000000 -78.319687 180.000000 89.817436 2.632046 92.631432 171.649078 -1.836155 149.676971 1.324464 3.459835 -59.031982 -9.291017 -2.040403 95.076126 0.000004 0.003105 21.483887 -163.920181 4.163381 153.685120 2.242042 -3.308520 -62.202541 1.646215 0.119154 90.908607 -0.000011 -0.003103 21.473951 0.517158 0.200362 8.176643 0.865039 -0.824328 6.963317 -1.182438 -0.672949 6.761754 0.804953 -2.437092 5.229787 4.526120 -0.572988 -16.864677 8.498919 -78.828537 169.699844 34.989319 46.008186 1.692805 1.141474 -13.375244 -45.260303 14.474753 -2.879812 2.771866 16.709156 78.228943 -164.482452 -15.222001 -48.567089 -10.610373 -3.774418 12.766674 -58.490498 -21.459658 10.415433 -0.597392 
-830.346558 30.345785 1452.090698 180.000000 -78.445045 180.000000 90.133308 2.017525 93.776260 170.741653 -2.152166 152.826355 1.265500 3.504655 -61.281296 -10.442279 -1.563085 95.505966 0.000004 0.003105 21.485312 -162.724869 3.473511 152.863922 2.944938 -3.315207 -61.173847 1.213222 -0.400885 91.097572 -0.000012 -0.003104 21.473194 0.549116 0.213218 8.323139 0.781552 -1.342735 6.349243 -1.364362 -1.004071 6.568508 1.997389 -2.479983 5.755889 4.907701 -0.779872 -15.525781 5.508580 -78.470345 172.728271 35.578739 46.446465 1.508136 2.144490 -13.925433 -48.382324 13.921203 -3.818531 2.616258 17.175720 78.634171 -164.230576 -15.474063 -49.765041 -10.193069 -4.491745 12.881327 -61.381199 -20.902933 9.927654 -0.431947 
-831.377136 30.149231 1451.584351 180.000000 -78.526299 180.000000 90.384430 1.398699 94.617935 170.003204 -2.387002 155.446854 1.508467 3.539444 -62.427528 -11.072807 -1.099369 95.828087 0.000004 0.003105 21.485369 -161.905579 3.270803 152.464188 3.793290 -3.249066 -60.054478 0.757221 -0.843103 91.176987 -0.000013 -0.003104 21.471725 0.579291 0.160697 8.457740 0.784772 -1.672956 5.970439 -1.649692 -1.130547 6.482833 2.748963 -2.226698 6.069407 5.269905 -0.916780 -14.359493 3.826000 -78.169312 174.448471 35.560440 47.115608 0.813230 3.237288 -14.419333 -50.998188 13.790115 -4.407164 2.573094 15.807883 78.875015 -165.759399 -15.304592 -49.745823 -10.215692 -5.042374 13.057186 -63.769772 -20.533766 9.672297 -0.218992 
-832.380859 29.945637 1451.074219 180.000000 -78.589264 180.000000 90.402832 1.552434 94.409721 169.943970 -2.610941 154.631516 1.410665 3.608930 -61.510189 -10.999414 -1.089763 95.548378 0.000004 0.003105 21.484327 -161.841980 3.127477 152.454773 3.862584 -3.240844 -58.859570 0.865332 -0.908619 91.205696 -0.000013 -0.003104 21.472916 0.598191 0.129195 8.482057 0.696002 -1.600600 6.034263 -1.623418 -1.016599 6.448647 2.902485 -1.559013 6.212080 5.548581 -1.374960 -13.634738 3.859332 -77.952835 174.492752 35.802395 47.973698 0.788733 3.571770 -14.442506 -51.771099 14.325730 -4.720057 2.870791 13.835825 78.835052 -167.740250 -15.194489 -48.989613 -10.580217 -5.222723 13.392137 -64.008148 -20.574450 9.750800 0.046603 
-833.342346 29.758373 1450.649780 180.000000 -78.716858 180.000000 90.243446 2.041613 93.922356 170.352219 -2.704672 152.447525 1.020973 3.724952 -59.852726 -10.401411 -1.295353 94.824814 0.000004 0.003105 21.482683 -161.988358 2.969389 152.895340 3.585888 -3.272594 -58.317066 1.060295 -0.898918 91.084930 -0.000013 -0.003103 21.474432 0.597238 0.094378 8.436049 0.675147 -1.321658 6.236897 -1.416475 -0.815886 6.407788 2.954508 -1.015190 6.212166 5.865341 -1.488621 -13.301041 4.706492 -77.867676 173.720612 36.040726 48.615936 0.879792 3.629189 -14.180486 -51.842457 15.149039 -4.413117 3.220750 12.109451 78.675575 -169.411133 -14.947373 -48.273369 -11.004613 -5.105734 13.574789 -62.974792 -20.963392 9.953777 0.193364 
-834.289429 29.599112 1450.318848 180.000000 -78.898506 180.000000 90.152046 2.101220 93.682663 170.541092 -2.770010 151.591751 0.751293 3.779925 -59.014797 -10.027761 -1.346453 94.447388 0.000003 0.003105 21.481359 -161.948822 2.789465 153.355423 3.416623 -3.277077 -58.041611 1.134223 -0.974161 90.946724 -0.000013 -0.003103 21.474922 0.609893 0.072191 8.433178 0.708906 -1.111917 6.269325 -1.222976 -0.630049 6.355497 3.298921 -0.760572 6.058135 5.991578 -1.282284 -12.847535 4.886816 -77.804062 173.611740 35.981243 49.090847 0.693923 3.766844 -13.934326 -52.215576 15.599912 -4.015956 3.448365 11.473974 78.576004 -170.000000 -15.032313 -47.853104 -11.131493 -4.936439 13.720032 -62.126503 -21.130554 10.127120 0.243333 
-835.266113 29.460463 1450.025513 180.000000 -79.092422 180.000000 90.079628 2.090356 93.398102 170.660477 -2.818598 150.845032 0.517113 3.820801 -58.436966 -9.781888 -1.405056 94.098122 0.000003 0.003105 21.479959 -162.060944 2.578939 153.832977 3.290889 -3.366281 -57.633480 1.159779 -1.018784 90.875748 -0.000013 -0.003103 21.475195 0.600531 0.045925 8.439734 0.740484 -0.927972 6.326711 -1.048061 -0.450218 6.351698 3.574593 -0.513860 5.899516 6.044041 -1.175381 -12.632026 4.984110 -77.700645 173.561279 35.747124 49.368935 0.445092 3.832074 -13.773307 -52.429043 16.090654 -3.475075 3.751019 11.219339 78.460129 -170.212128 -15.302367 -47.351807 -11.236646 -4.799527 13.862136 -61.540562 -21.284975 10.280706 0.252808 
-836.269592 29.334435 1449.760010 180.000000 -79.319160 180.000000 89.994545 2.279776 92.897018 170.929779 -2.678281 148.894638 0.263143 3.858592 -57.743011 -9.328023 -1.526306 93.345589 0.000003 0.003104 21.478489 -162.503708 2.580151 154.544022 3.036202 -3.525466 -57.146667 1.212017 -0.994124 90.808937 -0.000012 -0.003103 21.475529 0.591223 0.000405 8.411560 0.802139 -0.768133 6.596036 -0.912529 -0.255261 6.439427 3.397201 -0.115216 5.671589 5.962749 -1.335870 -12.889233 5.266913 -77.562080 173.304642 35.246330 49.423557 -0.008975 3.719965 -13.542250 -52.165787 16.696327 -2.761215 4.104115 11.013946 78.243950 -170.339859 -15.578720 -46.420593 -11.737809 -4.776568 14.081849 -61.249088 -21.712421 10.570754 0.234935 
-837.280945 29.202377 1449.540405 180.000000 -79.625381 180.000000 89.969574 2.442192 92.309219 171.060730 -2.535816 146.664078 0.137700 3.856193 -57.179771 -8.748752 -1.756651 92.592140 0.000003 0.003104 21.476994 -163.057434 2.962649 155.375763 2.935244 -3.649221 -56.347851 1.341331 -0.867194 90.789505 -0.000012 -0.003103 21.475641 0.569338 -0.037207 8.392066 0.904737 -0.610274 6.857866 -0.809397 -0.096133 6.518760 2.974326 0.277260 5.450818 5.748630 -1.239715 -13.322318 5.722662 -77.506813 172.858154 34.475765 49.334545 -0.613748 3.503157 -13.260886 -51.558769 17.078711 -2.011488 4.432163 10.924960 78.076187 -170.335251 -15.757370 -45.297157 -12.309512 -4.640662 14.342743 -60.561035 -22.123468 10.754635 0.161328 
-838.292908 29.056355 1449.367798 180.000000 -80.048012 180.000000 90.054924 2.589405 91.769272 171.155853 -2.498024 145.100601 0.031581 3.834770 -56.882954 -8.158368 -1.878783 92.203621 0.000003 0.003103 21.475721 -163.316849 3.339871 156.036011 2.805742 -3.711341 -55.422218 1.657929 -0.859276 90.773933 -0.000012 -0.003103 21.475746 0.576901 -0.041325 8.389512 0.991872 -0.468227 7.000146 -0.703699 0.008328 6.612772 2.736967 0.393584 5.358470 5.533884 -1.066085 -13.721019 5.761787 -77.561394 172.811859 34.030735 49.160900 -0.908459 3.326640 -13.012134 -51.123062 17.306278 -1.366228 4.724982 10.972535 78.027847 -170.225052 -15.802041 -44.408497 -12.592669 -4.366685 14.588853 -59.643204 -22.370171 10.869226 0.064892 
-839.285767 28.892937 1449.239990 180.000000 -80.580254 180.000000 90.172661 2.579177 91.376534 171.240616 -2.481069 144.371490 -0.094485 3.827605 -57.173172 -7.894686 -1.944709 92.090683 0.000003 0.003103 21.474695 -163.563400 3.387784 156.465210 2.591260 -3.755446 -54.539856 2.100167 -0.961322 90.716438 -0.000011 -0.003103 21.475630 0.596546 -0.042967 8.406426 1.019222 -0.353281 7.039941 -0.589864 0.038939 6.669414 2.903070 0.435233 5.212090 5.458830 -0.937789 -14.049687 5.185629 -77.629356 173.392593 33.691185 49.265892 -1.257198 3.336067 -12.799404 -51.163963 17.542095 -1.044413 4.862593 10.444091 78.108269 -170.742233 -15.801242 -43.791553 -12.567246 -4.087276 14.749009 -59.033375 -22.640797 10.941550 -0.138913 
-840.287903 28.715015 1449.146118 180.000000 -81.193283 180.000000 90.291908 2.540303 91.169754 171.458450 -2.382444 143.859177 -0.314031 3.866576 -58.009155 -7.789052 -1.998095 91.972580 0.000003 0.003103 21.473839 -163.816925 3.258859 156.948517 2.359939 -3.828475 -53.753796 2.549404 -1.063261 90.519463 -0.000011 -0.003103 21.475437 0.628250 -0.042823 8.436950 1.008418 -0.241669 7.037982 -0.451225 0.029983 6.723015 3.195588 0.491229 5.246804 5.417453 -0.988633 -14.355889 4.502914 -77.684059 174.078690 33.301571 49.418888 -1.626467 3.393158 -12.598924 -51.191814 17.943163 -0.693590 4.975864 9.759544 78.206833 -171.433685 -15.802497 -43.428406 -12.497182 -3.850822 14.781668 -58.592506 -22.854410 11.039478 -0.322327 
-841.305420 28.520956 1449.077148 180.000000 -81.878189 180.000000 90.407631 2.749776 90.896141 171.800140 -2.316909 143.042542 -0.602191 3.876675 -58.838245 -7.598331 -2.077954 91.809326 0.000003 0.003102 21.472923 -164.174286 3.155811 157.604843 2.143370 -3.885004 -53.190536 2.963458 -1.167007 90.256073 -0.000011 -0.003103 21.475178 0.669624 -0.054286 8.468509 0.980081 -0.111130 7.083949 -0.312154 0.056193 6.768066 3.370222 0.577835 5.317601 5.508504 -1.130843 -14.648420 4.065936 -77.725662 174.505280 32.964115 49.517796 -1.817104 3.309930 -12.354275 -50.772591 18.512615 -0.370950 5.132486 8.837883 78.261787 -172.343979 -15.757897 -43.023678 -12.575568 -3.659345 14.718886 -58.207245 -23.168137 11.310544 -0.400790 
-842.314819 28.303463 1449.040283 180.000000 -82.650406 180.000000 90.491310 2.957373 90.602180 172.191620 -2.374417 142.070267 -0.923439 3.853954 -59.641018 -7.345305 -2.184664 91.810509 0.000003 0.003102 21.472187 -164.640884 3.148458 158.344391 1.906282 -3.906819 -52.812035 3.391729 -1.287559 89.702698 -0.000010 -0.003103 21.474964 0.705462 -0.079613 8.486504 0.985261 0.024330 7.138151 -0.160855 0.091660 6.813782 3.322781 0.698660 5.283504 5.722158 -1.220983 -14.881564 3.783035 -77.773170 174.772125 32.621872 49.454189 -1.958704 3.162483 -12.053940 -50.172810 19.146748 -0.145895 5.346807 7.704696 78.272736 -173.457596 -15.603292 -42.618317 -12.824368 -3.536664 14.719098 -57.881630 -23.477812 11.726827 -0.353946 
-843.293884 28.057278 1449.028198 180.000000 -83.493675 180.000000 90.520706 2.854993 90.364845 172.491013 -2.482855 141.365402 -1.229317 3.840882 -60.519386 -7.230506 -2.252514 91.918686 0.000003 0.003101 21.471575 -164.972794 3.315724 159.038498 1.643373 -3.902367 -52.583939 3.822789 -1.483407 89.744492 -0.000010 -0.003103 21.474905 0.732055 -0.100502 8.491753 1.029944 0.124162 7.162117 0.001289 0.110258 6.892510 3.220856 0.763463 5.186109 5.832479 -1.092239 -15.069530 3.278688 -77.851028 175.269455 32.189869 49.271660 -2.112736 2.978561 -11.724768 -49.510441 19.555773 -0.016465 5.568856 6.800357 78.263351 -174.349854 -15.350542 -42.388359 -13.265427 -3.446414 14.749781 -57.598804 -23.590715 12.107851 -0.266162 
-844.252319 27.786640 1449.025879 180.000000 -84.390167 180.000000 90.506874 2.550557 90.134834 172.620789 -2.659935 141.020569 -1.469627 3.821714 -61.339329 -7.220425 -2.276631 91.914124 0.000003 0.003101 21.471184 -165.342148 3.534189 159.640182 1.467170 -3.888000 -52.309826 4.206702 -1.662003 89.773048 -0.000010 -0.003103 21.474854 0.747834 -0.114325 8.486141 1.114434 0.197681 7.175768 0.161284 0.098917 6.944108 3.125523 0.743469 5.153770 5.830343 -0.756183 -15.169465 2.542053 -77.958298 176.015228 31.800720 48.983852 -2.084348 2.820828 -11.379086 -49.036739 19.775991 0.149173 5.844303 6.582717 78.204666 -174.561920 -15.357625 -42.372257 -13.457667 -3.354224 14.762696 -57.356857 -23.558273 12.468238 -0.275466 
-845.229797 27.499142 1449.026489 180.000000 -85.320137 180.000000 90.355873 -0.423358 87.367645 172.566406 -2.869698 141.009186 -1.710237 3.800075 -61.896618 -7.297028 -2.283142 91.826721 0.000003 0.003101 21.470997 -165.721130 3.824379 160.044662 1.333028 -3.879287 -52.241619 4.578899 -1.832299 89.729973 -0.000010 -0.003104 21.474745 0.753095 -0.131046 8.462265 1.215248 0.251625 7.191702 0.345740 0.053512 6.977360 3.067364 0.724991 5.157101 5.843816 -0.460663 -15.197686 1.526514 -78.070213 177.036194 31.367935 48.684834 -2.068168 2.709550 -11.035522 -48.792286 19.991222 0.291327 6.118193 6.896724 78.172043 -174.251404 -15.436235 -42.529369 -13.463660 -3.313132 14.832534 -57.307804 -23.401987 12.761352 -0.449843 
-846.264832 27.203836 1449.021484 180.000000 -86.262306 180.000000 90.333435 -0.900138 87.300964 172.469604 -3.077953 140.997208 -1.908400 3.773996 -61.952053 -7.365708 -2.249921 91.789452 0.000003 0.003100 21.470861 -166.099121 4.205286 160.327209 1.174696 -3.852785 -52.507626 5.001877 -1.919612 89.635887 -0.000010 -0.003104 21.474382 0.756135 -0.168995 8.412310 1.315995 0.307820 7.220676 0.550693 0.017245 6.994917 3.041873 0.779848 5.240122 6.085058 -0.237480 -15.222075 0.403888 -78.159409 178.170898 30.833344 48.630871 -2.258993 2.612378 -10.737005 -48.593151 20.341055 0.241026 6.342432 7.097869 78.185555 -174.063263 -15.234123 -42.674362 -13.680726 -3.385261 14.934275 -57.337425 -23.149321 13.125895 -0.557732 
-847.363403 26.908752 1449.011719 180.000000 -87.199203 180.000000 90.351814 -1.291626 87.281128 172.426453 -3.236933 140.836182 -2.041764 3.737623 -61.603371 -7.319204 -2.199553 91.792938 0.000003 0.003100 21.470699 -166.472214 4.760534 160.568558 1.004283 -3.822819 -52.943420 5.385985 -1.905728 89.541039 -0.000010 -0.003104 21.473701 0.773356 -0.222546 8.359615 1.414672 0.387316 7.274615 0.767045 0.004237 7.029861 3.037011 0.927857 5.316647 6.484849 -0.094393 -15.287055 -0.383868 -78.253021 178.972336 30.408442 48.712406 -2.499911 2.502554 -10.458471 -48.359539 20.795795 -0.069206 6.504311 7.005311 78.180496 -174.168762 -14.863679 -42.769245 -13.983431 -3.470581 15.028687 -57.225887 -22.930857 13.608151 -0.572903 
-848.507568 26.617722 1449.010986 180.000000 -88.129250 180.000000 90.362343 -1.544607 87.338776 172.507629 -3.255549 140.631271 -2.197928 3.716366 -61.182934 -7.249101 -2.185984 91.924225 0.000003 0.003100 21.470545 -166.867096 5.272817 160.773514 0.964043 -3.789805 -53.658211 5.749181 -1.922481 89.497597 -0.000010 -0.003104 21.472975 0.788256 -0.293358 8.310124 1.511401 0.504986 7.367183 0.962992 0.018379 7.041100 2.954640 1.171874 5.371605 6.764732 0.124502 -15.335601 -0.701486 -78.330574 179.281067 30.062605 48.936287 -2.560152 2.388973 -10.181890 -48.115154 21.304012 -0.344663 6.662759 6.660604 78.114021 -174.527008 -14.368074 -42.737217 -14.392614 -3.423317 15.148785 -56.757179 -22.891521 14.128060 -0.557967 
-849.673584 26.332680 1449.039673 180.000000 -89.035507 180.000000 90.318520 -1.713858 87.321640 172.574402 -3.172550 140.445999 -2.258895 3.682642 -60.993572 -7.120978 -2.162004 92.105591 0.000003 0.003100 21.470434 -167.180923 5.720913 160.914963 0.947286 -3.759611 -54.473827 6.055866 -1.913622 89.423363 -0.000010 -0.003103 21.472500 0.788737 -0.361610 8.264575 1.584375 0.649926 7.491379 1.154769 0.017444 7.039703 2.940042 1.425429 5.417871 7.089687 0.201266 -15.393446 -0.613567 -78.399040 179.187958 29.460644 49.330711 -2.887694 2.282390 -9.987486 -47.858444 21.791626 -0.531456 6.856070 6.349710 78.016800 -174.858871 -13.795438 -42.672047 -14.870744 -3.276974 15.288148 -56.058174 -23.016781 14.454162 -0.577734 
-850.860596 26.058218 1449.106079 180.000000 -89.868767 180.000000 90.244995 -1.790901 87.262222 172.570694 -3.121866 140.338135 -2.247603 3.663700 -61.094788 -6.945449 -2.106785 92.240959 0.000003 0.003100 21.470438 -167.390259 6.069943 161.222076 0.970496 -3.743359 -55.460445 6.336689 -1.881811 89.328537 -0.000010 -0.003103 21.472265 0.779965 -0.406677 8.204391 1.657080 0.775458 7.594792 1.338572 0.027826 7.047231 2.942667 1.602014 5.391386 7.323846 0.261611 -15.447874 -0.331184 -78.455482 178.898727 28.774830 49.738708 -3.382634 2.166873 -9.855191 -47.502403 22.181917 -0.592318 6.986095 6.266543 77.953079 -174.963959 -13.461356 -42.613506 -15.088669 -3.103511 15.377446 -55.330269 -23.111532 14.681517 -0.532909 
-852.069946 25.791052 1449.203003 0.000000 -89.229492 0.000000 90.165848 -1.790662 87.139786 172.533569 -3.183912 140.345871 -2.249136 3.664638 -61.154575 -6.808142 -2.016761 92.418701 0.000004 0.003099 21.470455 -167.515884 6.271138 161.473892 1.020271 -3.753342 -56.680428 6.559803 -1.898964 89.225105 -0.000009 -0.003103 21.471865 0.766255 -0.440871 8.141481 1.722993 0.889278 7.659767 1.515551 0.066644 7.037945 2.956247 1.751875 5.330162 7.513602 0.300784 -15.429887 0.060718 -78.442337 178.499863 27.875067 50.197998 -4.113432 2.062686 -9.750417 -47.065826 22.498575 -0.569451 7.084533 6.209018 77.956467 -175.044922 -13.154223 -42.572514 -15.285906 -2.960680 15.440260 -54.792824 -23.161037 14.905840 -0.451651 
-853.301331 25.527748 1449.325684 0.000000 -88.430016 0.000000 90.093117 -1.918945 87.079948 172.508911 -3.262533 140.472656 -2.227322 3.642647 -60.914547 -6.633570 -1.880290 92.517220 0.000004 0.003099 21.470545 -167.563034 6.417245 161.653961 1.076913 -3.757488 -57.852375 6.766928 -1.925633 89.079979 -0.000009 -0.003103 21.471161 0.761172 -0.484684 8.100183 1.785626 0.984162 7.690448 1.698509 0.117545 7.029887 2.967467 1.951705 5.316560 7.837909 0.351211 -15.361812 0.402088 -78.373932 178.147766 26.919174 50.652981 -5.102768 2.008642 -9.648762 -46.646461 22.842966 -0.498851 7.122423 5.960667 77.957031 -175.309326 -12.796733 -42.529610 -15.663297 -2.837268 15.480900 -54.231277 -23.140911 15.127615 -0.390470 
-854.564392 25.272060 1449.478882 0.000000 -87.677292 0.000000 90.059654 -2.236420 87.123505 172.297287 -3.292715 140.940338 -2.129256 3.586272 -60.645622 -6.398196 -1.664557 92.573433 0.000004 0.003099 21.470915 -167.513138 6.505168 161.547852 1.116621 -3.699991 -58.371532 6.919774 -1.954728 88.639557 -0.000009 -0.003103 21.470373 0.769572 -0.544920 8.080011 1.801802 1.073520 7.692129 1.818589 0.183153 7.073800 3.030167 2.165094 5.582477 8.214984 0.505625 -15.435672 0.976453 -78.247200 177.550262 26.247190 50.944416 -6.100093 2.021780 -9.574612 -46.534023 23.140505 -0.390384 7.077348 5.459090 77.893410 -175.816376 -12.289115 -42.622917 -16.212181 -2.752577 15.515250 -53.803654 -22.983591 15.307951 -0.344748 
-855.846436 25.033119 1449.658813 0.000000 -86.977417 0.000000 90.084656 -2.658187 87.276909 171.876831 -3.383670 141.628311 -2.163961 3.564562 -60.581738 -6.289689 -1.455936 92.624626 0.000004 0.003099 21.471275 -167.526337 6.547245 161.058319 1.159670 -3.577740 -58.276749 6.938101 -1.921000 88.144241 -0.000009 -0.003103 21.469494 0.780156 -0.605905 8.081628 1.765777 1.127630 7.644005 1.911030 0.231895 7.139387 3.110659 2.352262 6.181121 8.434574 0.843915 -15.468344 1.415269 -78.023315 177.082993 25.635185 50.919617 -7.169134 2.061470 -9.488312 -46.702099 23.426859 -0.261773 7.002880 5.137321 77.842186 -176.129395 -11.816252 -42.871880 -16.951502 -2.762787 15.562655 -53.464973 -22.706694 15.529640 -0.256978 
-857.127380 24.815977 1449.835571 0.000000 -86.341087 0.000000 90.045967 -3.112107 87.416504 171.423019 -3.400767 141.836441 -2.267756 3.558829 -60.554615 -6.258371 -1.360139 92.929817 0.000005 0.003099 21.471148 -167.658020 6.587722 160.469681 1.346465 -3.423417 -58.076004 6.886049 -1.943731 87.866600 -0.000009 -0.003104 21.468695 0.749922 -0.641923 8.071966 1.697740 1.189869 7.539927 1.929899 0.263273 7.199651 2.966881 2.476129 6.660571 8.326859 1.178281 -15.589136 1.904939 -77.886162 176.560074 24.810944 50.957088 -8.317788 2.057503 -9.316931 -46.871986 23.713621 0.097628 7.047433 4.139321 77.819138 -177.105438 -11.616350 -43.224525 -17.413233 -2.744128 15.594612 -52.835682 -22.422249 15.706743 -0.180050 
-858.408813 24.617689 1449.997681 0.000000 -85.769127 0.000000 89.978531 -3.540975 87.571053 171.036774 -3.383926 141.746384 -2.431054 3.510002 -60.895287 -6.429431 -1.338891 93.478577 0.000005 0.003099 21.470760 -167.995575 6.552177 160.101410 1.629866 -3.265222 -57.928902 6.729368 -2.026421 87.742973 -0.000009 -0.003104 21.468281 0.717700 -0.662980 8.034252 1.640419 1.216495 7.460659 1.905396 0.308373 7.245634 2.529620 2.575716 7.152998 7.994898 1.351355 -15.653087 2.309742 -77.785789 176.124908 23.858269 50.653255 -9.483475 2.048794 -9.157147 -46.958061 23.912134 0.532501 7.076873 2.572785 77.762451 -178.626083 -11.332536 -43.178055 -18.082939 -2.670055 15.490355 -51.817970 -22.185102 15.734868 -0.034691 
-859.709717 24.432489 1450.149414 0.000000 -85.215286 0.000000 89.964409 -3.847324 87.741005 170.762680 -3.291544 141.654785 -2.316166 3.423415 -61.164818 -6.491359 -1.337176 93.851357 0.000005 0.003098 21.470221 -168.337402 6.496469 159.807068 1.854991 -3.150973 -57.951283 6.530431 -2.046020 87.571609 -0.000009 -0.003104 21.467625 0.710935 -0.698400 7.978916 1.697771 1.252842 7.445427 1.827843 0.351781 7.270308 1.953317 2.579617 7.644819 7.779664 1.435591 -15.784215 3.048610 -77.667854 175.359833 23.113197 50.040287 -10.345648 2.001862 -9.094392 -46.812748 24.062569 1.002102 7.047440 1.256424 77.572182 -179.908661 -10.903736 -43.144646 -18.536331 -2.430286 15.328894 -50.525990 -22.046011 15.653461 0.044035 
-861.044800 24.245348 1450.305420 0.000000 -84.661118 0.000000 90.053978 -3.984170 87.925568 170.557281 -3.077492 141.614182 -2.038561 3.365973 -61.324085 -6.451471 -1.379458 94.295158 0.000005 0.003098 21.469812 -168.812927 6.425404 159.447800 1.989859 -3.041585 -58.088432 6.343946 -1.987234 87.409515 -0.000009 -0.003105 21.467287 0.709656 -0.737002 7.898819 1.782495 1.308926 7.459864 1.745106 0.351555 7.316368 1.391743 2.580084 8.163838 7.640972 1.484257 -15.856155 4.353391 -77.582314 174.037720 22.370884 49.421223 -11.175795 1.942127 -9.146503 -46.515614 24.298222 1.250944 7.049419 0.601190 77.361725 179.474258 -10.570893 -43.238083 -18.692316 -2.143081 15.175990 -49.356895 -21.863628 15.490467 0.063578 
-862.408325 24.051874 1450.466064 0.000000 -84.107910 0.000000 90.250595 -3.934731 88.214592 170.501099 -2.957994 141.278458 -1.739475 3.332379 -61.689316 -6.441031 -1.515435 94.741798 0.000005 0.003098 21.469460 -169.591095 6.392923 158.990845 2.139778 -2.927737 -58.177780 6.299209 -1.918474 87.231178 -0.000010 -0.003105 21.467285 0.707961 -0.766298 7.818689 1.854197 1.373249 7.536093 1.676884 0.344833 7.317943 0.785735 2.624054 8.631615 7.582232 1.584829 -15.919172 5.710122 -77.472908 172.659134 21.930067 49.063393 -11.624794 1.859224 -9.261631 -46.263901 24.703421 1.327277 7.088584 0.083389 77.167831 179.003693 -10.098414 -43.264233 -18.977575 -1.950384 15.137515 -48.472355 -21.840456 15.426379 -0.004723 
-863.792725 23.855396 1450.642212 0.000000 -83.549461 0.000000 90.436676 -3.734813 88.431465 170.535706 -2.847220 140.679825 -1.462134 3.272729 -62.064594 -6.395713 -1.718139 95.180862 0.000005 0.003098 21.468906 -170.456802 6.434068 158.580200 2.319353 -2.820798 -58.210907 6.296998 -1.842216 86.954865 -0.000010 -0.003106 21.467535 0.708311 -0.795213 7.743223 1.939355 1.457306 7.694175 1.598970 0.342500 7.309128 0.093401 2.765508 9.102384 7.521605 1.729920 -16.083391 6.914847 -77.355820 171.422852 21.751963 48.861076 -11.701601 1.771309 -9.393519 -46.214920 25.147480 1.374585 7.057288 -0.609556 76.953033 178.350113 -9.892688 -43.305466 -19.025871 -1.664813 15.142442 -47.282093 -21.878773 15.571242 -0.042060 
-865.191162 23.659632 1450.847778 0.000000 -82.991844 0.000000 90.538750 -3.487829 88.519455 170.621887 -2.793421 139.820023 -1.210290 3.174524 -62.485359 -6.315930 -1.955818 95.609642 0.000005 0.003098 21.468277 -171.233017 6.477376 158.292282 2.540700 -2.696094 -58.636974 6.209727 -1.789111 86.617943 -0.000010 -0.003107 21.467457 0.712886 -0.842553 7.671856 2.054599 1.539678 7.892473 1.482556 0.360648 7.298366 -0.678773 3.039701 9.554967 7.490000 1.808450 -16.262371 8.177064 -77.195122 170.128967 21.686634 48.638721 -11.638177 1.709491 -9.559960 -46.287682 25.662031 1.406521 7.047956 -1.456327 76.682404 177.550552 -9.878608 -43.363796 -18.859079 -1.330898 15.190593 -46.066723 -21.948870 15.823367 0.027596 
-866.594604 23.463512 1451.090820 0.000000 -82.437958 0.000000 90.513725 -3.275767 88.574379 170.703827 -2.908086 138.964050 -0.981385 3.039372 -63.062157 -6.224552 -2.222773 95.904823 0.000005 0.003098 21.467796 -171.890823 6.564650 158.061905 2.749296 -2.532056 -59.397793 6.137024 -1.791398 86.281166 -0.000010 -0.003107 21.466866 0.713688 -0.893862 7.593928 2.180709 1.578079 8.051976 1.334933 0.399235 7.289057 -1.403709 3.355211 9.980566 7.549743 1.754946 -16.286663 9.461505 -77.011650 168.816956 21.719378 48.496914 -11.537798 1.673649 -9.776795 -46.494282 26.020155 1.451359 7.106718 -2.265455 76.377251 176.804443 -9.945527 -43.401024 -18.660646 -1.017943 15.238746 -44.957542 -22.008228 16.003769 0.187523 
-867.998230 23.268543 1451.363525 0.000000 -81.901070 0.000000 90.417183 -3.119048 88.780365 170.746979 -3.139623 138.429535 -0.827195 2.880347 -63.930882 -6.141299 -2.515292 96.015198 0.000005 0.003098 21.467676 -172.384018 6.673963 157.984619 2.989617 -2.388112 -60.173771 6.106678 -1.913058 86.107544 -0.000010 -0.003108 21.465881 0.697848 -0.946797 7.505347 2.275571 1.574308 8.193324 1.208961 0.437917 7.296830 -1.959670 3.631113 10.453564 7.489258 1.775584 -16.185707 10.513751 -76.823296 167.747253 21.621840 48.558010 -11.546597 1.681968 -9.937479 -46.662830 26.260777 1.422925 7.330652 -2.977657 76.067184 176.154419 -9.907911 -43.472710 -18.682320 -0.813385 15.306817 -44.284809 -21.977938 16.079416 0.354779 
-869.418823 23.075632 1451.668823 0.000000 -81.405083 0.000000 90.276848 -2.920080 89.187271 170.791840 -3.251951 138.279999 -0.841611 2.780924 -65.099976 -6.260679 -2.706023 95.802513 0.000005 0.003098 21.467985 -172.616562 6.856410 157.956268 3.237891 -2.318082 -60.701092 6.033776 -2.103018 86.271751 -0.000010 -0.003109 21.464975 0.683732 -0.985712 7.407683 2.346229 1.509911 8.261905 1.128905 0.483588 7.317856 -2.288755 3.766454 10.927874 7.191761 1.893570 -15.922053 11.084455 -76.593834 167.165665 21.944115 48.877426 -11.011129 1.749481 -10.067846 -46.972622 26.675348 1.320246 7.716590 -3.542395 75.814102 175.619217 -10.148161 -43.608974 -18.502438 -0.638123 15.446060 -44.138344 -21.699072 16.104660 0.606881 
-870.884888 22.896149 1451.996826 0.000000 -80.979134 0.000000 89.626747 -2.721354 89.279625 170.840515 -3.286918 138.557983 -0.807811 2.763127 -66.383743 -6.686809 -2.804918 95.240738 0.000005 0.003098 21.468525 -172.624649 7.086273 157.950989 3.277434 -2.313504 -60.937748 5.778101 -2.293961 86.605606 -0.000010 -0.003109 21.464775 0.655832 -0.984649 7.322860 2.367395 1.412763 8.303221 1.147959 0.506265 7.335018 -2.367385 3.783440 11.299200 6.696277 2.188639 -15.531732 11.088149 -76.427406 167.157425 22.511776 49.271389 -9.869047 1.794331 -10.138453 -47.121368 27.133247 1.083557 8.235349 -3.367249 75.716194 175.782043 -10.785675 -43.832256 -17.937618 -0.532284 15.612401 -44.630306 -21.018444 16.128908 0.907409 
-872.412415 22.741306 1452.333984 0.000000 -80.631554 0.000000 89.475357 -2.564349 89.915138 170.788528 -3.400101 139.115555 -0.734563 2.861052 -67.687721 -7.399046 -2.865909 94.209152 0.000005 0.003098 21.468943 -172.420364 7.222137 158.326584 2.886218 -2.413698 -60.846813 5.428415 -2.445652 86.912239 -0.000010 -0.003109 21.465141 0.598561 -0.927327 7.263242 2.358936 1.259279 8.348241 1.296527 0.499576 7.317242 -2.149817 3.763183 11.566880 5.940705 2.379847 -15.059049 10.348071 -76.484818 167.924240 23.170097 49.841965 -8.407645 1.825813 -10.077256 -47.007538 27.346802 0.578473 8.830222 -2.551450 75.780479 176.547028 -11.935947 -44.254726 -16.648512 -0.401887 15.814384 -45.514801 -20.181467 16.050074 1.158374 
-874.023438 22.616074 1452.673950 0.000000 -80.330055 0.000000 89.313713 -2.591868 90.366219 170.620636 -3.558532 140.069016 -0.882835 3.062872 -69.486107 -8.176258 -2.633053 92.808311 0.000005 0.003098 21.469412 -171.946365 7.331566 158.775055 2.294077 -2.630220 -60.609867 5.200823 -2.515411 87.155258 -0.000010 -0.003108 21.465872 0.533718 -0.839554 7.250730 2.273379 0.979622 8.312075 1.474596 0.470292 7.297294 -1.410960 3.465552 12.065091 5.008084 2.346936 -14.452291 9.107662 -76.581970 169.221268 24.288372 50.440704 -6.884431 1.902747 -9.911814 -47.013489 27.240124 -0.361986 9.253084 -1.261202 76.044861 177.773239 -12.855009 -44.829086 -15.603281 -0.340008 15.906827 -46.880753 -19.414047 16.019365 1.376029 
-875.711243 22.522978 1453.018433 0.000000 -80.017860 0.000000 89.272087 -2.957631 90.502831 169.922775 -3.493773 141.906265 -1.201940 3.338518 -71.565941 -9.046555 -2.096378 91.165604 0.000006 0.003097 21.469875 -171.231506 7.169878 159.252441 1.593601 -2.972452 -60.045219 5.240835 -2.563172 87.332512 -0.000009 -0.003107 21.465990 0.533313 -0.740990 7.360646 2.083034 0.540577 8.045820 1.560997 0.484658 7.442847 0.012115 3.010846 12.421730 4.273353 2.035357 -13.962875 6.996637 -76.488983 171.397797 25.670221 51.534180 -5.112210 2.048840 -9.700209 -47.042419 27.054850 -1.700426 9.503732 0.314492 76.405373 179.256805 -12.056384 -45.212608 -16.659639 -0.430739 15.875493 -48.602760 -18.785275 15.859159 1.802882 
-877.416260 22.442402 1453.329102 0.000000 -79.649658 0.000000 90.642708 -3.437623 92.053970 168.845337 -2.800365 144.837708 -1.633247 3.573111 -74.558723 -9.478967 -1.940762 86.858154 0.000006 0.003098 21.469568 -170.832626 6.365838 158.973770 0.694201 -3.454881 -58.812653 5.782755 -2.663266 87.387413 -0.000009 -0.003107 21.465763 0.616134 -0.692547 7.562416 1.866633 0.154245 7.595519 1.657235 0.487964 7.521771 1.046671 2.587598 12.523164 4.512060 2.590441 -13.527999 5.786136 -76.316063 172.669281 26.261179 52.737389 -4.377551 2.187053 -9.758556 -47.185127 26.193113 -2.707672 9.907080 1.839117 76.731857 -179.359818 -11.583731 -45.703220 -17.612854 -0.705998 15.485881 -49.741863 -18.419275 15.818239 2.094208 
-879.154602 22.400452 1453.562988 0.000000 -79.244110 0.000000 90.916199 -3.977993 92.451492 167.855927 -2.198568 147.574005 -1.766268 3.657955 -78.036064 -9.761806 -1.758905 84.791702 0.000006 0.003098 21.469923 -170.734207 5.194538 158.609283 0.040019 -3.991144 -57.969463 6.381795 -2.721648 86.961151 -0.000010 -0.003106 21.465336 0.644627 -0.631456 7.672990 1.819248 -0.134163 7.029579 1.622848 0.473779 7.677147 2.037692 2.184495 13.053284 5.195972 3.375783 -12.653187 6.191552 -76.443275 172.307953 26.608051 53.283749 -4.210127 2.201922 -9.845507 -46.557255 24.521133 -3.134494 10.254825 4.723614 76.903923 -176.544601 -12.286357 -46.279079 -16.840084 -0.843729 15.011143 -50.259800 -17.740204 15.739145 1.776388 
-880.988525 22.410826 1453.720825 0.000000 -78.813591 0.000000 90.937675 -4.664837 93.189262 167.255798 -1.747449 149.047913 -1.739112 3.649597 -81.174202 -9.867818 -1.783120 83.688789 0.000005 0.003098 21.471188 -170.627838 4.180400 158.886780 -0.196303 -4.351922 -57.499317 6.617467 -2.739048 86.714401 -0.000010 -0.003106 21.464691 0.626457 -0.557121 7.639323 1.913059 -0.218999 6.607774 1.545266 0.576714 7.876918 2.261954 1.711994 13.628314 5.781229 3.964699 -11.762152 6.402521 -76.614693 172.146896 26.360027 53.537678 -4.262077 2.156422 -9.744179 -45.544266 23.407421 -3.098412 10.406677 6.956631 76.872940 -174.374023 -12.843610 -46.135231 -15.752708 -0.836615 14.733960 -50.629253 -17.139540 15.284128 1.514450 
-882.901184 22.452065 1453.832275 0.000000 -78.393478 0.000000 89.274704 -5.224688 92.041313 167.156479 -1.734029 148.838196 -1.691171 3.672511 -83.270103 -9.705172 -1.905629 82.877289 0.000005 0.003098 21.472683 -170.384552 4.054904 159.986099 -0.188701 -4.500222 -58.069614 6.475036 -2.734208 86.831322 -0.000010 -0.003106 21.464479 0.636354 -0.484930 7.525332 1.997261 -0.173283 6.509140 1.597287 0.742297 7.971115 1.855255 1.515642 13.891819 5.959273 4.362663 -11.493472 6.197797 -76.657341 172.412216 26.487232 53.724625 -3.849796 2.057396 -9.460686 -44.392078 23.222857 -2.768923 10.613740 7.892314 76.946655 -173.458420 -13.370848 -45.505939 -15.069997 -0.835040 14.793579 -50.946213 -17.050396 14.985653 1.487529 
-884.869385 22.503489 1453.928345 0.000000 -78.028961 0.000000 89.136444 -5.493782 92.590660 167.144699 -1.822238 148.072327 -1.773915 3.688822 -84.548698 -9.491994 -2.040088 82.460922 0.000004 0.003098 21.473520 -170.136841 4.261886 160.853165 -0.137382 -4.531215 -58.901390 6.391691 -2.721462 87.194069 -0.000009 -0.003106 21.464506 0.651598 -0.390627 7.457176 1.944956 -0.050953 6.521189 1.652258 0.910671 7.979603 1.515184 1.422403 14.021896 6.005053 4.478953 -11.341794 5.253573 -76.719887 173.448074 26.723700 54.049507 -3.524742 1.985084 -9.200778 -43.586967 23.337877 -2.595203 10.825634 7.700824 77.077316 -173.653580 -13.197549 -44.787796 -15.547914 -0.905358 14.835599 -50.970207 -16.994696 14.915611 1.531988 
-886.830811 22.551388 1454.020020 0.000000 -77.728981 0.000000 89.012268 -5.451225 92.891525 167.331665 -2.040340 146.635025 -2.875142 3.457567 -95.844025 -9.290308 -2.132999 82.396935 0.000004 0.003098 21.474070 -170.078949 4.501419 161.720871 -0.020818 -4.501925 -59.668243 6.347218 -2.736122 87.616684 -0.000009 -0.003107 21.465124 0.661123 -0.270045 7.444259 1.783283 0.119475 6.557898 1.714917 1.097571 8.019842 1.243909 1.308395 14.024483 5.831204 4.428728 -11.203082 3.791551 -76.673470 175.026108 27.147074 54.538212 -3.043655 1.918875 -9.027754 -42.860523 23.568398 -2.559629 10.980498 6.523261 77.251167 -174.814285 -12.463785 -44.028416 -17.100229 -0.984047 15.078832 -50.968803 -16.911161 14.950501 1.643283 
-888.726807 22.591753 1454.112305 0.000000 -77.465424 0.000000 88.896637 -5.075368 93.022011 167.512573 -2.514641 144.601837 -2.846846 3.505833 -95.700287 -9.074121 -2.240096 82.844498 0.000004 0.003097 21.474800 -169.994980 4.985950 162.976868 0.080879 -4.390792 -60.430546 5.988821 -2.709750 88.081367 -0.000009 -0.003107 21.465872 0.635061 -0.115777 7.333596 1.622953 0.294352 6.752588 1.874693 1.236276 7.944717 0.908382 1.297780 13.845264 5.300338 4.674213 -11.132718 2.443433 -76.657913 176.486145 27.160801 54.995438 -2.512296 1.816640 -8.814883 -41.875278 23.897848 -2.398802 11.029015 5.538341 77.444969 -175.758087 -12.391705 -43.318611 -17.951876 -1.062664 15.618601 -51.108681 -16.870338 14.982497 1.609879 
-890.559937 22.617161 1454.215820 0.000000 -77.225800 0.000000 88.792984 -4.344083 93.107651 167.840683 -3.084378 142.867996 -1.391383 3.768985 -84.470711 -8.877017 -2.382875 83.333038 0.000004 0.003097 21.475136 -169.757935 5.441706 164.272278 0.041431 -4.251918 -61.102581 5.560989 -2.667953 88.561577 -0.000009 -0.003107 21.466896 0.608103 0.019407 7.205541 1.495367 0.475905 7.079422 2.071095 1.327185 7.771303 0.524763 1.060787 13.457176 4.554877 4.915430 -11.114793 1.575739 -76.575584 177.431854 26.885370 55.062809 -2.050518 1.696544 -8.591612 -40.847553 24.035065 -2.176250 10.931019 5.323563 77.647606 -175.931290 -13.203664 -42.882530 -17.735214 -1.134070 16.180723 -51.490658 -16.851723 15.039321 1.438830 
-892.379761 22.613520 1454.319458 0.000000 -77.025871 0.000000 88.768532 -3.728063 92.843422 167.935226 -3.524191 141.499939 -0.997448 3.787919 -83.944199 -8.578858 -2.542305 83.585991 0.000004 0.003096 21.475117 -169.550217 5.847384 165.081039 -0.013671 -4.148880 -61.815819 5.307341 -2.685918 88.988007 -0.000009 -0.003107 21.467728 0.575100 0.108133 7.122304 1.454078 0.594736 7.365977 2.243236 1.384934 7.605930 0.063902 0.707457 13.083689 3.983397 5.227299 -10.740519 0.340873 -76.471024 178.753159 26.837284 54.873779 -1.536711 1.606210 -8.341820 -39.990429 24.014460 -1.903762 10.920635 5.682942 77.778023 -175.534821 -13.872182 -42.280270 -17.401655 -1.205147 16.621052 -51.917961 -16.780355 15.171517 1.205333 
-894.208740 22.594864 1454.409546 0.000000 -76.874542 0.000000 88.765167 -3.336575 92.475136 167.949890 -3.712393 140.351562 -0.634750 3.755845 -84.072777 -8.094912 -2.750465 83.696892 0.000004 0.003096 21.475286 -169.459763 6.199779 165.704681 0.046139 -4.089890 -62.689522 5.074684 -2.744166 89.362267 -0.000009 -0.003108 21.468361 0.558347 0.166533 7.058939 1.480397 0.695046 7.651906 2.388511 1.406657 7.482934 -0.522892 0.322345 12.784863 3.529701 5.466351 -10.266212 -0.792256 -76.386467 179.986984 26.855347 54.673504 -1.000264 1.514921 -8.127788 -39.340645 23.878851 -1.495121 11.035994 6.450150 77.868279 -174.757523 -14.301584 -41.653496 -17.092264 -1.252592 16.971420 -52.337410 -16.873106 15.134368 0.940756 
-896.065552 22.560860 1454.496094 0.000000 -76.770927 0.000000 88.779572 -2.937864 92.034340 167.854202 -3.670109 139.504929 -0.337229 3.640247 -84.386299 -7.594090 -3.012650 83.815865 0.000003 0.003096 21.475479 -169.386002 6.379923 166.326141 0.120278 -4.021396 -63.734226 4.871887 -2.831408 89.746017 -0.000009 -0.003108 21.468672 0.537591 0.211974 6.974875 1.604291 0.781000 7.949527 2.521708 1.397995 7.320577 -1.297994 -0.071185 12.492578 3.117193 5.570312 -9.898657 -1.725395 -76.349274 -178.995605 26.709955 54.546741 -0.594305 1.396984 -7.981358 -38.769386 23.780783 -0.845226 11.188966 7.631313 77.817886 -173.584091 -15.150875 -41.066875 -16.134657 -1.281217 17.226784 -52.559937 -17.344637 15.018113 0.729936 
-897.982788 22.515430 1454.596069 0.000000 -76.690865 0.000000 88.765282 -2.593631 91.668282 167.447800 -3.488769 138.876282 -1.398596 3.460010 -96.325867 -7.093949 -3.263670 83.980789 0.000003 0.003096 21.475483 -169.157166 6.571475 166.537247 0.149161 -3.913712 -64.931183 4.715426 -2.841843 90.218552 -0.000009 -0.003108 21.468504 0.500626 0.239627 6.869694 1.761939 0.852413 8.162807 2.618388 1.378760 7.184897 -1.993288 -0.381577 12.207837 2.761096 5.773864 -9.631918 -2.288040 -76.338684 -178.384094 26.320204 54.604435 -0.534488 1.293262 -7.815592 -38.353569 23.906893 0.015980 11.387492 8.716354 77.635597 -172.525787 -15.592122 -40.689129 -15.700429 -1.376028 17.453867 -52.612278 -17.834074 14.687570 0.526252 
-899.965942 22.463625 1454.712524 0.000000 -76.642624 0.000000 88.705444 -2.402605 91.350998 167.008682 -3.175967 138.478592 -1.621868 3.334409 -97.628731 -6.571162 -3.408297 84.143166 0.000003 0.003096 21.475695 -168.966415 6.691254 166.251328 0.227873 -3.740339 -65.667946 4.742944 -2.711010 90.280243 -0.000009 -0.003108 21.467978 0.455078 0.243864 6.769145 1.917886 0.909269 8.314720 2.655163 1.340513 7.089344 -2.520343 -0.528787 11.881279 2.443144 6.047347 -9.521142 -2.058913 -76.289261 -178.598770 25.604061 54.792252 -0.902130 1.217409 -7.681801 -38.067799 23.994024 1.123880 11.564844 9.811138 77.307068 -171.469666 -15.746643 -40.541080 -15.458365 -1.383355 17.644030 -52.222878 -18.179419 14.153098 0.427809 
-902.001770 22.401320 1454.850586 0.000000 -76.629829 0.000000 88.659645 -2.249728 91.024147 166.626556 -2.876500 138.138840 -1.852408 3.176913 -98.798645 -6.077887 -3.552226 84.460876 0.000003 0.003096 21.475866 -168.623184 6.825913 165.988892 0.360679 -3.515538 -66.365166 4.817336 -2.532477 90.054298 -0.000009 -0.003108 21.466938 0.392627 0.243353 6.661825 2.080148 0.974393 8.453521 2.675367 1.309418 6.973166 -3.042160 -0.582751 11.450579 2.125878 6.146046 -9.520101 -1.308168 -76.284233 -179.368896 24.650944 55.065304 -1.811005 1.176087 -7.598327 -37.742805 23.961290 2.205230 11.679436 10.313221 76.914780 -170.997650 -15.784764 -40.580067 -15.378511 -1.303481 17.811392 -51.388382 -18.602232 13.704638 0.218768 
-904.105164 22.323761 1455.022095 0.000000 -76.651787 0.000000 88.608246 -2.240636 90.713676 166.469147 -2.698346 138.070541 -2.175583 3.036851 -99.517731 -5.824407 -3.594787 84.824821 0.000003 0.003096 21.475782 -168.306763 6.878795 165.900208 0.477793 -3.311978 -66.994614 4.977509 -2.360879 89.709053 -0.000009 -0.003108 21.465918 0.344159 0.226323 6.568627 2.195720 1.022225 8.612400 2.669508 1.264151 6.832344 -3.524691 -0.512716 10.936923 2.019627 6.095253 -9.599627 -0.825500 -76.266571 -179.876389 24.004215 55.322567 -2.721666 1.164468 -7.586140 -37.546543 23.920645 3.050021 11.736295 10.674948 76.577682 -170.657455 -16.118988 -40.718346 -15.057833 -1.235398 17.948215 -50.796432 -18.955782 13.413612 0.048940 
-906.253235 22.231806 1455.226074 0.000000 -76.714073 0.000000 88.525818 -2.637675 90.311897 166.384277 -2.616244 138.933014 -2.707714 3.000165 -99.363197 -6.174573 -3.379691 84.912003 0.000004 0.003096 21.476030 -168.033737 6.737526 165.499359 0.532068 -3.166199 -67.493492 5.042874 -2.208799 89.285805 -0.000009 -0.003108 21.465450 0.326255 0.190695 6.550569 2.260013 1.031616 8.710567 2.598455 1.169185 6.730049 -3.824841 -0.471067 10.447080 2.539472 5.892014 -9.746640 -0.999701 -76.180496 -179.725555 24.149992 55.241337 -3.347692 1.216775 -7.545198 -37.838104 24.160660 3.523914 11.794349 10.955995 76.347908 -170.404099 -16.319666 -40.991589 -14.622438 -1.255248 17.782127 -50.940571 -19.181263 13.240887 -0.054133 
-908.387207 22.133181 1455.442993 0.000000 -76.853424 0.000000 88.469391 -3.540244 89.752083 166.291107 -2.381361 140.129044 -3.406652 3.098766 -98.096527 -6.994473 -2.834137 84.727425 0.000005 0.003096 21.477030 -168.066360 6.450257 164.540039 0.493131 -3.146453 -67.403267 5.033936 -2.193209 88.758057 -0.000009 -0.003107 21.465216 0.343693 0.119979 6.678130 2.280459 0.937628 8.589715 2.452383 1.056191 6.795640 -3.840841 -0.598120 10.162471 3.613219 5.578781 -9.828009 -1.820992 -76.076866 -178.901901 24.800516 54.915340 -4.080811 1.344165 -7.637524 -38.600418 24.350172 3.431607 11.690063 11.459460 76.268990 -169.867020 -15.796388 -41.463764 -14.926302 -1.344719 17.427265 -51.563839 -19.028795 13.257125 0.068503 
-910.467834 22.040758 1455.648438 0.000000 -77.069069 0.000000 88.465889 -4.363347 88.599983 166.297394 -1.740358 141.429092 -2.723266 3.631139 -82.055603 -8.101332 -2.076945 84.580818 0.000006 0.003096 21.477911 -168.409958 5.936242 163.642029 0.491322 -3.240499 -67.011940 5.248920 -2.107421 87.959549 -0.000009 -0.003107 21.464571 0.345989 -0.020601 6.948079 2.205361 0.784843 8.341366 2.163306 0.951563 7.086377 -3.591194 -0.791881 10.119396 4.362039 5.215151 -9.782139 -3.325233 -76.069824 -177.424942 25.971327 54.726681 -4.976456 1.564205 -7.878590 -39.521561 24.166605 2.942532 11.385929 11.388936 76.414200 -169.824249 -14.460430 -42.205299 -16.171827 -1.503373 17.161196 -52.560417 -18.746790 13.541559 0.419853 
-912.465454 21.961563 1455.840088 0.000000 -77.335266 0.000000 88.520538 -4.996384 87.529068 166.503006 -1.313747 141.791809 -3.139636 3.686776 -79.315727 -8.965027 -1.631452 84.871292 0.000007 0.003096 21.477983 -168.944305 5.690381 163.145767 0.662578 -3.230183 -67.037590 5.449137 -2.000463 87.431740 -0.000009 -0.003107 21.464407 0.367586 -0.174574 7.192626 2.076253 0.724045 7.998984 2.024994 0.701107 7.422100 -3.603461 -0.990359 9.723630 4.299339 4.734207 -9.684283 -3.960284 -76.093880 -176.799103 27.490992 54.853535 -5.119504 1.672004 -7.970861 -39.701912 24.051394 2.906946 11.191650 10.889576 76.515259 -170.208466 -13.855767 -42.664070 -16.851412 -1.662497 17.245174 -53.144943 -18.786163 13.801124 0.354794 
-914.391235 21.867146 1456.028442 0.000000 -77.610847 0.000000 88.583389 -5.050950 86.666405 166.972229 -1.223381 140.899307 -3.281650 3.578189 -76.508453 -9.181911 -1.614721 85.788147 0.000008 0.003096 21.476439 -169.142624 5.700201 163.572617 0.990296 -3.005193 -67.874626 5.484747 -2.090162 87.664810 -0.000009 -0.003107 21.464111 0.374755 -0.323108 7.315808 2.000357 0.824779 7.898995 2.058049 0.431921 7.477024 -4.436392 -0.765497 8.883221 3.882000 3.942097 -9.810927 -4.468799 -76.076256 -176.251450 27.780277 54.926044 -5.927992 1.724908 -8.105410 -39.456707 24.414803 3.128832 11.370419 9.672364 76.598160 -171.331055 -13.589873 -42.702473 -17.304117 -1.477924 17.646170 -52.252876 -19.369543 13.848321 0.002559 
-916.289062 21.746603 1456.280884 0.000000 -77.843437 0.000000 88.603561 -4.975636 86.133255 167.228668 -0.806546 140.668549 -3.421797 3.400067 -74.759636 -9.214542 -1.940611 86.818649 0.000009 0.003096 21.474236 -169.304474 5.728198 163.309875 1.331741 -2.741140 -68.983353 5.765459 -2.268473 87.482826 -0.000009 -0.003107 21.463089 0.333498 -0.443720 7.314074 1.996123 0.902318 7.981371 1.984855 0.221865 7.505013 -5.306653 -0.690536 8.596263 4.089461 3.539221 -10.024905 -4.075213 -75.937248 -176.630219 27.322578 54.818378 -7.017842 1.776497 -8.274521 -39.919498 25.190191 3.231785 11.442395 8.264597 76.390953 -172.656906 -13.027275 -43.304153 -17.791492 -1.315136 17.890299 -51.551022 -19.515867 13.606813 -0.236825 
-918.211365 21.619709 1456.608154 0.000000 -78.042816 0.000000 88.472336 -4.972373 85.734970 167.262238 -0.338536 141.555038 -3.545747 3.290486 -73.475418 -9.124721 -2.147514 87.679596 0.000009 0.003097 21.472576 -169.476486 5.441069 162.147461 1.838258 -2.574812 -69.531120 6.024122 -2.288456 86.622589 -0.000009 -0.003107 21.461645 0.255397 -0.506491 7.230604 2.094741 0.946999 8.134042 1.742317 0.128351 7.572000 -5.905727 -0.788789 8.923476 4.775403 3.610725 -10.284095 -2.471303 -75.722908 -178.247314 26.293690 54.778885 -8.418804 1.834719 -8.502686 -41.045460 25.740576 3.331169 11.145102 6.327060 76.005989 -174.582458 -12.571807 -44.319599 -17.674982 -0.937155 17.763491 -50.437496 -19.340826 13.310723 -0.332565 
-920.158020 21.505268 1456.977173 0.000000 -78.252136 0.000000 88.373352 -4.996746 85.714508 167.652618 -0.344341 141.656281 -3.347421 3.134450 -72.825790 -8.901750 -2.347327 88.381401 0.000009 0.003097 21.471699 -169.482452 5.416388 161.387253 2.323447 -2.513087 -70.022659 5.976759 -2.262063 86.363358 -0.000009 -0.003107 21.461483 0.227397 -0.514970 7.144258 2.172375 1.047106 8.173289 1.535387 0.054364 7.632149 -6.457617 -0.547105 9.016203 4.971402 3.410375 -10.781082 -0.638054 -75.684540 179.883652 25.070578 54.249496 -9.920886 1.814946 -8.828232 -41.565285 25.963383 3.509126 10.928629 4.494475 75.750206 -176.417542 -12.039991 -44.612003 -17.898680 -0.569651 17.532143 -48.767883 -19.528093 13.313511 -0.442329 
-922.123047 21.380505 1457.371338 0.000000 -78.465935 0.000000 88.363060 -5.120909 85.993446 168.327972 -0.553312 140.958481 -2.964984 2.876083 -72.541237 -8.556574 -2.394999 91.250130 0.000009 0.003097 21.470896 -169.420013 5.744943 161.077209 2.716957 -2.470527 -70.026604 5.670998 -2.232218 86.747086 -0.000009 -0.003107 21.462267 0.260916 -0.503231 7.115346 2.140916 1.203978 8.184289 1.411853 0.001864 7.684886 -6.992267 -0.093553 8.941014 4.684998 2.985844 -11.178663 0.422594 -75.749168 178.800690 23.967525 53.342270 -11.271882 1.729046 -9.168405 -41.404037 26.207872 3.671879 10.804237 2.797985 75.670654 -178.090790 -11.984287 -44.244064 -18.084101 -0.283027 17.236988 -47.051060 -20.006750 13.477139 -0.437146 
-924.109619 21.238668 1457.784424 0.000000 -78.670303 0.000000 88.301399 -5.322958 86.164024 168.622696 -0.736716 140.658112 -2.768763 2.770518 -72.752243 -8.251805 -2.551641 91.529915 0.000009 0.003097 21.470306 -169.413544 5.986892 160.536575 2.986438 -2.486652 -69.939209 5.495590 -2.206551 86.712372 -0.000010 -0.003108 21.462862 0.285213 -0.494462 7.100227 2.085671 1.248941 8.169570 1.264795 -0.009067 7.723762 -7.316979 0.040559 9.208997 4.542557 2.906430 -11.505857 1.633021 -75.749634 177.544983 23.250984 52.426132 -12.143709 1.644888 -9.455212 -41.437653 26.279558 3.760127 10.592165 1.454562 75.612114 -179.381500 -12.199170 -44.276161 -17.951477 -0.082598 16.949219 -45.928459 -20.057547 13.593518 -0.419961 
-926.112732 21.087048 1458.200562 0.000000 -78.868378 0.000000 88.189705 -5.509769 86.200317 168.666046 -0.929036 140.743713 -2.585677 2.742957 -73.478760 -8.149775 -2.653294 91.511993 0.000009 0.003097 21.469959 -169.479553 6.112072 159.941010 3.129569 -2.549375 -69.768661 5.473132 -2.212600 86.269356 -0.000010 -0.003108 21.463278 0.293788 -0.481867 7.062991 2.058556 1.185436 8.170000 1.146965 -0.008962 7.734712 -7.507189 -0.015294 9.557809 4.387900 2.927630 -11.893402 3.155634 -75.688126 175.955261 22.684860 51.708435 -12.610939 1.549008 -9.660475 -41.544888 26.261456 3.777731 10.359610 0.470728 75.524704 179.692032 -12.758123 -44.690235 -17.544405 0.065568 16.623293 -45.222416 -19.752254 13.676512 -0.456856 
-928.153015 20.930971 1458.609619 0.000000 -79.055199 0.000000 88.146729 -5.482870 86.354340 168.983582 -1.089019 140.462112 -2.166828 2.681470 -74.285149 -7.909306 -2.759268 91.466522 0.000009 0.003097 21.469299 -169.546783 6.263520 159.777954 3.142568 -2.594810 -69.460190 5.395953 -2.211144 86.054672 -0.000010 -0.003108 21.464016 0.307315 -0.459279 7.025704 2.007476 1.144811 8.228694 1.118438 0.009468 7.708261 -7.571754 0.067688 9.760825 3.985474 2.777842 -12.217744 4.300921 -75.652077 174.772476 22.068035 50.948181 -12.953720 1.419963 -9.900748 -41.338097 26.378298 3.683234 10.241286 -0.102646 75.410751 179.186096 -13.536691 -44.826263 -17.125101 0.247463 16.415997 -44.529877 -19.500500 13.634727 -0.495693 
-930.240234 20.768707 1459.013428 0.000000 -79.214737 0.000000 88.167114 -5.325988 86.548996 169.435318 -1.119402 139.925385 -1.690530 2.573099 -74.766472 -7.509845 -2.959681 91.547935 0.000009 0.003097 21.468542 -169.729095 6.417278 159.695862 3.192700 -2.623658 -69.244850 5.323468 -2.235692 86.081535 -0.000010 -0.003108 21.464668 0.296070 -0.442412 6.978696 1.992136 1.151624 8.373354 1.100242 0.026500 7.660520 -7.672143 0.283256 9.955153 3.684829 2.702510 -12.409981 5.133544 -75.660103 173.936600 21.385744 50.191246 -13.429059 1.298174 -10.099561 -41.023804 26.727833 3.524798 10.170238 -0.825167 75.271988 178.523285 -14.217489 -44.789986 -16.787695 0.493769 16.312162 -43.636749 -19.519211 13.633161 -0.554492 
-932.357300 20.596416 1459.424316 0.000000 -79.334480 0.000000 88.262100 -5.243643 86.796570 169.755112 -1.079957 139.403793 -1.235536 2.444513 -75.107742 -7.097619 -3.256666 91.735031 0.000008 0.003097 21.467871 -169.940613 6.667935 159.480484 3.364152 -2.601496 -69.148773 5.222885 -2.280425 86.081657 -0.000011 -0.003109 21.464642 0.282144 -0.447609 6.902969 2.018444 1.153806 8.565234 1.046839 0.031046 7.646883 -7.953550 0.600460 10.229064 3.567749 2.739892 -12.711006 6.288784 -75.615425 172.748032 20.807924 49.600159 -13.855398 1.195444 -10.289918 -40.647465 27.025301 3.379307 10.120384 -1.616516 75.121323 177.764313 -14.813780 -44.866917 -16.360981 0.832744 16.171570 -42.480526 -19.572645 13.691423 -0.623331 
-934.505737 20.415550 1459.848633 0.000000 -79.434334 0.000000 88.402046 -5.141658 87.148537 169.974365 -0.945214 138.950211 -0.853829 2.302245 -75.598801 -6.637551 -3.562759 91.868973 0.000008 0.003097 21.467403 -170.053680 6.955263 159.152893 3.608413 -2.525654 -68.980095 5.116802 -2.280346 85.982712 -0.000011 -0.003109 21.463728 0.252292 -0.468770 6.800269 2.096285 1.145496 8.681698 0.970459 0.059551 7.681776 -8.252607 0.981118 10.534833 3.541248 2.969799 -13.035037 7.578192 -75.524277 171.414581 20.504219 49.324127 -14.012321 1.147295 -10.476137 -40.291519 27.342218 3.269028 10.100535 -2.418476 74.895927 176.968231 -15.594938 -45.101475 -15.475489 1.114743 16.035652 -41.322433 -19.475630 13.784650 -0.649210 
-936.683167 20.228140 1460.276855 0.000000 -79.536156 0.000000 88.550652 -4.926961 87.651695 170.071350 -0.817882 138.727783 -0.632310 2.134302 -76.030396 -6.185754 -3.833158 91.914520 0.000008 0.003097 21.467142 -170.163208 7.140910 158.733459 3.809222 -2.404062 -68.517105 5.049343 -2.262662 85.874550 -0.000011 -0.003109 21.462236 0.206681 -0.481135 6.701058 2.224046 1.134200 8.704062 0.889343 0.115516 7.776410 -8.461537 1.365600 10.848546 3.569526 3.333297 -13.139158 8.431574 -75.453369 170.536880 20.376638 49.375896 -14.020512 1.116768 -10.625072 -39.925133 27.674585 3.180838 10.087008 -2.767359 74.627365 176.609283 -16.551964 -45.187775 -14.274958 1.315658 15.942593 -40.543125 -19.379587 13.852718 -0.573095 
-938.876465 20.038971 1460.697998 0.000000 -79.658058 0.000000 88.643410 -4.568065 88.389961 170.164230 -0.718603 139.031158 -0.598687 2.015142 -76.620178 -5.852957 -4.007796 91.909355 0.000008 0.003097 21.467113 -170.306503 7.190907 158.485153 3.926509 -2.278311 -67.812775 4.983685 -2.284448 85.806541 -0.000011 -0.003109 21.460838 0.177673 -0.481203 6.614061 2.321041 1.149716 8.606964 0.840705 0.213240 7.853924 -8.513406 1.542665 11.106339 3.582426 3.842718 -12.901855 8.419374 -75.493958 170.558441 20.534164 49.668144 -13.518144 1.136221 -10.728003 -39.865475 28.020430 3.219455 10.095510 -2.649762 74.488419 176.702393 -17.473103 -45.038555 -13.268926 1.357827 15.946496 -40.251289 -19.322651 13.924836 -0.416068 
-941.080872 19.849756 1461.092651 0.000000 -79.796249 0.000000 88.722153 -3.966035 89.188599 170.125671 -0.747861 139.353226 -0.647793 1.928470 -77.418259 -5.728178 -4.168456 91.784592 0.000007 0.003097 21.467308 -170.455887 7.285306 158.407761 3.934876 -2.173896 -67.164764 4.750249 -2.360928 85.860153 -0.000011 -0.003109 21.459679 0.157184 -0.463765 6.536434 2.378247 1.156204 8.492342 0.902738 0.307952 7.891517 -8.345007 1.651892 11.284617 3.476517 4.296865 -12.707036 8.364755 -75.544617 170.600006 20.895426 50.246605 -12.752188 1.172820 -10.715692 -39.886471 28.265667 3.143132 10.182633 -2.027293 74.446411 177.280243 -18.236626 -45.009060 -12.482513 1.290463 16.023609 -40.478474 -19.206320 14.027839 -0.209525 
-943.301697 19.665932 1461.443481 0.000000 -79.959457 0.000000 88.771698 -3.453818 89.822556 170.053436 -0.902459 139.758423 -0.588983 1.874826 -78.026573 -5.674416 -4.470064 89.077553 0.000007 0.003097 21.467325 -170.624252 7.295879 158.556458 3.958533 -2.108837 -66.709015 4.358343 -2.481128 86.013672 -0.000011 -0.003109 21.458675 0.123753 -0.429857 6.439042 2.427320 1.093632 8.466050 0.992882 0.350297 7.870788 -8.064090 1.895610 11.468803 3.383651 4.369408 -12.852777 8.967395 -75.595352 169.933075 21.362347 51.077675 -12.061658 1.180516 -10.584933 -39.765785 28.573835 2.709983 10.345933 -1.445079 74.381027 177.766479 -18.961935 -45.371132 -11.664453 1.362585 16.072990 -40.587589 -19.095072 14.012403 0.014480 
-945.561584 19.503139 1461.763428 0.000000 -80.140999 0.000000 88.810120 -3.122684 90.317184 169.920670 -0.993179 140.678528 -0.437088 1.937809 -77.977516 -5.973178 -4.463439 88.320992 0.000007 0.003097 21.467659 -170.937195 6.987530 158.792023 3.804642 -2.109860 -65.946945 4.258340 -2.602113 86.112450 -0.000011 -0.003109 21.458246 0.093647 -0.390448 6.386073 2.363177 0.958588 8.385702 1.085176 0.345423 7.842423 -7.398351 2.119199 11.876348 3.320034 4.082286 -13.072835 9.427416 -75.682945 169.412277 21.755508 52.029255 -11.524920 1.290276 -10.441061 -40.206375 28.708267 1.762340 10.321654 -1.098506 74.370888 178.003479 -19.441479 -45.756142 -10.789804 1.416191 16.019686 -40.768318 -18.807055 13.870333 0.255223 
-947.825134 19.365599 1462.048706 0.000000 -80.326462 0.000000 88.869286 -3.201587 90.918716 169.307098 -0.832617 142.588165 -0.519424 2.173719 -78.089645 -6.539937 -3.936165 87.172791 0.000007 0.003097 21.468887 -171.145279 6.519793 158.234039 3.294249 -2.216122 -64.150185 4.653098 -2.705590 85.873672 -0.000010 -0.003109 21.458380 0.056026 -0.375945 6.443953 2.145699 0.711958 8.068048 1.128870 0.335230 8.024314 -5.845430 2.012412 12.703210 3.176451 3.622826 -13.227540 8.969561 -75.769279 169.826675 22.504000 52.966629 -10.951365 1.608524 -10.316299 -41.634148 28.387548 0.145802 10.070518 -0.348701 74.616943 178.692764 -19.160812 -46.119442 -10.569197 1.319242 15.991868 -41.515167 -18.033463 13.719985 0.659535 
-950.039124 19.258135 1462.245239 0.000000 -80.547981 0.000000 88.851311 -3.337526 91.740067 168.499207 -0.234500 145.052444 -1.046852 2.459208 -79.690781 -7.388410 -3.213670 85.716728 0.000008 0.003098 21.470280 -170.935242 5.907714 157.336929 2.735554 -2.449600 -61.932095 5.372828 -2.859294 85.559021 -0.000010 -0.003108 21.458529 0.077167 -0.383554 6.608104 1.943040 0.389244 7.616686 1.142775 0.378009 8.332762 -4.146502 1.657389 13.707915 3.132035 3.363145 -13.127715 9.140290 -75.680099 169.635422 23.208948 53.475796 -10.274643 1.925451 -10.239391 -42.870579 27.519726 -1.539517 9.911098 0.896571 74.885323 179.880310 -18.678360 -46.198227 -10.813795 1.061514 15.970875 -42.657345 -17.005671 13.757355 0.940139 
-952.204590 19.184914 1462.339355 0.000000 -80.801231 0.000000 88.714363 -3.499865 92.453125 168.066147 0.170940 146.757172 -1.249438 2.742221 -82.168617 -8.043500 -2.722827 84.215454 0.000007 0.003098 21.470903 -170.793564 5.233032 157.242599 1.998846 -2.799483 -60.737537 5.630243 -2.906164 85.665749 -0.000010 -0.003107 21.459068 0.156383 -0.360670 6.731517 1.937318 0.078132 7.258994 1.228213 0.409402 8.431469 -2.797046 1.441746 14.124405 3.266530 3.507014 -12.876788 9.595801 -75.681129 169.156250 23.989073 53.775803 -8.906353 1.960736 -10.150052 -43.205574 26.683001 -2.455091 10.105165 2.278868 75.078804 -178.814209 -19.182434 -45.678478 -10.490314 0.612912 15.877771 -44.458210 -16.813419 13.685555 1.058188 
-954.378540 19.136833 1462.346558 0.000000 -81.005547 0.000000 88.467873 -3.475718 93.116005 167.929077 0.191852 147.411758 -2.313094 2.792343 -98.918404 -8.494068 -2.548777 82.959106 0.000006 0.003098 21.471285 -170.532501 4.808900 157.971588 1.279902 -3.093217 -60.470203 5.746775 -3.029040 86.091667 -0.000010 -0.003107 21.459793 0.223713 -0.307693 6.739570 2.008196 -0.186270 7.056683 1.384533 0.574530 8.301229 -1.639650 1.384047 14.289953 3.298378 3.832870 -12.381944 9.354931 -75.765648 169.435593 24.371428 53.827705 -7.283522 1.867718 -10.014036 -42.748180 26.160131 -2.753174 10.478827 3.177605 75.331764 -177.989548 -20.128593 -44.705078 -9.983899 0.299224 15.965295 -46.484127 -16.989759 13.603684 1.151695 
-956.578247 19.105598 1462.293579 0.000000 -81.124641 0.000000 88.287788 -3.453145 93.698753 167.881714 -0.378570 147.318466 -2.345427 3.056350 -100.905663 -8.902741 -2.476944 82.144302 0.000006 0.003098 21.471764 -170.055130 4.868682 158.703918 0.707752 -3.406449 -60.823959 5.697547 -3.361958 86.674995 -0.000010 -0.003107 21.460648 0.251043 -0.236300 6.769268 2.067385 -0.343404 7.063468 1.551158 0.733100 8.132727 -0.927610 1.164268 14.266248 3.532807 4.131494 -11.367455 7.693212 -75.757278 171.207809 25.263725 54.140041 -4.963494 1.767856 -9.628813 -42.217979 25.529278 -2.859030 10.734960 3.862403 75.677292 -177.335388 -20.469255 -43.822498 -10.339721 -0.010029 16.095472 -48.588585 -17.379473 13.596135 1.139460 
-958.848267 19.090448 1462.216431 0.000000 -81.181259 0.000000 88.280609 -4.044153 93.856339 167.538544 -0.521712 148.070663 -2.442638 3.318790 -101.763229 -9.217403 -2.248223 81.271065 0.000005 0.003098 21.472521 -169.553528 5.003214 158.423035 0.365313 -3.766849 -60.971947 6.077573 -3.648600 86.712242 -0.000011 -0.003107 21.461327 0.275718 -0.227816 6.859229 2.129354 -0.472986 6.985763 1.579371 0.849923 8.174889 -0.229318 0.476822 14.516176 4.009592 4.533638 -10.553637 5.323640 -75.652191 173.687973 26.255203 54.556000 -3.844138 1.648456 -9.273929 -41.883087 24.528860 -2.990227 10.896858 5.252507 76.092163 -175.932404 -19.523716 -43.240108 -11.763320 -0.401456 15.858896 -50.516750 -17.113155 13.875072 1.203498 
-961.203674 19.092150 1462.099609 0.000000 -81.215866 0.000000 88.394554 -4.950857 93.725937 166.997986 -0.547302 149.316010 -2.880201 3.489806 -102.433830 -9.659595 -1.882317 80.723602 0.000005 0.003098 21.473080 -169.193420 4.852163 157.700607 0.299741 -4.108423 -61.451073 6.680786 -3.827903 86.460587 -0.000011 -0.003107 21.461775 0.333065 -0.236753 7.018314 2.134614 -0.529116 6.728280 1.536593 0.921018 8.237430 0.375505 -0.236767 14.778210 4.681140 4.980679 -9.982270 3.290348 -75.644127 175.795547 26.909698 55.089905 -3.477060 1.609138 -9.008780 -41.907104 23.543274 -2.716671 10.930123 6.377135 76.437492 -174.810242 -18.514109 -42.894497 -12.633164 -0.776029 15.444575 -51.868828 -16.512486 14.349788 1.029512 
-963.590637 19.099783 1461.913452 0.000000 -81.266052 0.000000 88.536461 -5.381873 93.655907 166.658020 -0.786135 149.337677 -3.158628 3.524003 -102.184402 -9.709284 -1.646917 80.846077 0.000005 0.003098 21.473732 -169.090103 4.965929 157.653397 0.329692 -4.291379 -62.085255 6.939999 -3.874611 86.495018 -0.000011 -0.003107 21.462566 0.390393 -0.183997 7.154269 2.046496 -0.456789 6.602893 1.569632 0.974012 8.265706 0.588787 -0.509250 14.730467 4.771704 5.140000 -9.819901 1.559720 -75.774261 177.597504 27.130577 55.448196 -3.148390 1.622038 -8.786398 -41.912102 23.206713 -2.534369 10.938421 6.740179 76.740402 -174.450531 -17.575552 -42.335587 -13.519888 -1.048405 15.345904 -52.570980 -16.461874 14.675897 0.843069 
-965.944580 19.098701 1461.666626 0.000000 -81.340378 0.000000 88.695229 -5.166611 93.652527 166.620316 -1.328159 147.959015 -3.133408 3.489549 -101.099174 -9.392065 -1.604737 81.475067 0.000005 0.003097 21.474213 -169.116943 5.512200 158.704514 0.353860 -4.258424 -62.532433 6.664967 -3.892470 86.972198 -0.000011 -0.003107 21.464279 0.427124 -0.079732 7.202387 1.922712 -0.274322 6.784960 1.728325 1.066430 8.150890 0.467836 -0.547170 14.589118 4.350316 4.802647 -9.621284 -0.149138 -75.824806 179.396164 27.317034 55.427029 -2.391677 1.599609 -8.534431 -41.423443 23.568720 -2.431747 11.032580 6.440395 76.984734 -174.725052 -16.805187 -41.657482 -14.763909 -1.300090 15.629707 -53.047146 -16.711926 14.598284 0.779789 
-968.232605 19.094212 1461.398438 0.000000 -81.423744 0.000000 88.877937 -4.136042 93.340195 166.958832 -2.085344 145.644958 -2.534959 3.474237 -99.476631 -9.023470 -1.806320 82.583008 0.000005 0.003097 21.474413 -169.092010 6.147312 160.618057 0.181551 -4.120109 -63.198704 5.886797 -3.779466 88.016640 -0.000011 -0.003107 21.466722 0.477219 0.030749 7.161758 1.782688 -0.016607 7.329636 2.070206 1.184415 7.854510 0.192079 -0.624252 14.378193 3.750975 4.387069 -9.197993 -1.241498 -75.739113 -179.410080 27.612539 55.163754 -0.825938 1.495489 -8.168869 -40.548767 24.290316 -2.315739 11.303878 6.355641 77.066948 -174.775574 -17.139767 -40.983204 -15.124434 -1.581347 16.189812 -53.820385 -17.025764 14.546374 0.658738 
-970.461731 19.079681 1461.131104 0.000000 -81.502335 0.000000 89.169342 -2.940690 92.923294 167.593460 -2.641128 143.388000 -1.797187 3.409179 -97.707855 -8.491446 -2.261635 83.805450 0.000004 0.003097 21.474092 -168.923340 6.787616 162.667679 0.071869 -3.939102 -63.851677 5.168857 -3.688408 89.152939 -0.000011 -0.003107 21.469364 0.518460 0.154622 7.073151 1.711262 0.177898 7.840667 2.360491 1.228437 7.509629 -0.162230 -0.896997 13.912668 2.992586 4.190043 -9.001577 -1.568430 -75.718391 -179.033752 27.434732 54.901093 0.290753 1.386612 -7.865235 -39.532513 24.584959 -1.975185 11.582246 6.811118 77.085411 -174.311554 -18.523754 -40.777107 -14.491002 -1.736595 16.758787 -54.561119 -17.330095 14.475929 0.386380 
-972.674194 19.043100 1460.896973 0.000000 -81.561516 0.000000 89.460564 -2.153492 92.495003 168.285736 -2.865721 141.770233 -1.235830 3.295768 -96.589104 -8.077878 -2.564729 84.617958 0.000004 0.003096 21.473934 -168.575562 7.297976 164.140686 0.092794 -3.797909 -64.446091 4.940344 -3.806853 89.835304 -0.000011 -0.003107 21.471188 0.539202 0.249585 6.979192 1.722671 0.321496 8.159069 2.455361 1.215458 7.288668 -0.609163 -1.224648 13.508395 2.265160 4.143880 -9.005607 -2.107408 -75.676758 -178.443939 26.999622 54.628571 0.769182 1.296071 -7.665022 -38.858059 24.532345 -1.542813 11.714758 7.591809 77.128899 -173.516876 -19.334618 -40.403320 -14.039286 -1.832802 17.196192 -54.977760 -17.634346 14.602541 0.052891 
-974.929077 18.982761 1460.698730 0.000000 -81.589844 0.000000 89.679321 -1.662361 92.124397 168.421967 -2.947526 140.903366 -0.908147 3.244099 -96.499512 -7.701068 -2.793812 84.849525 0.000003 0.003096 21.474106 -168.267395 7.758691 164.748917 0.067798 -3.674182 -65.148857 4.944593 -3.819121 90.034042 -0.000011 -0.003107 21.471647 0.541618 0.284195 6.883871 1.780433 0.418458 8.328788 2.496217 1.207555 7.135952 -0.871997 -1.640976 13.297657 1.867100 4.439983 -9.053526 -2.441124 -75.678741 -178.101776 26.869661 54.551346 1.137064 1.176149 -7.543148 -38.492722 24.332144 -0.793139 11.847672 8.876148 77.071297 -172.232224 -19.938442 -40.224060 -13.464316 -1.940354 17.422304 -55.087063 -18.076761 14.467954 -0.126030 
-977.240723 18.905697 1460.516968 0.000000 -81.597084 0.000000 89.788208 -1.471458 91.764030 168.405121 -2.773264 140.409103 -0.922510 3.239311 -96.907143 -7.289370 -2.964890 84.848137 0.000003 0.003096 21.474400 -168.092850 8.094724 164.668015 0.066352 -3.533124 -65.491165 4.995331 -3.712527 89.880936 -0.000012 -0.003107 21.471519 0.519361 0.264669 6.761723 1.888286 0.486811 8.406731 2.532476 1.208991 7.042169 -1.035123 -1.932597 13.040723 1.759894 4.891705 -9.092246 -2.349740 -75.750511 -178.232162 26.770168 54.611034 1.398075 1.065191 -7.437998 -38.396980 24.164499 0.212211 12.086708 10.063924 76.966599 -171.066452 -20.216963 -40.112202 -12.952013 -2.060060 17.452425 -55.072392 -18.546797 14.074178 -0.138758 
-979.616821 18.811197 1460.333008 0.000000 -81.602837 0.000000 89.846519 -1.123310 91.565819 168.381546 -2.534389 139.888168 -1.147851 3.131698 -97.591255 -6.832065 -3.132254 85.065598 0.000003 0.003096 21.474552 -168.000061 8.205652 164.432281 0.190903 -3.335198 -66.025040 5.075420 -3.478757 89.778023 -0.000012 -0.003107 21.470764 0.494776 0.253526 6.632058 1.987211 0.572034 8.452286 2.525497 1.197371 7.003055 -1.363896 -2.050866 12.517937 1.646802 5.256877 -9.199590 -1.706149 -75.788864 -178.929169 26.266733 54.958721 1.026383 0.977168 -7.338113 -38.411842 23.902586 1.220823 12.266538 10.519904 76.862259 -170.652802 -19.952642 -40.054577 -13.030845 -2.086137 17.591042 -54.589298 -19.013353 13.508593 -0.130465 
-982.039856 18.696709 1460.151978 0.000000 -81.596428 0.000000 89.892990 -0.842746 91.560242 168.462769 -2.250473 139.541092 -1.447240 2.947464 -98.240440 -6.459915 -3.320934 85.376610 0.000003 0.003096 21.474636 -167.811157 8.179713 164.356186 0.474713 -3.127628 -66.401207 5.172202 -3.215373 89.669724 -0.000012 -0.003107 21.469839 0.477184 0.251713 6.523214 2.046607 0.664395 8.508602 2.498115 1.155484 6.936392 -1.865977 -2.037329 11.909758 1.484512 5.477991 -9.596225 -0.482906 -75.895935 179.785324 25.466528 55.423691 0.213172 0.899200 -7.279431 -38.341251 23.538582 2.167043 12.480263 10.883850 76.699921 -170.347885 -19.765568 -39.964874 -12.898354 -1.955085 17.778646 -53.635639 -19.553112 12.777703 -0.088334 
-984.489807 18.563648 1459.988159 0.000000 -81.574417 0.000000 89.940216 -0.657734 91.539360 168.468689 -2.009655 139.704819 -1.875136 2.786950 -98.442627 -6.302593 -3.488656 85.564850 0.000003 0.003097 21.474676 -167.609711 7.986862 164.335770 0.745577 -2.961115 -66.722206 5.155230 -2.972846 89.728165 -0.000011 -0.003107 21.469206 0.464342 0.239452 6.444826 2.117582 0.731739 8.540835 2.405024 1.049280 6.795575 -2.376408 -2.031679 11.325702 1.514958 5.553766 -10.246279 0.568298 -76.060036 178.680969 24.715067 55.817356 -0.723352 0.832255 -7.169569 -38.211105 23.253345 3.097861 12.716345 11.410856 76.484596 -169.879761 -20.236506 -40.099270 -12.110623 -1.779300 17.864079 -52.894234 -20.113361 12.073008 -0.063627 
-986.946411 18.413486 1459.855713 0.000000 -81.560425 0.000000 89.917938 -0.781599 91.455864 168.382767 -1.776545 140.439529 -2.420633 2.675214 -98.046150 -6.547325 -3.382088 85.595833 0.000003 0.003097 21.474895 -167.450577 7.797277 164.025421 0.904116 -2.799617 -66.581573 5.226968 -2.746026 89.809868 -0.000011 -0.003107 21.468864 0.459760 0.215270 6.429708 2.089900 0.757830 8.519046 2.248816 0.918471 6.686904 -2.466878 -2.081872 10.732109 1.762801 5.217261 -10.716066 0.759542 -76.158051 178.451370 24.214447 56.130348 -1.513618 0.819607 -7.063350 -38.297905 23.060869 3.406768 12.846647 12.041268 76.326172 -169.282928 -20.953075 -40.400719 -11.353904 -1.610731 17.830982 -52.660263 -20.266211 11.465891 0.055478 
-989.369751 18.261202 1459.751587 0.000000 -81.557678 0.000000 89.856712 -1.386144 91.207962 168.390579 -1.399531 141.728226 -2.733198 2.638178 -96.892311 -7.005396 -2.831972 85.680420 0.000003 0.003097 21.475475 -167.386337 7.508338 163.278778 1.013137 -2.640133 -65.954071 5.747690 -2.468694 89.457405 -0.000011 -0.003107 21.468122 0.483707 0.182435 6.484556 2.014321 0.757556 8.354350 2.037768 0.820707 6.751072 -2.015227 -1.882940 9.975180 2.114895 4.357332 -11.247395 0.237554 -76.190498 178.971115 23.688080 56.261356 -2.743455 0.857350 -7.054287 -38.534061 22.649153 3.025772 12.740933 12.433662 76.222542 -168.895050 -21.022335 -40.609764 -11.300825 -1.311247 17.718109 -52.559940 -19.943819 11.187724 0.314645 
-991.733276 18.112200 1459.644531 0.000000 -81.563332 0.000000 89.701180 -2.317601 90.859062 168.327225 -0.763709 143.404282 -2.088364 3.017176 -81.574265 -7.764872 -2.040452 86.096153 0.000005 0.003097 21.476141 -167.608902 6.972098 161.954407 1.091812 -2.567025 -65.403214 6.430913 -2.212386 89.080086 -0.000011 -0.003107 21.467638 0.485459 0.093292 6.650179 1.919894 0.675996 8.049271 1.821149 0.717185 6.994185 -1.168737 -1.795534 9.291110 2.574272 3.285957 -11.723678 -0.553733 -76.145065 179.788956 23.332661 56.062325 -4.110498 0.931069 -7.118947 -39.062534 22.613943 2.614020 12.488755 12.008271 76.206955 -169.259842 -20.131432 -40.977104 -12.353059 -1.299378 17.461138 -53.064003 -19.523920 11.124387 0.526431 
-994.026001 17.959715 1459.524536 0.000000 -81.598228 0.000000 89.583382 -3.458871 90.222672 168.354492 0.034598 144.295853 -2.601581 3.237813 -77.992439 -8.648012 -1.431820 86.922256 0.000006 0.003097 21.476303 -168.261368 6.609256 160.722153 1.369068 -2.516195 -65.009468 6.881913 -2.081051 88.649582 -0.000011 -0.003106 21.467083 0.461914 -0.036080 6.878335 1.886435 0.542009 7.664357 1.636181 0.537137 7.214617 -0.696909 -1.993601 8.708625 3.281759 2.769115 -11.747263 -2.201488 -76.175552 -178.506134 22.530313 55.899918 -6.054364 1.035325 -7.313484 -39.938866 22.399298 2.428559 12.337805 10.855954 76.306511 -170.305206 -19.444708 -41.186413 -13.048898 -1.526326 17.187906 -54.136677 -19.203020 11.294813 0.291321 
-996.225159 17.790958 1459.393555 0.000000 -81.702011 0.000000 89.672058 -4.150518 89.304466 168.628983 0.328546 144.304749 -2.971465 3.262409 -75.462593 -9.070827 -1.265397 87.792229 0.000007 0.003097 21.475874 -168.261398 6.730858 160.532608 1.585915 -2.400111 -65.538086 7.046639 -2.013749 88.605911 -0.000012 -0.003106 21.466516 0.448569 -0.160125 7.020143 1.930770 0.622759 7.514075 1.514271 0.306530 7.354576 -1.189740 -2.131883 7.860427 3.566794 2.568488 -12.206630 -3.232903 -76.190941 -177.448654 21.839716 55.582935 -7.652224 1.092260 -7.556196 -39.940495 21.958496 2.582167 12.254975 9.570279 76.373505 -171.516251 -18.767649 -41.229782 -13.934966 -1.669420 17.320383 -54.837574 -19.479160 11.363762 -0.306327 
-998.382690 17.593706 1459.330200 0.000000 -81.861099 0.000000 89.791115 -4.276641 88.534187 169.011841 0.215565 143.809555 -2.998644 3.088471 -73.729767 -9.064411 -1.494377 88.629753 0.000008 0.003096 21.474827 -167.938995 7.182117 160.367081 1.939351 -2.250434 -66.949776 7.148131 -1.818557 88.984726 -0.000012 -0.003107 21.465544 0.435509 -0.245245 7.044190 2.042399 0.817123 7.571561 1.393439 0.078220 7.469260 -2.249490 -2.027582 6.766367 3.529265 2.292663 -12.930119 -3.079175 -76.108955 -177.599289 20.983767 55.018074 -9.251593 1.116156 -7.911071 -39.802692 21.896009 2.883384 12.142427 7.851665 76.252846 -173.209564 -18.078375 -41.061977 -14.585518 -1.556104 17.723372 -54.532249 -19.874458 11.242977 -0.816861 
-1000.541687 17.377436 1459.373901 0.000000 -81.993515 0.000000 89.809967 -4.529183 88.099579 169.343597 0.483232 143.727692 -3.026191 3.036788 -72.148842 -9.077550 -1.428253 91.138184 0.000008 0.003097 21.474102 -168.066727 7.249229 159.474411 2.385564 -2.194489 -67.603874 7.395921 -1.576481 88.721603 -0.000012 -0.003107 21.465399 0.412149 -0.346103 7.035371 2.075873 0.851655 7.664360 1.170836 -0.138945 7.668997 -2.687929 -1.912642 6.169920 3.884558 2.491072 -13.521176 -2.243753 -76.036179 -178.497314 19.829960 54.470627 -11.427613 1.181510 -8.304792 -40.479099 21.775866 3.015252 11.942635 6.008923 76.063278 -174.992508 -17.655972 -41.343483 -14.911419 -1.379530 17.832729 -54.079655 -20.026648 11.054996 -1.101105 
-1002.684692 17.151913 1459.482910 0.000000 -82.103294 0.000000 89.767960 -4.641736 87.765450 169.430832 1.178325 144.762634 -3.047916 3.136376 -70.942398 -9.153985 -1.289263 92.157417 0.000009 0.003097 21.473358 -168.394363 6.846800 157.910049 2.973297 -2.215646 -67.897949 7.781520 -1.247164 87.827271 -0.000013 -0.003107 21.465137 0.409940 -0.434893 7.008397 2.012730 0.782403 7.633734 0.876044 -0.359959 7.886395 -2.639544 -1.819993 6.057348 4.500874 3.127191 -14.140648 -0.542523 -75.961708 179.682327 18.730448 53.956165 -14.028035 1.232269 -8.602949 -41.339924 21.399536 2.334027 11.715312 4.045927 75.949532 -176.890686 -17.484905 -42.442898 -14.798471 -1.322300 17.596684 -53.674072 -19.979582 10.928115 -1.289278 
-1004.818604 16.917410 1459.613647 0.000000 -82.217316 0.000000 89.731522 -4.712289 87.677490 169.635651 1.587677 146.018173 -3.026536 3.153934 -70.347008 -9.172936 -1.242056 93.134727 0.000010 0.003097 21.472879 -168.375626 6.671558 156.594925 3.495494 -2.282625 -68.011009 7.924151 -1.016083 87.139915 -0.000013 -0.003107 21.464926 0.424409 -0.486066 6.950624 1.999906 0.792920 7.591294 0.653552 -0.485234 8.013433 -2.724000 -1.656419 6.072602 5.003767 3.105597 -14.608522 1.494468 -75.903625 177.540039 18.000637 53.265289 -15.904713 1.180042 -8.983966 -42.008591 21.030165 1.587387 11.522765 2.064383 75.885101 -178.863297 -17.472105 -43.536362 -14.390180 -1.123240 17.174419 -52.854538 -20.084169 10.947525 -1.265308 
-1006.929504 16.682020 1459.748291 0.000000 -82.335220 0.000000 89.805542 -4.771823 87.922226 170.063934 1.465806 145.806458 -2.804255 3.063704 -70.389336 -8.742950 -1.331616 93.694946 0.000010 0.003097 21.472982 -168.105606 6.900057 156.288071 3.794312 -2.343067 -68.626114 7.781878 -0.951390 87.212944 -0.000013 -0.003107 21.466087 0.426831 -0.466967 6.895484 2.084554 0.892303 7.684453 0.545119 -0.489624 8.052830 -3.229350 -1.311601 5.794381 4.851869 2.676352 -15.139489 2.630573 -75.892082 176.364258 17.149094 52.176277 -16.912077 1.052054 -9.446266 -42.208321 21.187849 1.367424 11.331284 0.623733 75.764023 179.705276 -17.553659 -43.622860 -14.609225 -0.834627 16.779306 -51.646248 -20.667942 11.072364 -1.286308 
-1009.019165 16.446480 1459.891724 0.000000 -82.425957 0.000000 90.014336 -4.803292 88.164040 170.476288 0.880773 144.206329 -2.390585 2.879037 -70.285255 -8.236977 -1.535549 93.822067 0.000009 0.003097 21.472652 -167.875565 7.415813 156.569733 3.845969 -2.445290 -69.635979 7.324457 -0.920011 87.828323 -0.000013 -0.003106 21.468248 0.434998 -0.424817 6.859981 2.200799 1.061306 7.931394 0.528895 -0.426757 7.999217 -4.063080 -0.750803 5.502284 4.173946 2.095412 -15.810610 2.975436 -75.990685 175.957153 16.404661 50.907776 -17.308170 0.880027 -9.902645 -41.530716 21.944132 1.468624 11.144520 -0.589409 75.647034 178.491196 -17.983181 -42.885662 -14.807298 -0.351779 16.642574 -50.077358 -21.391087 11.282605 -1.234620 
-1011.092468 16.214018 1460.071045 0.000000 -82.455368 0.000000 90.244087 -4.886695 88.287735 170.725143 0.586944 143.106354 -1.991408 2.784365 -70.158066 -7.839606 -1.769722 93.814095 0.000009 0.003097 21.472050 -167.816238 7.773883 156.783951 3.856246 -2.512784 -70.440392 7.001764 -0.921460 88.277863 -0.000013 -0.003106 21.469673 0.433353 -0.417829 6.826557 2.198517 1.154514 8.102343 0.441814 -0.360462 7.943079 -4.709529 -0.445356 5.362339 3.680366 1.913371 -16.296675 3.510562 -76.081612 175.318115 16.106882 49.553837 -17.466892 0.698184 -10.336229 -41.060070 22.253895 1.415884 10.909672 -2.050456 75.621918 177.059296 -18.622614 -42.547592 -14.373095 -0.056717 16.386732 -49.020931 -21.727173 11.441150 -1.043048 
-1013.148376 15.979630 1460.269409 0.000000 -82.429245 0.000000 90.267799 -4.873895 88.595444 170.955841 0.444924 143.028107 -1.645445 2.796902 -70.347733 -7.778017 -1.814312 93.926628 0.000009 0.003097 21.472172 -167.908371 7.653328 156.118713 3.991365 -2.552542 -70.267540 7.061009 -0.968249 87.995514 -0.000014 -0.003106 21.469917 0.400822 -0.449872 6.757644 2.203110 1.053080 8.091107 0.236556 -0.369497 7.974001 -4.745293 -0.466348 5.607039 3.620767 2.204411 -16.583813 4.558548 -76.036263 174.153931 16.108730 48.572411 -17.864746 0.552695 -10.664876 -41.400715 21.895271 1.112036 10.788487 -3.677569 75.639954 175.486191 -19.534292 -43.121750 -13.298002 -0.224443 15.889868 -49.042362 -21.505621 11.601077 -0.945489 
-1015.201355 15.735747 1460.440308 0.000000 -82.384026 0.000000 90.297745 -4.670218 88.836273 171.157944 0.374411 143.069565 -1.280076 2.778263 -70.656456 -7.562670 -1.880486 94.062607 0.000009 0.003097 21.472425 -168.004013 7.549811 155.523392 4.135193 -2.540056 -70.037331 7.103980 -1.023785 87.689499 -0.000014 -0.003106 21.469660 0.377691 -0.489773 6.670380 2.195349 0.938265 8.032120 0.067145 -0.322739 7.994932 -4.822433 -0.509118 5.647866 3.478049 2.623250 -16.840490 5.224660 -75.878883 173.406921 16.068256 47.839527 -18.088488 0.409054 -11.035368 -41.588482 21.508738 1.105785 10.761596 -4.727529 75.730621 174.485458 -20.239023 -43.769958 -12.242719 -0.315749 15.473378 -48.770359 -21.288383 11.764426 -0.849131 
-1017.254456 15.480563 1460.577515 0.000000 -82.320610 0.000000 89.648758 -4.194865 88.000412 171.300690 0.329485 142.542114 -0.777391 2.614485 -70.571686 -7.050333 -2.133693 94.189560 0.000008 0.003097 21.472284 -167.982910 7.647024 155.682938 4.171037 -2.440978 -70.167343 6.996817 -0.966476 87.694763 -0.000014 -0.003107 21.469555 0.375461 -0.508321 6.609849 2.204144 0.958126 8.043704 0.018244 -0.181562 7.934611 -5.321399 -0.374976 5.412557 3.310833 2.810134 -17.211105 5.366031 -75.725510 173.192917 15.778543 47.221165 -18.211828 0.251291 -11.309028 -41.159317 21.616020 1.377063 10.717663 -5.347002 75.766609 173.884598 -20.854176 -43.873280 -11.590678 -0.181868 15.324763 -47.940548 -21.444355 12.146523 -0.718719 
-1019.303528 15.218748 1460.711914 0.000000 -82.226372 0.000000 89.547310 -3.666803 87.713043 171.394485 0.102864 142.125565 -0.322633 2.446991 -70.400444 -6.504698 -2.517777 94.169128 0.000008 0.003097 21.471983 -167.786880 7.629673 156.030869 4.342762 -2.267963 -70.561562 6.839409 -0.869906 87.791504 -0.000013 -0.003107 21.469004 0.351524 -0.527601 6.566272 2.260747 1.002206 8.042975 -0.029666 -0.038707 7.932193 -5.842780 -0.188221 5.281339 3.368397 2.928986 -17.513489 5.507462 -75.503418 172.993912 15.760221 46.802570 -18.229855 0.143451 -11.545981 -40.627995 21.778379 1.627158 10.707924 -5.693076 75.728287 173.524506 -21.164085 -43.736317 -11.143954 -0.000418 15.295004 -47.118820 -21.570782 12.296912 -0.495952 
-1021.356079 14.957430 1460.860718 0.000000 -82.112144 0.000000 89.357544 -3.238246 87.517258 171.437134 -0.096295 142.233612 -0.168955 2.336429 -70.276871 -6.189257 -2.858193 94.026833 0.000008 0.003097 21.472082 -167.630447 7.428017 156.225647 4.633914 -2.072678 -70.664650 6.680142 -0.820549 87.875237 -0.000013 -0.003107 21.468094 0.321310 -0.544231 6.531282 2.309761 0.992166 7.938927 -0.078973 0.080126 7.970172 -6.076117 -0.029161 5.509987 3.435281 3.131378 -17.651920 5.693428 -75.307678 172.772461 16.178925 46.881577 -17.911678 0.091549 -11.685400 -40.364433 21.907198 1.821345 10.788154 -5.838457 75.724869 173.337952 -21.406029 -43.711582 -10.667943 0.111987 15.342375 -46.705208 -21.659428 12.254519 -0.302197 
-1023.414978 14.708521 1461.018433 0.000000 -81.997444 0.000000 89.062325 -2.712193 87.501030 171.504913 -0.204225 142.989685 -0.164407 2.255175 -70.214195 -6.044310 -3.077910 94.064430 0.000007 0.003097 21.473129 -167.534088 7.236239 156.055832 4.954429 -1.876846 -70.684998 6.564517 -0.811678 88.026657 -0.000013 -0.003107 21.467516 0.292845 -0.548500 6.526873 2.251757 1.013274 7.729815 -0.046237 0.159094 7.999703 -5.968096 0.044170 5.907597 3.307933 3.427492 -17.613050 5.377032 -75.204811 173.070679 16.765474 47.532688 -17.156008 0.099307 -11.783904 -40.480534 21.912773 1.800932 10.829012 -5.763107 75.843620 173.355408 -21.621828 -43.712555 -10.357742 0.115278 15.447056 -46.743290 -21.730900 12.290540 -0.127350 
-1025.473389 14.482212 1461.165039 0.000000 -81.892227 0.000000 91.308182 0.519084 87.563812 171.527390 -0.309534 143.833374 -0.267526 2.234226 -70.066841 -6.122637 -3.252648 94.106155 0.000007 0.003097 21.474651 -167.521133 7.068411 155.763046 5.165236 -1.668091 -70.771172 6.566041 -0.857625 88.372475 -0.000013 -0.003108 21.467642 0.273498 -0.540875 6.540141 2.154442 1.035843 7.484518 0.045779 0.194038 7.999912 -5.768650 0.096048 6.585755 3.237818 3.509149 -17.502384 4.966093 -75.232971 173.489182 17.382889 48.344807 -16.237019 0.128116 -11.705789 -40.756905 21.717064 1.494704 10.828634 -5.719507 76.014374 173.327911 -22.142229 -43.796509 -9.904136 0.071849 15.512271 -47.074791 -21.732059 12.359629 0.000208 
-1027.547974 14.286039 1461.306641 0.000000 -81.814049 0.000000 91.319160 1.589515 87.503975 171.751221 -0.563681 144.558868 -0.392890 2.295687 -69.989204 -6.381173 -3.421935 93.831429 0.000006 0.003098 21.475763 -167.551819 6.866965 155.845505 5.125738 -1.581692 -70.905342 6.558926 -0.914755 88.787491 -0.000012 -0.003107 21.468250 0.237052 -0.499404 6.566972 2.099230 1.001756 7.331227 0.158077 0.173649 8.000123 -5.497636 0.285795 7.303903 3.011524 3.278883 -17.539665 5.324722 -75.391853 173.127365 18.119480 49.066742 -15.272366 0.140279 -11.436883 -41.175571 21.472063 0.875920 10.792955 -5.445771 76.174240 173.490509 -23.178864 -43.977894 -9.179237 -0.032142 15.610265 -47.760979 -21.835995 12.491384 0.017230 
-1029.676025 14.127334 1461.460205 0.000000 -81.758110 0.000000 91.184921 2.389440 87.782051 171.916870 -0.885603 145.723450 -0.621304 2.434095 -70.420090 -6.706684 -3.426398 93.186165 0.000005 0.003098 21.476904 -167.710342 6.665167 155.698730 5.000863 -1.670972 -70.219902 6.708687 -0.933325 89.141449 -0.000012 -0.003107 21.469088 0.179111 -0.437566 6.627622 2.042135 0.825106 7.147217 0.299151 0.106506 7.938495 -4.768930 0.406878 8.175235 2.524496 2.784606 -17.574804 6.164227 -75.596581 172.250824 18.761425 50.078812 -14.362681 0.226522 -11.140210 -41.890591 21.227064 -0.302617 10.770087 -4.925054 76.343002 173.913239 -24.267887 -44.666561 -8.384500 -0.099992 15.644092 -48.706841 -21.437517 12.364022 0.200484 
-1031.867188 14.003062 1461.597778 0.000000 -81.711548 0.000000 90.953598 2.649963 88.388008 171.727814 -1.050480 146.985550 -1.178588 2.700274 -71.182854 -7.009935 -3.032936 92.512642 0.000005 0.003098 21.478510 -168.114212 6.443752 154.950302 4.809242 -1.900952 -68.454742 6.828590 -0.840537 89.216995 -0.000011 -0.003107 21.469442 0.119395 -0.372843 6.740115 1.872253 0.499966 6.922454 0.352871 0.085741 7.908169 -3.575053 0.160078 9.110748 2.130892 2.256031 -17.571257 6.727025 -75.771179 171.667297 19.565479 51.205322 -12.956402 0.496716 -10.916538 -43.271645 20.599365 -1.849658 10.911586 -4.281315 76.576729 174.477859 -24.313164 -45.942978 -8.265172 -0.107727 15.338386 -49.680473 -20.403027 12.161647 0.535256 
-1034.098877 13.902323 1461.678345 0.000000 -81.695625 0.000000 90.627792 1.891039 89.155182 171.017609 -0.716027 149.079178 -2.009674 3.000782 -73.501213 -7.643694 -2.325309 91.848038 0.000005 0.003099 21.479805 -168.587219 5.837901 153.094925 4.641906 -2.176797 -66.039291 7.268023 -0.703831 88.612915 -0.000012 -0.003107 21.469063 0.130760 -0.365628 6.895751 1.646289 0.080283 6.656553 0.223459 0.059813 7.998439 -2.335484 -0.221566 10.332767 2.148150 2.031976 -17.472736 7.852674 -75.680176 170.462280 20.778635 51.850044 -11.243992 0.858994 -10.837718 -45.272606 19.478340 -3.281830 11.084691 -3.678071 76.884102 175.038696 -23.308212 -47.350319 -8.845113 -0.303428 14.661901 -51.438965 -18.650282 11.864135 0.924499 
-1036.397827 13.801901 1461.703125 0.000000 -81.715530 0.000000 90.313316 1.305061 89.604454 170.147079 -0.182606 151.324661 -2.516696 3.210575 -76.141731 -8.378065 -1.683612 91.717133 0.000004 0.003100 21.480249 -168.693253 5.088982 151.366669 4.671100 -2.537387 -64.989975 7.628221 -0.721632 88.186386 -0.000013 -0.003107 21.468548 0.204309 -0.324651 7.075316 1.554906 -0.232571 6.321353 -0.015812 0.170233 8.097748 -1.970531 -0.322569 11.181277 2.968250 1.770842 -16.955545 9.036747 -75.681236 169.272354 22.448734 52.469765 -9.165233 1.077368 -11.031571 -46.753822 18.197811 -4.228276 11.084529 -2.236779 77.202309 176.434143 -22.498730 -48.268932 -9.149580 -0.545982 14.296082 -52.882919 -17.653990 11.637346 1.083558 
-1038.800293 13.702753 1461.695801 0.000000 -81.724899 0.000000 90.313377 1.286584 89.635300 170.228287 -0.485157 150.856491 -2.525098 3.311169 -78.050102 -8.661207 -1.738113 88.436783 0.000003 0.003100 21.480957 -168.612396 4.712810 151.491180 4.515654 -2.894063 -65.666008 7.132715 -0.807038 89.249397 -0.000012 -0.003107 21.470240 0.251730 -0.191084 7.229707 1.508985 -0.339300 6.023130 0.092132 0.386377 8.051676 -1.969703 -0.113423 11.303373 2.668460 1.338159 -16.866308 8.863915 -75.786591 169.546906 23.223028 52.775391 -7.211024 0.880364 -11.009166 -46.067898 17.860785 -4.028313 11.029544 -0.885481 77.491226 177.751663 -22.240953 -48.308109 -9.370988 -0.723556 14.327644 -53.920170 -17.549881 11.276489 0.927374 
-1041.236084 13.598659 1461.701294 0.000000 -81.662445 0.000000 90.368904 1.368463 89.641159 170.501648 -1.108440 149.242691 -2.232324 3.394313 -79.131233 -8.773337 -1.700765 87.685104 0.000002 0.003100 21.481371 -168.450745 4.560555 152.688858 4.113403 -3.172877 -66.553665 6.406404 -0.966654 91.274689 -0.000012 -0.003106 21.473305 0.296323 -0.009137 7.396074 1.503903 -0.298987 5.783020 0.377998 0.628475 7.788985 -1.907312 -0.167070 11.377498 1.833894 1.115974 -16.505327 8.147263 -75.963692 170.402451 24.169559 52.629875 -5.023944 0.613908 -10.710274 -44.861767 18.073200 -3.638299 10.886370 0.716511 77.723526 179.348114 -21.459202 -47.806553 -10.701363 -1.161707 14.505032 -55.295952 -17.372820 11.208481 0.684793 
-1043.689087 13.488420 1461.755005 0.000000 -81.513947 0.000000 90.342857 -0.721623 91.256241 170.098892 -0.887126 150.067062 -2.310865 3.554196 -80.397484 -9.110683 -1.491262 87.221321 0.000002 0.003101 21.482540 -168.325516 4.399126 151.471832 4.114131 -3.379023 -66.380867 6.558279 -1.331648 91.485580 -0.000013 -0.003106 21.475134 0.338196 0.001318 7.528994 1.520061 -0.525228 5.565088 0.288620 0.756868 7.708142 -1.633459 -0.697842 12.045570 2.337871 1.419088 -15.000838 6.276988 -76.015182 172.375244 26.456003 52.892277 -2.896530 0.605361 -10.913585 -45.385036 17.352661 -3.202857 11.134716 2.934269 78.180511 -178.350601 -19.602539 -47.767235 -12.310113 -1.755999 14.175459 -57.452625 -16.500265 10.977229 0.668566 
-1046.241821 13.386716 1461.820801 0.000000 -81.363998 0.000000 90.406319 -1.796805 91.544853 169.348541 -0.364616 152.311951 -2.869118 3.683003 -82.163490 -9.529443 -1.246565 87.312111 0.000001 0.003101 21.483465 -168.014893 4.268594 149.853409 4.318308 -3.608047 -65.829445 6.947466 -1.698920 91.021935 -0.000014 -0.003107 21.476343 0.373848 0.005270 7.678354 1.540721 -0.756609 5.334449 0.087249 0.722943 7.691458 -0.903766 -1.399675 12.626215 3.298628 1.966303 -13.332626 3.411824 -76.291801 175.294632 28.194513 53.512398 -1.239479 0.784659 -11.245522 -46.528545 16.508011 -2.866665 11.459397 5.442825 78.646111 -175.792206 -17.644602 -47.956409 -13.635761 -2.411633 13.770245 -59.669159 -15.629043 10.980667 0.620937 
-1048.881958 13.294276 1461.869385 0.000000 -81.243744 0.000000 89.448921 -2.049562 90.307571 169.259323 -0.547769 151.755402 -2.902630 3.656251 -81.804985 -9.671561 -1.342067 87.591049 0.000001 0.003102 21.483757 -167.741394 4.307560 150.322556 4.479046 -3.722658 -66.075714 6.801278 -1.683717 91.445709 -0.000014 -0.003107 21.478376 0.424239 0.090067 7.819813 1.497491 -0.703432 5.147017 0.209331 0.711662 7.643483 -0.650970 -1.725000 12.527308 3.287916 2.165886 -13.195421 1.331875 -76.615700 177.478317 29.092028 53.462181 -0.178264 0.896620 -11.122934 -46.463715 16.686380 -2.636260 11.429377 6.759511 78.857277 -174.507355 -16.576876 -47.643463 -14.900020 -2.983462 13.821709 -60.643810 -15.604318 10.908077 0.444265 
-1051.502441 13.194942 1461.895508 0.000000 -81.114136 0.000000 89.516296 -1.597144 89.888695 169.811966 -1.414041 148.979279 -2.434576 3.542983 -79.845612 -9.377370 -1.585026 88.034050 0.000001 0.003101 21.483545 -167.541122 4.423409 151.959061 4.647436 -3.647095 -66.596741 6.398622 -1.404978 92.418602 -0.000014 -0.003106 21.481197 0.457487 0.205396 7.867377 1.376798 -0.439822 5.259848 0.408744 0.826020 7.432008 -0.778221 -1.815891 12.230495 2.523221 2.282786 -13.855103 0.293818 -76.674042 178.591736 29.048021 52.803997 0.360804 0.831146 -10.795691 -45.350727 17.451021 -2.288058 11.280931 6.225604 78.955315 -175.092209 -16.425381 -47.054367 -15.476761 -3.476000 14.308119 -60.919983 -15.722190 10.958797 0.421710 
-1054.055664 13.090332 1461.926880 0.000000 -80.940727 0.000000 89.610344 -0.902486 89.166412 170.642014 -2.096886 146.133667 -1.914173 3.450902 -78.169579 -8.863637 -1.942436 88.379143 0.000000 0.003101 21.482569 -167.156464 4.541337 153.405243 4.452918 -3.623194 -67.264160 5.943424 -1.150474 92.897789 -0.000014 -0.003106 21.483620 0.494693 0.317025 7.863862 1.272489 -0.147166 5.515684 0.628272 0.903453 7.199862 -1.114914 -2.062932 12.013878 1.845174 2.247945 -14.179749 -0.768929 -76.599068 179.666824 28.312729 52.170925 0.256203 0.669063 -10.488934 -44.089314 18.128431 -1.884584 11.320433 6.700685 79.191833 -174.630402 -16.607880 -46.226032 -15.856073 -3.879646 14.846534 -61.122635 -15.268806 11.208208 0.514765 
-1056.570679 12.975137 1461.998169 0.000000 -80.726517 0.000000 89.705498 -0.308053 88.525307 171.248703 -2.613408 144.395004 -1.506300 3.335289 -77.125191 -8.606482 -2.389961 88.647804 0.000000 0.003101 21.482025 -166.864990 4.807646 154.469635 4.378861 -3.567326 -67.643517 5.718085 -1.006971 92.792770 -0.000013 -0.003105 21.485125 0.541583 0.404013 7.855504 1.257410 0.041201 5.699228 0.783434 0.919498 7.049357 -1.416583 -2.430339 11.955995 1.324619 2.294775 -14.168074 -1.599818 -76.621101 -179.508514 28.619667 51.533096 1.063135 0.518342 -10.405769 -43.022797 18.634359 -1.388479 11.304862 8.176218 79.355019 -173.147156 -16.654356 -45.532600 -16.140543 -4.385384 15.312060 -61.618267 -14.969508 11.168878 0.710955 
-1059.088745 12.858401 1462.108887 0.000000 -80.450531 0.000000 89.698967 0.010155 88.144066 171.385468 -2.768738 143.521805 -1.257652 3.215377 -76.850151 -8.396045 -2.820354 88.589981 0.000000 0.003101 21.482328 -166.719467 5.017614 154.580612 4.379933 -3.453524 -68.069984 5.551009 -0.878621 92.484360 -0.000013 -0.003105 21.485712 0.589900 0.434161 7.849512 1.242517 0.123061 5.769815 0.839701 0.886699 6.922104 -1.551457 -2.633396 12.033680 0.741254 2.530113 -14.017694 -2.271872 -76.675041 -178.860611 28.769333 51.277912 1.420736 0.468143 -10.440272 -42.558876 19.088957 -0.871147 11.218804 9.325564 79.398651 -171.990646 -16.232012 -45.360275 -16.822727 -5.050606 15.631918 -62.470287 -14.784521 11.055193 0.932363 
-1061.629150 12.740638 1462.241821 0.000000 -80.112160 0.000000 89.680977 2.175344 89.844231 171.204697 -2.627589 143.248474 -1.154033 3.099874 -76.879219 -8.132540 -3.181858 88.462891 0.000000 0.003102 21.482737 -166.623550 5.190278 154.356277 4.390852 -3.327277 -68.248283 5.563359 -0.661750 92.184143 -0.000013 -0.003105 21.485909 0.631689 0.444277 7.830298 1.232747 0.146093 5.827323 0.896261 0.870295 6.799256 -1.590565 -2.760458 12.161879 0.230206 2.804685 -13.878368 -2.406190 -76.790543 -178.767792 28.730953 51.226562 1.565377 0.394471 -10.476274 -42.103680 19.349930 -0.342145 11.226746 10.574095 79.379135 -170.731674 -15.987862 -45.379128 -17.225838 -5.650831 15.926234 -63.251263 -14.788896 10.815150 1.242895 
-1064.208740 12.627998 1462.400024 0.000000 -79.704300 0.000000 89.536629 2.649528 89.705917 170.994598 -2.378991 143.210373 -1.214652 3.016202 -77.053009 -7.868806 -3.521431 88.215225 -0.000000 0.003102 21.483080 -166.611069 5.264455 154.322998 4.283166 -3.196489 -68.197098 5.486365 -0.418242 91.930710 -0.000013 -0.003106 21.485912 0.662306 0.450537 7.775172 1.280734 0.193082 5.968853 0.993593 0.872557 6.631176 -1.683534 -2.801320 12.264425 -0.078017 2.945372 -13.802191 -2.071560 -76.966118 -179.144745 28.647282 51.440762 1.766937 0.274348 -10.519773 -41.651661 19.476301 0.362206 11.281582 12.220212 79.255096 -169.073196 -16.157272 -45.562344 -17.197403 -6.027826 16.254353 -63.658882 -14.942855 10.500217 1.554331 
-1066.810547 12.526289 1462.588989 0.000000 -79.202271 0.000000 89.368637 3.343877 89.343193 170.766022 -2.305924 143.377991 -1.201835 2.968328 -77.158447 -7.487726 -3.859635 87.980286 -0.000000 0.003102 21.483568 -166.688095 5.305323 154.283432 4.017012 -3.091246 -67.757256 5.389175 -0.148384 91.827110 -0.000012 -0.003106 21.485762 0.690218 0.454362 7.673374 1.403802 0.305910 6.269489 1.111925 0.859821 6.411500 -1.959874 -2.752355 12.274993 -0.120904 2.832650 -13.959134 -1.085079 -77.202980 179.842712 28.530720 51.919716 2.048805 0.105246 -10.539716 -41.225849 19.395216 1.056133 11.314100 14.135009 78.976158 -167.169876 -16.792238 -45.855576 -16.601345 -6.074522 16.640699 -63.548370 -15.233276 10.071984 1.788561 
-1069.413574 12.437127 1462.818359 0.000000 -78.588112 0.000000 89.169235 3.963652 88.979401 170.659058 -2.460940 143.443802 -1.232186 2.882850 -76.987328 -7.091445 -4.054045 87.737091 -0.000001 0.003102 21.483906 -166.710953 5.359751 154.410248 3.732352 -3.035982 -67.183182 5.257571 0.145548 91.630722 -0.000012 -0.003106 21.485132 0.727314 0.473468 7.575965 1.558748 0.435701 6.597066 1.213138 0.815527 6.227943 -2.338871 -2.662331 11.989285 0.273902 2.380427 -14.447497 0.492486 -77.451721 178.236847 28.227438 52.597115 2.128467 -0.069200 -10.513230 -40.791470 19.136112 1.596866 11.215360 15.548006 78.574394 -165.793030 -17.468807 -46.000793 -16.023384 -5.803526 17.042793 -62.665508 -15.761280 9.523663 1.900784 
-1071.983643 12.359091 1463.085449 0.000000 -77.854744 0.000000 88.995308 4.404765 88.785545 170.942535 -2.821205 143.356705 -1.190387 2.712831 -76.236221 -6.707371 -4.102107 87.703293 -0.000000 0.003102 21.483814 -166.669754 5.342144 154.891830 3.542018 -2.998289 -66.844101 5.317503 0.238154 91.223114 -0.000011 -0.003106 21.484592 0.734573 0.510150 7.516746 1.659187 0.565236 6.910397 1.193256 0.802240 6.074067 -2.498207 -2.573473 11.352121 0.815479 1.598639 -14.874987 2.057473 -77.657417 176.655319 27.759163 53.453979 2.016637 -0.175299 -10.473545 -40.614792 18.613951 1.916034 10.952870 15.822559 78.019730 -165.569672 -17.639214 -45.963753 -15.952299 -5.285567 17.262243 -61.198410 -16.282417 9.030441 1.793279 
-1074.483154 12.292296 1463.395752 0.000000 -77.020432 0.000000 88.902298 4.191328 88.634712 171.256042 -3.110530 143.497757 -1.294155 2.620384 -75.256386 -6.504769 -4.057755 87.957863 0.000000 0.003103 21.483578 -166.702499 5.466517 154.743027 3.254208 -2.951060 -66.106247 5.352915 0.163329 90.798912 -0.000011 -0.003106 21.484552 0.711206 0.527047 7.456648 1.734365 0.627870 7.202006 1.024034 0.769891 5.829756 -2.633458 -2.562842 10.677405 1.707717 0.695058 -15.246038 2.675330 -77.819702 176.022919 27.086512 53.813229 1.458645 -0.195778 -10.449848 -40.883224 17.714172 2.002916 10.695952 15.269784 77.613838 -166.171051 -17.734741 -45.794384 -15.838125 -4.865312 17.233664 -60.216263 -16.785069 8.493969 1.534459 
-1076.914062 12.232902 1463.746582 0.000000 -76.154976 0.000000 88.798271 0.613305 85.881126 171.111465 -3.212442 144.028076 -1.625339 2.747048 -73.247971 -6.908503 -4.021231 88.415352 0.000001 0.003103 21.483704 -166.697418 5.498051 153.538452 2.835379 -2.900961 -65.648483 5.010879 0.080065 90.667984 -0.000011 -0.003106 21.484655 0.668145 0.464196 7.474663 1.854786 0.603875 7.365436 0.788032 0.610651 5.626956 -2.455170 -2.745338 10.114109 2.534634 0.146661 -15.531345 1.478944 -78.145149 177.237015 26.864244 53.335526 0.848969 -0.073769 -10.332777 -41.463142 16.496368 1.826775 10.226821 13.592526 77.487427 -167.881042 -17.704826 -45.645969 -16.051704 -4.734203 17.030146 -60.195576 -17.439919 7.974112 0.999534 
-1079.275269 12.172238 1464.120117 0.000000 -75.381622 0.000000 89.200096 -0.421351 86.000374 170.946182 -3.199546 145.020264 -2.155819 2.868485 -71.329285 -7.544505 -3.899623 89.148949 0.000002 0.003103 21.483906 -166.427689 5.301722 152.187866 2.518539 -2.821927 -65.487946 4.515551 -0.081472 90.554832 -0.000011 -0.003105 21.483999 0.667907 0.386537 7.589434 1.901661 0.613847 7.368468 0.617463 0.311839 5.556770 -2.021171 -3.209535 9.399913 3.660887 -0.373972 -15.800190 -0.877359 -78.376038 179.643433 26.178528 52.821358 -0.779094 0.342249 -10.246412 -42.514191 15.662291 1.694645 9.591265 11.647708 77.589172 -169.815323 -17.267395 -45.500252 -16.849113 -4.942457 16.670931 -60.981068 -17.944372 7.633579 0.366783 
-1081.539795 12.101412 1464.500244 0.000000 -74.754265 0.000000 89.500801 -1.697579 85.814247 170.924347 -3.064615 146.035507 -2.505170 2.893159 -68.987778 -8.071613 -3.439855 91.667030 0.000003 0.003102 21.483786 -166.138351 4.906425 151.758957 2.492889 -2.699915 -65.687065 4.615161 -0.061596 89.306053 -0.000012 -0.003105 21.482811 0.714953 0.380656 7.731465 1.885826 0.692272 7.239483 0.504302 0.027663 5.715696 -1.705540 -3.442061 8.404792 4.611456 -0.780041 -16.180023 -2.030489 -78.493156 -179.154602 24.738798 52.313148 -3.232876 0.704179 -10.364481 -43.099529 15.390951 1.420279 8.823158 9.203051 77.499992 -172.249374 -15.987287 -45.002735 -17.990107 -5.156682 16.339848 -61.356918 -18.376780 7.508542 -0.332914 
-1083.685181 12.005770 1464.896240 0.000000 -74.261719 0.000000 89.646416 -2.536791 85.733437 171.188736 -2.680513 146.354584 -2.510249 2.798997 -66.831779 -8.104635 -3.119068 92.317398 0.000004 0.003102 21.482914 -165.936081 4.842192 152.186768 2.409485 -2.578785 -65.167511 4.713666 -0.022243 89.177864 -0.000011 -0.003104 21.481634 0.762684 0.344259 7.831929 1.818985 0.706248 7.036636 0.464192 -0.017337 5.870872 -1.626450 -3.055233 7.300817 4.894088 -0.915020 -16.440098 -1.813697 -78.665550 -179.369400 23.362316 52.042824 -5.845228 0.829902 -10.590262 -43.035942 15.248976 1.001681 8.004525 6.756064 77.307892 -174.689682 -14.650465 -43.985580 -18.702393 -4.969788 16.259640 -60.532078 -19.192802 7.551886 -0.798391 
-1085.688110 11.889611 1465.310059 0.000000 -73.826790 0.000000 89.689438 -2.996947 85.653130 171.152908 -2.312365 146.957214 -2.359490 2.761471 -65.476219 -8.013404 -2.857600 92.853287 0.000005 0.003102 21.482203 -165.976456 5.116607 151.991455 2.596631 -2.510526 -64.463783 4.729167 0.136273 88.872192 -0.000012 -0.003104 21.479990 0.795099 0.266113 7.836421 1.741132 0.657267 6.983521 0.410811 0.001374 5.867684 -1.808327 -2.608360 6.544974 5.136492 -1.016772 -16.683464 -0.949603 -78.883774 179.725540 22.978054 51.895100 -7.140986 0.924306 -10.787681 -43.289806 15.283277 0.619266 7.470477 5.224805 77.110916 -176.224747 -14.287477 -43.428768 -18.591141 -4.531143 16.073645 -59.313721 -20.136549 7.525647 -1.165769 
-1087.569458 11.766080 1465.738159 0.000000 -73.428596 0.000000 89.941513 -3.519535 85.750626 170.725662 -1.757235 148.842392 -2.512341 2.942993 -64.648827 -8.626057 -2.290944 93.747063 0.000005 0.003102 21.482456 -166.378220 4.901558 150.298431 3.091460 -2.516852 -64.498405 5.078088 0.352222 87.501877 -0.000012 -0.003103 21.476812 0.804151 0.158707 7.787051 1.800755 0.406646 7.130206 0.157302 -0.151158 5.890338 -1.877358 -2.867936 6.836139 5.959782 -0.766356 -17.193464 -0.069710 -79.078400 178.763168 23.579985 51.581341 -7.204818 1.282325 -11.034356 -45.175274 15.578421 -0.273806 6.908337 3.510129 76.858559 -177.936752 -14.733383 -45.010193 -17.701590 -4.195038 15.175593 -59.230350 -20.149124 7.322092 -1.359927 
-1089.380127 11.655822 1466.111328 0.000000 -73.201500 0.000000 90.156464 -4.070029 85.627220 170.295746 -1.804255 150.637390 -2.449786 3.024371 -63.785877 -9.082342 -1.955469 94.637718 0.000006 0.003103 21.481783 -166.224411 4.780032 148.825180 3.520252 -2.593267 -65.657555 5.365410 0.448194 86.704819 -0.000012 -0.003102 21.473074 0.773646 0.068110 7.715982 1.908418 0.155288 7.386634 -0.046960 -0.258544 6.062335 -2.117844 -3.006641 6.985240 6.605856 -0.525488 -17.768038 2.159106 -79.125648 176.440216 24.909760 50.418537 -6.726716 1.607364 -11.216504 -46.785252 15.692174 -1.618246 6.265819 2.212468 76.758522 -179.216904 -15.829463 -46.498928 -15.294148 -4.041531 14.131080 -59.348392 -20.547873 7.592942 -1.674520 
-1091.129150 11.552151 1466.431152 0.000000 -73.140373 0.000000 90.090919 -4.530219 85.415344 170.467133 -2.295187 149.741028 -1.735320 2.892812 -63.189404 -8.345589 -1.935108 94.928574 0.000006 0.003102 21.481405 -166.462601 5.556047 148.920593 3.495393 -2.701808 -66.387024 4.697062 0.304180 86.928970 -0.000012 -0.003102 21.473234 0.799817 0.131126 7.678681 1.897850 0.167365 7.602269 -0.035396 -0.162951 6.118692 -3.027045 -2.637544 6.122084 6.050939 -1.216798 -17.951082 3.167966 -79.265778 175.367386 24.172083 49.102528 -7.404213 1.277002 -11.317015 -45.736565 16.000191 -1.668234 5.948458 1.999331 76.660019 -179.429871 -16.263336 -45.987015 -14.309809 -3.521176 13.777684 -57.948627 -21.805122 8.326369 -1.926054 
-1092.782959 11.450224 1466.736572 0.000000 -73.058990 0.000000 89.908356 -4.445105 85.526878 171.033264 -2.829942 147.601135 -1.042459 2.774893 -62.763519 -7.061736 -2.020964 94.866760 0.000005 0.003102 21.480530 -166.793655 6.397765 149.782700 3.396310 -2.788256 -66.389816 3.922699 0.072869 87.621422 -0.000011 -0.003102 21.474678 0.828177 0.244189 7.713975 1.743924 0.292779 7.722175 0.007318 0.083592 6.112576 -3.635704 -2.103243 5.163334 5.440671 -1.671942 -17.685373 2.400333 -79.372459 176.100906 22.775465 48.118118 -8.413812 0.786493 -11.403044 -43.896523 16.364849 -1.178985 5.866407 2.113920 76.832901 -179.296127 -16.828066 -44.546513 -13.685464 -2.831026 13.996989 -55.804134 -22.789040 9.063121 -1.939866 
-1094.301147 11.332847 1467.057129 0.000000 -72.883537 0.000000 89.843094 -4.265547 85.841370 171.111877 -2.942924 146.893234 -0.592018 2.690513 -62.573654 -6.417098 -1.976423 94.881248 0.000005 0.003102 21.479568 -166.839050 6.769985 150.266434 3.418554 -2.837455 -66.425850 3.774361 -0.100050 87.721542 -0.000011 -0.003101 21.474514 0.833515 0.291214 7.747325 1.637851 0.326599 7.755854 -0.032935 0.221758 6.149659 -3.810590 -1.772098 4.753813 5.302357 -1.819802 -17.277380 2.112745 -79.509636 176.345352 22.366331 47.302242 -9.095870 0.645671 -11.450992 -43.401001 16.671946 -1.456829 5.542049 1.901584 76.988007 -179.462692 -17.141142 -44.126842 -12.893616 -2.339512 13.897582 -54.206371 -23.205288 9.522477 -1.961299 
-1095.696655 11.205647 1467.345215 0.000000 -72.695282 0.000000 89.775970 -3.962131 86.185677 170.812851 -2.915665 147.102753 -0.145101 2.617349 -62.384403 -6.098262 -1.709457 94.961830 0.000006 0.003102 21.479759 -166.966324 6.882324 150.275818 3.375438 -2.838849 -66.148834 3.925973 -0.182064 87.376228 -0.000011 -0.003101 21.473631 0.826263 0.311344 7.770929 1.544335 0.278696 7.695929 -0.081754 0.318254 6.147205 -3.664351 -1.578032 4.527812 5.139810 -1.655757 -17.089130 2.629949 -79.660286 175.756180 22.220247 46.866470 -9.567911 0.665786 -11.380769 -43.430016 16.715664 -1.797872 5.114921 2.043716 77.196609 -179.286835 -17.628494 -44.499737 -11.524580 -1.957854 13.530624 -52.993946 -23.227247 9.706508 -1.875707 
-1097.030029 11.072140 1467.557007 0.000000 -72.546021 0.000000 89.650642 -3.298843 86.637505 170.663559 -2.735213 147.576828 0.353718 2.486026 -62.199142 -5.616016 -1.489289 94.927940 0.000005 0.003102 21.480080 -167.085098 6.759079 150.562485 3.217918 -2.829037 -65.384399 4.048707 -0.280381 86.905151 -0.000011 -0.003101 21.472919 0.812759 0.326046 7.780849 1.367540 0.262803 7.509504 -0.084461 0.442371 6.103322 -3.341204 -1.414980 4.191380 4.861957 -1.418839 -16.943022 3.363555 -79.855698 174.961060 22.123322 47.055885 -10.113692 0.652989 -11.420710 -43.285652 16.507347 -1.853473 4.660923 2.569324 77.352127 -178.749084 -18.199831 -44.846420 -10.046067 -1.575081 13.212863 -51.547855 -23.180422 9.701042 -1.751634 
-1098.320679 10.929294 1467.686035 0.000000 -72.435104 0.000000 89.440567 -2.550588 86.998558 170.832336 -2.481259 147.801620 0.862909 2.310524 -62.085022 -4.980295 -1.486060 94.681534 0.000005 0.003101 21.480131 -167.166336 6.407990 151.421753 2.971184 -2.794549 -64.182014 3.851328 -0.354427 86.737755 -0.000010 -0.003101 21.472923 0.765070 0.351168 7.763262 1.128460 0.340370 7.229844 -0.018456 0.555605 6.016334 -3.100389 -1.114002 3.852714 4.784971 -1.248091 -16.693548 4.419940 -80.007385 173.855179 22.391460 47.573612 -9.984164 0.525610 -11.443442 -42.946995 16.447012 -1.772786 4.212251 3.604671 77.419312 -177.705933 -18.570395 -45.094547 -8.751815 -1.230355 13.066600 -49.851673 -23.084620 9.685012 -1.549645 
-1099.575928 10.770159 1467.765259 0.000000 -72.334366 0.000000 89.133446 -1.842836 87.149406 171.206009 -2.414593 147.676224 1.186172 2.184213 -61.702175 -4.196341 -1.606269 94.163567 0.000005 0.003101 21.480072 -167.390518 5.966337 152.329391 2.731856 -2.831639 -63.313755 3.397072 -0.485360 87.081497 -0.000010 -0.003101 21.473068 0.667079 0.381064 7.708033 0.943867 0.466810 6.956829 0.107950 0.634415 5.987047 -3.029766 -0.687796 3.586816 4.773608 -1.065684 -16.611845 5.185116 -80.116554 173.066238 22.718752 48.016495 -9.679906 0.373845 -11.491041 -42.670330 16.538401 -1.830549 3.927963 4.662109 77.557816 -176.632599 -19.023746 -44.990822 -7.353435 -1.011223 13.104630 -48.495949 -22.773283 9.924832 -1.423502 
-1100.790161 10.594931 1467.812500 0.000000 -72.211990 0.000000 88.890022 -1.425490 87.116417 171.720581 -2.565291 147.322128 1.348661 2.161613 -61.160927 -3.549009 -1.797846 93.524361 0.000004 0.003101 21.479622 -167.462921 5.598555 153.272476 2.401517 -2.928199 -62.814037 2.814860 -0.646986 87.551262 -0.000010 -0.003101 21.473600 0.579257 0.396537 7.664734 0.838232 0.579377 6.739417 0.286670 0.674397 6.005543 -3.056461 -0.320093 3.529068 4.764020 -0.928807 -16.257107 4.871286 -80.118408 173.400635 23.142256 48.230820 -9.125628 0.176018 -11.579493 -42.622364 16.644981 -1.975724 3.790512 5.729622 77.739708 -175.531723 -19.619051 -44.993584 -6.115643 -0.955527 13.265946 -47.871235 -22.437792 10.382596 -1.268810 
-1101.978760 10.411714 1467.850586 0.000000 -72.061005 0.000000 88.813629 -1.222674 86.774895 172.269119 -2.911003 146.890213 1.310509 2.237901 -60.546619 -3.098171 -1.954755 93.047997 0.000004 0.003101 21.478443 -167.480850 5.255455 154.174225 1.937747 -2.998777 -61.979511 2.368242 -0.760275 88.112694 -0.000009 -0.003101 21.474400 0.486909 0.398310 7.695447 0.756567 0.624733 6.710577 0.450062 0.636137 6.076357 -3.051966 -0.088619 3.543032 4.697229 -0.814432 -15.504749 3.167760 -80.038689 175.161957 23.665888 48.114891 -8.724787 0.028949 -11.812181 -42.990719 16.995195 -2.464722 3.648441 6.225748 77.909599 -174.967499 -19.758059 -44.913155 -5.590159 -0.983164 13.324039 -47.965229 -22.010891 11.022872 -1.005799 
-1103.155762 10.233719 1467.920166 0.000000 -71.885971 0.000000 88.925217 -1.172009 86.494797 172.736435 -3.340615 146.531326 1.250984 2.455409 -60.189980 -2.816038 -1.877449 92.611832 0.000004 0.003101 21.477177 -167.412155 4.895093 155.265747 1.433840 -3.089628 -61.324413 2.122784 -0.788246 88.642593 -0.000009 -0.003101 21.474880 0.386585 0.390629 7.790139 0.676740 0.585884 6.836602 0.604713 0.485210 6.201726 -2.872800 -0.137928 3.625224 4.620854 -0.887763 -14.385738 0.303205 -79.952209 178.092102 24.724268 47.992374 -8.020911 -0.006757 -12.314623 -43.959682 17.654039 -3.380388 3.483613 6.674562 78.224960 -174.451233 -19.478483 -44.895756 -5.895107 -1.116057 13.197705 -48.759861 -21.549585 11.669855 -0.660896 
